perfomabill_id,company_id,perfomabill_entrydate,perfomabill_duedate,perfomabill_duration,perfomabill_createdby,perfomabill_taxrate,perfomabill_totalpayable,perfomabill_confirmed,perfomabill_totaltax,perfomabill_totalamount,invoice_no
1,139,2018-01-02,2018-01-02,0,2,6.00,85.65,t,4.85,80.80,1
2,504,2018-01-02,2018-01-02,0,2,6.00,15.90,t,0.90,15.00,2
4,696,2018-01-02,2018-01-02,0,9,6.00,200.00,t,11.32,188.68,4
3,378,2018-01-02,2018-01-02,0,3,6.00,259.70,t,14.70,245.00,3
5,695,2018-01-02,2018-01-02,0,9,6.00,250.00,t,11.32,238.68,5
8,690,2018-01-02,2018-01-02,0,9,6.00,300.00,t,11.32,288.68,8
9,519,2018-01-03,2018-01-03,0,5,6.00,84.80,t,4.80,80.00,9
11,661,2018-01-03,2018-01-03,0,9,6.00,350.00,t,11.32,338.68,10
12,376,2018-01-03,2018-01-03,0,7,6.00,121.90,t,6.90,115.00,11
13,690,2018-01-03,2018-01-03,0,9,6.00,18.00,t,0.00,18.00,12
14,661,2018-01-03,2018-01-03,0,9,6.00,3.00,t,0.00,3.00,13
15,600,2018-01-03,2018-01-03,0,5,6.00,116.60,t,6.60,110.00,14
17,136,2018-01-03,2018-01-03,0,4,6.00,98.80,t,5.59,93.21,16
62,25,2018-01-08,2018-01-08,0,10,6.00,890.40,t,50.40,840.00,61
16,605,2018-01-03,2018-01-03,0,5,6.00,116.60,t,6.60,110.00,15
19,207,2018-01-04,2018-01-04,0,3,6.00,890.40,t,50.40,840.00,18
21,408,2018-01-04,2018-01-04,0,7,6.00,100.70,t,5.70,95.00,20
22,164,2018-01-04,2018-01-04,0,8,6.00,415.00,t,15.00,400.00,21
78,629,2018-01-09,2018-01-09,0,3,6.00,890.40,t,50.40,840.00,77
84,459,2018-01-10,2018-01-10,0,7,6.00,250.00,t,11.32,238.68,83
24,376,2018-01-04,2018-01-04,0,7,6.00,415.00,t,15.00,400.00,23
25,573,2018-01-04,2018-01-04,0,9,6.00,200.00,t,11.32,188.68,24
26,7,2018-01-04,2018-01-04,0,8,6.00,250.00,t,11.32,238.68,25
27,623,2018-01-04,2018-01-04,0,5,6.00,349.80,t,19.80,330.00,26
29,123,2018-01-05,2018-01-05,0,8,6.00,415.00,t,15.00,400.00,28
34,573,2018-01-05,2018-01-05,0,9,6.00,415.52,t,23.52,392.00,33
61,82,2018-01-08,2018-01-08,0,10,6.00,890.40,t,50.40,840.00,60
30,204,2018-01-05,2018-01-05,0,3,6.00,84.80,t,4.80,80.00,29
63,360,2018-01-08,2018-01-08,0,10,6.00,890.40,t,50.40,840.00,62
31,328,2018-01-05,2018-01-05,0,3,6.00,53.00,t,3.00,50.00,30
32,470,2018-01-05,2018-01-05,0,3,6.00,53.00,t,3.00,50.00,31
36,69,2018-01-05,2018-01-05,0,8,6.00,415.00,t,15.00,400.00,35
37,50,2018-01-05,2018-01-05,0,2,6.00,890.40,t,50.40,840.00,36
38,404,2018-01-05,2018-01-05,0,7,6.00,300.70,t,5.70,295.00,37
39,725,2018-01-05,2018-01-05,0,5,6.00,47.70,t,2.70,45.00,38
28,52,2018-01-04,2018-01-04,0,4,6.00,85.65,t,4.85,80.80,27
40,52,2018-01-05,2018-01-05,0,4,6.00,25.45,t,1.44,24.01,39
66,261,2018-01-08,2018-01-08,0,10,6.00,890.40,t,50.40,840.00,65
41,448,2018-01-05,2018-01-05,0,3,6.00,339.20,t,19.20,320.00,40
43,291,2018-01-05,2018-01-05,0,7,6.00,668.00,t,18.00,650.00,42
44,701,2018-01-05,2018-01-05,0,9,6.00,250.00,t,11.32,238.68,43
45,227,2018-01-06,2018-01-06,0,10,6.00,890.40,t,50.40,840.00,44
46,349,2018-01-06,2018-01-06,0,10,6.00,890.40,t,50.40,840.00,45
47,650,2018-01-06,2018-01-06,0,10,0.00,0.00,t,0.00,0.00,46
48,650,2018-01-06,2018-01-06,0,10,6.00,890.40,t,50.40,840.00,47
49,307,2018-01-06,2018-01-06,0,7,6.00,250.00,t,11.32,238.68,48
33,44,2018-01-05,2018-01-05,0,8,6.00,558.10,t,31.42,526.68,32
50,228,2018-01-06,2018-01-06,0,10,6.00,890.40,t,50.40,840.00,49
51,45,2018-01-06,2018-01-06,0,10,6.00,455.80,t,25.80,430.00,50
52,473,2018-01-06,2018-01-06,0,10,6.00,890.40,t,50.40,840.00,51
53,677,2018-01-06,2018-01-06,0,10,6.00,890.40,t,50.40,840.00,52
54,258,2018-01-06,2018-01-06,0,10,6.00,890.40,t,50.40,840.00,53
55,645,2018-01-06,2018-01-06,0,10,6.00,890.40,t,50.40,840.00,54
56,346,2018-01-06,2018-01-06,0,3,6.00,1054.70,t,59.70,995.00,55
57,590,2018-01-08,2018-01-08,0,9,6.00,415.00,t,15.00,400.00,56
58,315,2018-01-08,2018-01-08,0,7,6.00,250.00,t,11.32,238.68,57
79,654,2018-01-09,2018-01-09,0,3,6.00,890.40,t,50.40,840.00,78
35,468,2018-01-05,2018-01-05,0,7,6.00,434.10,t,16.08,418.02,34
59,515,2018-01-08,2018-01-08,0,5,6.00,116.60,t,6.60,110.00,58
67,688,2018-01-08,2018-01-08,0,9,6.00,415.00,t,15.00,400.00,66
80,660,2018-01-09,2018-01-09,0,3,6.00,890.40,t,50.40,840.00,79
69,765,2018-01-08,2018-01-08,0,3,6.00,1065.00,t,60.28,1004.72,68
71,617,2018-01-09,2018-01-09,0,9,6.00,368.46,t,20.86,347.60,70
74,702,2018-01-09,2018-01-09,0,9,6.00,96.46,t,5.46,91.00,73
75,702,2018-01-09,2018-01-09,0,5,6.00,137.80,t,7.80,130.00,74
76,350,2018-01-09,2018-01-09,0,7,6.00,250.00,t,11.32,238.68,75
85,600,2018-01-10,2018-01-10,0,5,6.00,667.80,t,37.80,630.00,84
86,449,2018-01-10,2018-01-10,0,7,6.00,250.00,t,11.32,238.68,85
77,101,2018-01-09,2018-01-09,0,10,6.00,890.40,t,50.40,840.00,76
87,671,2018-01-10,2018-01-10,0,5,6.00,84.80,t,4.80,80.00,86
23,483,2018-01-04,2018-01-04,0,3,6.00,300.80,t,17.03,283.77,22
81,380,2018-01-09,2018-01-09,0,3,6.00,890.40,t,50.40,840.00,80
82,400,2018-01-09,2018-01-09,0,10,6.00,890.40,t,50.40,840.00,81
83,699,2018-01-09,2018-01-09,0,9,6.00,415.00,t,15.00,400.00,82
88,373,2018-01-10,2018-01-10,0,7,6.00,250.00,t,11.32,238.68,87
89,436,2018-01-10,2018-01-10,0,7,6.00,613.40,t,23.40,590.00,88
72,81,2018-01-09,2018-01-09,0,4,6.00,84.80,t,4.80,80.00,71
73,84,2018-01-09,2018-01-09,0,4,6.00,84.80,t,4.80,80.00,72
90,126,2018-01-10,2018-01-10,0,4,6.00,236.38,t,13.38,223.00,89
91,720,2018-01-10,2018-01-10,0,9,6.00,12.00,t,0.00,12.00,90
92,515,2018-01-10,2018-01-10,0,9,6.00,200.00,t,11.32,188.68,91
93,367,2018-01-10,2018-01-10,0,3,6.00,265.00,t,15.00,250.00,92
94,515,2018-01-10,2018-01-10,0,5,6.00,84.80,t,4.80,80.00,93
95,771,2018-01-10,2018-01-10,0,7,6.00,156.00,t,6.00,150.00,94
96,121,2018-01-11,2018-01-11,0,8,6.00,415.00,t,15.00,400.00,95
97,662,2018-01-11,2018-01-11,0,5,6.00,116.60,t,6.60,110.00,96
98,146,2018-01-11,2018-01-11,0,8,6.00,415.00,t,15.00,400.00,97
68,468,2018-01-08,2018-01-08,0,7,6.00,1135.10,t,53.10,1082.00,67
18,755,2018-01-04,2018-01-04,0,7,6.00,3000.00,t,110.38,2889.62,17
6,751,2018-01-02,2018-01-02,0,5,6.00,3000.00,t,156.79,2843.21,6
99,515,2018-01-11,2018-01-11,0,5,6.00,95.40,t,5.40,90.00,98
100,192,2018-01-11,2018-01-11,0,8,6.00,135.68,t,7.68,128.00,99
103,671,2018-01-12,2018-01-12,0,5,6.00,284.80,t,4.80,280.00,102
104,597,2018-01-12,2018-01-12,0,5,6.00,184.80,t,4.80,180.00,103
105,192,2018-01-12,2018-01-12,0,8,6.00,135.68,t,7.68,128.00,104
60,705,2018-01-08,2018-01-08,0,9,6.00,668.00,t,18.00,650.00,59
161,188,2018-01-16,2018-01-16,0,8,6.00,415.00,t,15.00,400.00,160
106,313,2018-01-12,2018-01-12,0,7,6.00,274.60,t,15.54,259.06,105
107,82,2018-01-12,2018-01-12,0,8,6.00,135.68,t,7.68,128.00,106
108,25,2018-01-12,2018-01-12,0,8,6.00,135.68,t,7.68,128.00,107
109,126,2018-01-12,2018-01-12,0,4,6.00,4.24,t,0.24,4.00,108
112,725,2018-01-12,2018-01-12,0,9,6.00,36.04,t,2.04,34.00,111
113,693,2018-01-12,2018-01-12,0,5,6.00,601.34,t,32.34,569.00,112
114,337,2018-01-12,2018-01-12,0,3,6.00,890.40,t,50.40,840.00,113
115,337,2018-01-12,2018-01-12,0,3,6.00,890.40,t,50.40,840.00,114
116,337,2018-01-12,2018-01-12,0,3,6.00,890.40,t,50.40,840.00,115
117,479,2018-01-12,2018-01-12,0,7,6.00,116.60,t,6.60,110.00,116
118,203,2018-01-12,2018-01-12,0,8,6.00,86.71,t,4.91,81.80,117
119,426,2018-01-12,2018-01-12,0,7,6.00,415.00,t,15.00,400.00,118
121,153,2018-01-12,2018-01-12,0,4,6.00,234.79,t,13.29,221.50,120
122,292,2018-01-12,2018-01-12,0,10,6.00,890.40,t,50.40,840.00,121
123,460,2018-01-12,2018-01-12,0,10,6.00,890.40,t,50.40,840.00,122
124,34,2018-01-12,2018-01-12,0,10,6.00,890.40,t,50.40,840.00,123
126,295,2018-01-12,2018-01-12,0,10,6.00,890.40,t,50.40,840.00,125
127,327,2018-01-12,2018-01-12,0,10,6.00,890.40,t,50.40,840.00,126
120,343,2018-01-12,2018-01-12,0,3,6.00,480.50,t,25.50,455.00,119
125,454,2018-01-12,2018-01-12,0,3,6.00,480.50,t,25.50,455.00,124
1055,523,2018-04-10,2018-04-10,0,12,6.00,415.00,t,15.00,400.00,1040
129,261,2018-01-12,2018-01-12,0,7,6.00,668.00,t,18.00,650.00,128
130,110,2018-01-15,2018-01-15,0,8,6.00,434.08,t,16.08,418.00,129
131,625,2018-01-15,2018-01-15,0,9,6.00,92.22,t,5.22,87.00,130
132,522,2018-01-15,2018-01-15,0,9,6.00,31.80,t,1.80,30.00,131
133,514,2018-01-15,2018-01-15,0,9,6.00,15.90,t,0.90,15.00,132
134,519,2018-01-15,2018-01-15,0,9,6.00,15.90,t,0.90,15.00,133
135,515,2018-01-15,2018-01-15,0,9,6.00,15.90,t,0.90,15.00,134
136,516,2018-01-15,2018-01-15,0,9,6.00,15.90,t,0.90,15.00,135
137,517,2018-01-15,2018-01-15,0,9,6.00,15.90,t,0.90,15.00,136
138,518,2018-01-15,2018-01-15,0,9,6.00,15.90,t,0.90,15.00,137
139,528,2018-01-15,2018-01-15,0,9,6.00,15.90,t,0.90,15.00,138
140,524,2018-01-15,2018-01-15,0,9,6.00,15.90,t,0.90,15.00,139
141,520,2018-01-15,2018-01-15,0,9,6.00,15.90,t,0.90,15.00,140
142,527,2018-01-15,2018-01-15,0,9,6.00,15.90,t,0.90,15.00,141
143,542,2018-01-15,2018-01-15,0,9,6.00,15.90,t,0.90,15.00,142
144,602,2018-01-15,2018-01-15,0,9,6.00,15.90,t,0.90,15.00,143
145,636,2018-01-15,2018-01-15,0,9,6.00,15.90,t,0.90,15.00,144
146,521,2018-01-15,2018-01-15,0,9,6.00,15.90,t,0.90,15.00,145
147,562,2018-01-15,2018-01-15,0,9,6.00,15.90,t,0.90,15.00,146
148,687,2018-01-15,2018-01-15,0,9,6.00,15.90,t,0.90,15.00,147
149,679,2018-01-15,2018-01-15,0,9,6.00,15.90,t,0.90,15.00,148
150,573,2018-01-15,2018-01-15,0,9,6.00,15.90,t,0.90,15.00,149
151,691,2018-01-15,2018-01-15,0,9,6.00,15.90,t,0.90,15.00,150
152,378,2018-01-15,2018-01-15,0,3,6.00,259.70,t,14.70,245.00,151
153,58,2018-01-15,2018-01-15,0,8,6.00,250.00,t,11.32,238.68,152
154,515,2018-01-15,2018-01-15,0,5,6.00,190.80,t,10.80,180.00,153
177,132,2018-01-17,2018-01-17,0,3,6.00,500.00,t,28.30,471.70,176
156,131,2018-01-15,2018-01-15,0,8,6.00,415.00,t,15.00,400.00,155
157,448,2018-01-15,2018-01-15,0,6,6.00,143.10,t,8.10,135.00,156
158,515,2018-01-15,2018-01-15,0,5,6.00,137.80,t,7.80,130.00,157
159,25,2018-01-16,2018-01-16,0,8,6.00,284.80,t,4.80,280.00,158
160,123,2018-01-16,2018-01-16,0,2,6.00,178.08,t,10.08,168.00,159
162,776,2018-01-16,2018-01-16,0,9,6.00,500.00,t,25.47,474.53,161
164,100,2018-01-16,2018-01-16,0,4,6.00,106.00,t,6.00,100.00,163
165,345,2018-01-16,2018-01-16,0,3,6.00,241.00,t,13.64,227.36,164
166,497,2018-01-16,2018-01-16,0,9,6.00,10.60,t,0.60,10.00,165
167,623,2018-01-16,2018-01-16,0,9,6.00,10.60,t,0.60,10.00,166
168,565,2018-01-16,2018-01-16,0,9,6.00,10.60,t,0.60,10.00,167
169,662,2018-01-16,2018-01-16,0,9,6.00,10.60,t,0.60,10.00,168
170,402,2018-01-16,2018-01-16,0,3,6.00,95.40,t,5.40,90.00,169
171,68,2018-01-16,2018-01-16,0,4,6.00,362.18,t,9.18,353.00,170
178,728,2018-01-17,2018-01-17,0,4,6.00,91.48,t,5.18,86.30,177
179,304,2018-01-17,2018-01-17,0,10,6.00,890.40,t,50.40,840.00,178
155,346,2018-01-15,2018-01-15,0,7,6.00,544.00,t,22.30,521.70,154
172,346,2018-01-17,2018-01-17,0,6,6.00,49.82,t,2.82,47.00,171
111,391,2018-01-12,2018-01-12,0,7,6.00,434.10,t,16.08,418.02,110
173,520,2018-01-17,2018-01-17,0,9,6.00,350.00,t,11.32,338.68,172
174,309,2018-01-17,2018-01-17,0,7,6.00,90.10,t,5.10,85.00,173
175,250,2018-01-17,2018-01-17,0,10,6.00,890.40,t,50.40,840.00,174
176,245,2018-01-17,2018-01-17,0,7,6.00,217.30,t,12.30,205.00,175
180,399,2018-01-17,2018-01-17,0,10,6.00,890.40,t,50.40,840.00,179
181,339,2018-01-17,2018-01-17,0,7,6.00,84.80,t,4.80,80.00,180
184,110,2018-01-17,2018-01-17,0,10,6.00,890.40,t,50.40,840.00,182
185,695,2018-01-17,2018-01-17,0,10,6.00,890.40,t,50.40,840.00,183
186,468,2018-01-17,2018-01-17,0,10,6.00,890.40,t,50.40,840.00,184
187,598,2018-01-17,2018-01-17,0,10,6.00,890.40,t,50.40,840.00,185
188,54,2018-01-17,2018-01-17,0,10,6.00,890.40,t,50.40,840.00,186
189,533,2018-01-17,2018-01-17,0,9,6.00,250.00,t,11.32,238.68,187
190,720,2018-01-17,2018-01-17,0,9,6.00,250.00,t,11.32,238.68,188
191,106,2018-01-17,2018-01-17,0,3,6.00,890.40,t,50.40,840.00,189
192,322,2018-01-17,2018-01-17,0,3,6.00,890.40,t,50.40,840.00,190
193,355,2018-01-17,2018-01-17,0,7,6.00,84.80,t,4.80,80.00,191
194,515,2018-01-17,2018-01-17,0,9,6.00,169.60,t,9.60,160.00,192
195,39,2018-01-18,2018-01-18,0,4,6.00,130.06,t,7.36,122.70,193
163,776,2018-01-16,2018-01-16,0,9,6.00,2500.00,t,84.01,2415.99,162
110,453,2018-01-12,2018-01-12,0,7,6.00,624.00,t,24.00,600.00,109
196,126,2018-01-18,2018-01-18,0,4,6.00,125.08,t,7.08,118.00,194
197,157,2018-01-18,2018-01-18,0,8,6.00,415.00,t,15.00,400.00,195
198,453,2018-01-18,2018-01-18,0,3,6.00,123.00,t,6.96,116.04,196
199,183,2018-01-18,2018-01-18,0,8,6.00,415.00,t,15.00,400.00,197
200,53,2018-01-18,2018-01-18,0,8,6.00,190.80,t,10.80,180.00,198
201,375,2018-01-18,2018-01-18,0,3,6.00,250.00,t,11.32,238.68,199
202,90,2018-01-19,2018-01-19,0,8,6.00,250.00,t,11.32,238.68,200
203,84,2018-01-19,2018-01-19,0,8,6.00,415.00,t,15.00,400.00,201
204,763,2018-01-19,2018-01-19,0,8,6.00,250.00,t,11.32,238.68,202
206,163,2018-01-19,2018-01-19,0,4,6.00,114.48,t,6.48,108.00,204
207,591,2018-01-19,2018-01-19,0,6,6.00,63.60,t,3.60,60.00,205
208,718,2018-01-19,2018-01-19,0,3,6.00,127.20,t,7.20,120.00,206
210,366,2018-01-19,2018-01-19,0,7,6.00,171.80,t,9.72,162.08,208
212,776,2018-01-19,2018-01-19,0,5,6.00,15.90,t,0.90,15.00,210
213,104,2018-01-19,2018-01-19,0,8,6.00,415.00,t,15.00,400.00,211
214,132,2018-01-19,2018-01-19,0,8,6.00,250.00,t,11.32,238.68,212
215,591,2018-01-19,2018-01-19,0,5,6.00,106.00,t,6.00,100.00,213
216,82,2018-01-22,2018-01-22,0,8,6.00,284.80,t,4.80,280.00,214
217,290,2018-01-22,2018-01-22,0,3,6.00,169.60,t,9.60,160.00,215
218,185,2018-01-22,2018-01-22,0,8,6.00,415.00,t,15.00,400.00,216
205,738,2018-01-19,2018-01-19,0,4,6.00,342.38,t,19.38,323.00,203
219,677,2018-01-22,2018-01-22,0,9,6.00,415.00,t,15.00,400.00,217
220,285,2018-01-22,2018-01-22,0,3,6.00,106.00,t,6.00,100.00,218
221,188,2018-01-22,2018-01-22,0,10,6.00,890.40,t,50.40,840.00,219
222,233,2018-01-22,2018-01-22,0,10,6.00,890.40,t,50.40,840.00,220
223,495,2018-01-22,2018-01-22,0,10,6.00,890.40,t,50.40,840.00,221
224,436,2018-01-22,2018-01-22,0,10,6.00,890.40,t,50.40,840.00,222
225,419,2018-01-22,2018-01-22,0,10,6.00,890.40,t,50.40,840.00,223
226,688,2018-01-22,2018-01-22,0,10,6.00,890.40,t,50.40,840.00,224
227,612,2018-01-22,2018-01-22,0,10,6.00,890.40,t,50.40,840.00,225
228,148,2018-01-22,2018-01-22,0,10,6.00,890.40,t,50.40,840.00,226
229,274,2018-01-22,2018-01-22,0,3,6.00,84.80,t,4.80,80.00,227
230,777,2018-01-22,2018-01-22,0,4,6.00,500.00,t,25.47,474.53,228
232,733,2018-01-22,2018-01-22,0,7,6.00,206.70,t,11.70,195.00,230
233,778,2018-01-23,2018-01-23,0,3,6.00,240.80,t,10.80,230.00,231
234,111,2018-01-23,2018-01-23,0,10,6.00,890.40,t,50.40,840.00,232
235,69,2018-01-23,2018-01-23,0,10,6.00,890.40,t,50.40,840.00,233
209,477,2018-01-19,2018-01-19,0,7,6.00,434.10,t,16.08,418.02,207
1056,800,2018-04-11,2018-04-11,0,5,6.00,143.10,t,8.10,135.00,1041
42,760,2018-01-05,2018-01-05,0,9,6.00,1396.02,t,79.02,1317.00,41
236,497,2018-01-23,2018-01-23,0,9,6.00,64.66,t,3.66,61.00,234
237,399,2018-01-23,2018-01-23,0,7,6.00,415.00,t,15.00,400.00,235
238,439,2018-01-23,2018-01-23,0,3,6.00,665.00,t,15.00,650.00,236
240,285,2018-01-23,2018-01-23,0,7,6.00,53.00,t,3.00,50.00,238
241,207,2018-01-23,2018-01-23,0,3,6.00,95.40,t,5.40,90.00,239
269,552,2018-01-26,2018-01-26,0,5,6.00,100.00,t,0.00,100.00,267
243,349,2018-01-23,2018-01-23,0,3,6.00,335.00,t,18.96,316.04,241
245,153,2018-01-23,2018-01-23,0,4,6.00,111.30,t,6.30,105.00,243
246,613,2018-01-23,2018-01-23,0,9,6.00,415.00,t,15.00,400.00,244
247,342,2018-01-23,2018-01-23,0,3,6.00,1134.60,t,24.60,1110.00,245
248,465,2018-01-23,2018-01-23,0,7,6.00,148.40,t,8.40,140.00,246
249,433,2018-01-23,2018-01-23,0,7,6.00,143.10,t,8.10,135.00,247
242,351,2018-01-23,2018-01-23,0,3,6.00,410.00,t,23.21,386.79,240
250,19,2018-01-24,2018-01-24,0,8,6.00,415.00,t,15.00,400.00,248
251,591,2018-01-24,2018-01-24,0,9,6.00,26.50,t,1.50,25.00,249
252,164,2018-01-24,2018-01-24,0,10,6.00,890.40,t,50.40,840.00,250
253,319,2018-01-24,2018-01-24,0,10,6.00,890.40,t,50.40,840.00,251
254,519,2018-01-24,2018-01-24,0,6,6.00,27.56,t,1.56,26.00,252
255,468,2018-01-24,2018-01-24,0,7,6.00,164.30,t,9.30,155.00,253
244,693,2018-01-23,2018-01-23,0,9,6.00,565.00,t,15.00,550.00,242
256,641,2018-01-24,2018-01-24,0,5,6.00,249.42,t,12.42,237.00,254
257,172,2018-01-24,2018-01-24,0,6,6.00,73.14,t,4.14,69.00,255
258,228,2018-01-24,2018-01-24,0,3,6.00,156.00,t,6.00,150.00,256
259,632,2018-01-25,2018-01-25,0,9,6.00,126.14,t,7.14,119.00,257
261,203,2018-01-25,2018-01-25,0,10,6.00,890.40,t,50.40,840.00,259
263,723,2018-01-25,2018-01-25,0,9,6.00,3.00,t,0.00,3.00,261
264,199,2018-01-25,2018-01-25,0,4,6.00,137.80,t,7.80,130.00,262
265,705,2018-01-25,2018-01-25,0,5,6.00,465.34,t,26.34,439.00,263
266,750,2018-01-25,2018-01-25,0,8,6.00,707.00,t,27.00,680.00,264
267,779,2018-01-26,2018-01-26,0,8,6.00,250.00,t,11.32,238.68,265
268,197,2018-01-26,2018-01-26,0,8,6.00,116.60,t,6.60,110.00,266
270,643,2018-01-29,2018-01-29,0,9,6.00,377.20,t,18.52,358.68,268
272,643,2018-01-29,2018-01-29,0,9,6.00,540.80,t,22.12,518.68,270
271,600,2018-01-29,2018-01-29,0,5,6.00,258.64,t,14.64,244.00,269
273,289,2018-01-29,2018-01-29,0,10,6.00,890.40,t,50.40,840.00,271
274,683,2018-01-29,2018-01-29,0,10,6.00,890.40,t,50.40,840.00,272
275,291,2018-01-29,2018-01-29,0,10,6.00,890.40,t,50.40,840.00,273
276,146,2018-01-29,2018-01-29,0,10,6.00,890.40,t,50.40,840.00,274
277,391,2018-01-29,2018-01-29,0,10,6.00,890.40,t,50.40,840.00,275
278,459,2018-01-29,2018-01-29,0,10,6.00,890.40,t,50.40,840.00,276
279,606,2018-01-29,2018-01-29,0,5,6.00,116.60,t,6.60,110.00,277
280,600,2018-01-29,2018-01-29,0,6,6.00,101.76,t,5.76,96.00,278
281,671,2018-01-29,2018-01-29,0,9,6.00,350.00,t,11.32,338.68,279
282,45,2018-01-30,2018-01-30,0,8,6.00,84.80,t,4.80,80.00,280
283,780,2018-01-30,2018-01-30,0,7,6.00,3106.00,t,116.38,2989.62,281
284,623,2018-01-30,2018-01-30,0,9,6.00,250.00,t,11.32,238.68,282
285,497,2018-01-30,2018-01-30,0,9,6.00,30.00,t,0.00,30.00,283
286,39,2018-01-30,2018-01-30,0,8,6.00,50.00,t,0.00,50.00,284
287,657,2018-01-30,2018-01-30,0,9,6.00,137.80,t,7.80,130.00,285
289,108,2018-01-30,2018-01-30,0,8,6.00,84.80,t,4.80,80.00,286
290,415,2018-01-30,2018-01-30,0,3,6.00,95.40,t,5.40,90.00,287
291,285,2018-02-02,2018-02-02,0,3,6.00,250.00,t,11.32,238.68,288
292,398,2018-02-02,2018-02-02,0,7,6.00,71.10,t,4.02,67.08,289
293,468,2018-02-02,2018-02-02,0,7,6.00,189.40,t,10.72,178.68,290
294,295,2018-02-02,2018-02-02,0,7,6.00,100.00,t,0.00,100.00,291
295,325,2018-02-02,2018-02-02,0,3,6.00,345.40,t,16.72,328.68,292
300,55,2018-02-02,2018-02-02,0,6,6.00,46.64,t,2.64,44.00,297
297,275,2018-02-02,2018-02-02,0,7,6.00,100.70,t,5.70,95.00,294
296,553,2018-02-02,2018-02-02,0,9,6.00,415.00,t,15.00,400.00,293
298,475,2018-02-02,2018-02-02,0,7,6.00,84.80,t,4.80,80.00,295
299,333,2018-02-02,2018-02-02,0,3,6.00,68.90,t,3.90,65.00,296
301,172,2018-02-02,2018-02-02,0,6,6.00,21.20,t,1.20,20.00,298
302,515,2018-02-02,2018-02-02,0,2,6.00,146.28,t,8.28,138.00,299
262,460,2018-01-25,2018-01-25,0,7,6.00,663.40,t,23.40,640.00,260
239,610,2018-01-23,2018-01-23,0,9,6.00,121.90,t,6.90,115.00,237
303,656,2018-02-02,2018-02-02,0,10,6.00,890.40,t,50.40,840.00,300
304,12,2018-02-02,2018-02-02,0,10,6.00,890.40,t,50.40,840.00,301
305,706,2018-02-02,2018-02-02,0,10,6.00,890.40,t,50.40,840.00,302
307,590,2018-02-02,2018-02-02,0,10,6.00,890.40,t,50.40,840.00,304
308,539,2018-02-02,2018-02-02,0,10,6.00,890.40,t,50.40,840.00,305
309,383,2018-02-02,2018-02-02,0,10,6.00,890.40,t,50.40,840.00,306
310,742,2018-02-02,2018-02-02,0,7,6.00,190.80,t,10.80,180.00,307
311,207,2018-02-02,2018-02-02,0,3,6.00,68.90,t,3.90,65.00,308
312,434,2018-02-02,2018-02-02,0,3,6.00,107.10,t,6.06,101.04,309
313,114,2018-02-03,2018-02-03,0,6,6.00,29.68,t,1.68,28.00,310
314,77,2018-02-03,2018-02-03,0,4,6.00,84.80,t,4.80,80.00,311
315,782,2018-02-03,2018-02-03,0,2,6.00,404.28,t,22.88,381.40,312
1057,820,2018-04-11,2018-04-11,0,7,6.00,3000.00,t,110.38,2889.62,1042
317,3,2018-02-03,2018-02-03,0,4,6.00,200.00,t,0.00,200.00,314
318,422,2018-02-03,2018-02-03,0,7,6.00,153.70,t,8.70,145.00,315
1066,591,2018-04-12,2018-04-12,0,5,6.00,143.10,t,8.10,135.00,1051
316,307,2018-02-03,2018-02-03,0,3,6.00,526.00,t,29.77,496.23,313
319,447,2018-02-03,2018-02-03,0,3,6.00,314.00,t,17.77,296.23,316
320,657,2018-02-03,2018-02-03,0,2,6.00,104.94,t,5.94,99.00,317
321,781,2018-02-03,2018-02-03,0,7,6.00,242.40,t,13.72,228.68,318
322,514,2018-02-03,2018-02-03,0,9,6.00,415.00,t,15.00,400.00,319
323,199,2018-02-05,2018-02-05,0,8,6.00,116.60,t,6.60,110.00,320
324,169,2018-02-05,2018-02-05,0,8,6.00,415.00,t,15.00,400.00,321
325,312,2018-02-05,2018-02-05,0,7,6.00,250.00,t,11.32,238.68,322
326,600,2018-02-05,2018-02-05,0,6,6.00,101.76,t,5.76,96.00,323
373,357,2018-02-07,2018-02-07,0,3,6.00,1762.00,t,68.60,1693.40,363
329,735,2018-02-05,2018-02-05,0,9,6.00,404.28,t,22.88,381.40,326
330,751,2018-02-05,2018-02-05,0,3,6.00,344.50,t,19.50,325.00,327
331,784,2018-02-05,2018-02-05,0,7,6.00,242.40,t,13.72,228.68,328
332,738,2018-02-06,2018-02-06,0,4,6.00,135.79,t,7.69,128.10,329
333,622,2018-02-06,2018-02-06,0,12,6.00,250.00,t,11.32,238.68,330
380,641,2018-02-08,2018-02-08,0,9,6.00,200.00,t,0.00,200.00,370
231,777,2018-01-22,2018-01-22,0,4,6.00,2568.90,t,88.81,2480.09,229
334,561,2018-02-06,2018-02-06,0,9,6.00,150.00,t,0.00,150.00,331
336,265,2018-02-06,2018-02-06,0,3,6.00,95.40,t,5.40,90.00,333
337,286,2018-02-06,2018-02-06,0,11,6.00,250.00,t,11.32,238.68,334
338,284,2018-02-06,2018-02-06,0,3,6.00,45.60,t,2.58,43.02,335
339,698,2018-02-06,2018-02-06,0,6,6.00,64.66,t,3.66,61.00,336
340,137,2018-02-06,2018-02-06,0,2,6.00,172.78,t,9.78,163.00,337
342,35,2018-02-06,2018-02-06,0,8,6.00,50.00,t,0.00,50.00,339
343,552,2018-02-06,2018-02-06,0,5,6.00,127.20,t,7.20,120.00,340
344,717,2018-02-06,2018-02-06,0,7,6.00,34.00,t,1.92,32.08,341
346,524,2018-02-06,2018-02-06,0,9,6.00,415.00,t,15.00,400.00,343
347,581,2018-02-06,2018-02-06,0,12,6.00,250.00,t,11.32,238.68,344
352,422,2018-02-07,2018-02-07,0,11,6.00,250.00,t,11.32,238.68,349
354,534,2018-02-07,2018-02-07,0,12,6.00,250.00,t,11.32,238.68,351
355,497,2018-02-07,2018-02-07,0,9,6.00,30.00,t,0.00,30.00,352
353,290,2018-02-07,2018-02-07,0,3,6.00,333.90,t,18.90,315.00,350
356,458,2018-02-07,2018-02-07,0,11,6.00,250.00,t,11.32,238.68,353
357,393,2018-02-07,2018-02-07,0,7,6.00,348.40,t,19.72,328.68,354
358,705,2018-02-07,2018-02-07,0,10,6.00,890.40,t,50.40,840.00,355
359,14,2018-02-07,2018-02-07,0,10,6.00,890.40,t,50.40,840.00,356
360,185,2018-02-07,2018-02-07,0,10,6.00,890.40,t,50.40,840.00,357
361,320,2018-02-07,2018-02-07,0,10,6.00,890.40,t,50.40,840.00,358
362,84,2018-02-07,2018-02-07,0,10,6.00,890.40,t,50.40,840.00,359
327,538,2018-02-05,2018-02-05,0,9,6.00,604.20,t,34.20,570.00,324
306,641,2018-02-02,2018-02-02,0,10,6.00,222.60,t,12.60,210.00,303
371,698,2018-02-07,2018-02-07,0,5,6.00,147.34,t,8.34,139.00,361
375,586,2018-02-07,2018-02-07,0,9,6.00,415.00,t,15.00,400.00,365
376,51,2018-02-07,2018-02-07,0,8,6.00,415.00,t,15.00,400.00,366
377,153,2018-02-07,2018-02-07,0,4,6.00,111.30,t,6.30,105.00,367
378,739,2018-02-07,2018-02-07,0,4,6.00,33.92,t,1.92,32.00,368
379,539,2018-02-07,2018-02-07,0,5,6.00,121.90,t,6.90,115.00,369
381,659,2018-02-08,2018-02-08,0,5,6.00,127.20,t,7.20,120.00,371
382,777,2018-02-08,2018-02-08,0,4,6.00,118.90,t,3.90,115.00,372
383,137,2018-02-08,2018-02-08,0,2,6.00,707.30,t,27.30,680.00,373
349,682,2018-02-07,2018-02-07,0,9,6.00,668.00,t,18.00,650.00,346
384,746,2018-02-08,2018-02-08,0,7,6.00,415.00,t,15.00,400.00,374
385,51,2018-02-08,2018-02-08,0,8,6.00,1687.78,t,28.24,1659.54,375
387,399,2018-02-08,2018-02-08,0,11,6.00,313.60,t,14.92,298.68,377
386,719,2018-02-08,2018-02-08,0,3,6.00,1100.00,t,56.60,1043.40,376
388,692,2018-02-08,2018-02-08,0,9,6.00,415.00,t,15.00,400.00,378
341,68,2018-02-06,2018-02-06,0,12,6.00,300.00,t,11.32,288.68,338
389,774,2018-02-08,2018-02-08,0,11,6.00,250.00,t,11.32,238.68,379
390,128,2018-02-08,2018-02-08,0,4,6.00,334.96,t,18.96,316.00,380
391,344,2018-02-08,2018-02-08,0,11,6.00,260.60,t,11.92,248.68,381
392,594,2018-02-08,2018-02-08,0,9,6.00,415.00,t,15.00,400.00,382
395,219,2018-02-08,2018-02-08,0,7,6.00,111.30,t,6.30,105.00,385
335,317,2018-02-06,2018-02-06,0,11,6.00,292.40,t,13.72,278.68,332
396,785,2018-02-09,2018-02-09,0,7,6.00,50.00,t,0.00,50.00,386
397,565,2018-02-09,2018-02-09,0,12,6.00,415.00,t,15.00,400.00,387
398,300,2018-02-09,2018-02-09,0,7,6.00,254.00,t,14.38,239.62,388
399,515,2018-02-09,2018-02-09,0,5,6.00,84.80,t,4.80,80.00,389
394,108,2018-02-08,2018-02-08,0,4,6.00,188.68,t,10.68,178.00,384
400,519,2018-02-09,2018-02-09,0,5,6.00,84.80,t,4.80,80.00,390
401,558,2018-02-09,2018-02-09,0,5,6.00,84.80,t,4.80,80.00,391
402,572,2018-02-09,2018-02-09,0,12,6.00,415.00,t,15.00,400.00,392
403,660,2018-02-09,2018-02-09,0,5,6.00,243.80,t,13.80,230.00,393
404,786,2018-02-09,2018-02-09,0,3,6.00,3000.00,t,110.38,2889.62,394
405,507,2018-02-09,2018-02-09,0,12,6.00,415.00,t,15.00,400.00,395
406,661,2018-02-09,2018-02-09,0,5,6.00,200.00,t,0.00,200.00,396
345,198,2018-02-06,2018-02-06,0,4,6.00,419.76,t,23.76,396.00,342
393,814,2018-03-28,2018-03-28,0,7,6.00,132.50,t,7.50,125.00,383
128,705,2018-01-12,2018-01-12,0,5,6.00,253.34,t,14.34,239.00,127
410,337,2018-02-12,2018-02-12,0,7,6.00,1119.20,t,49.20,1070.00,400
408,678,2018-02-09,2018-02-09,0,12,6.00,436.20,t,16.20,420.00,398
411,728,2018-02-12,2018-02-12,0,4,6.00,103.24,t,5.84,97.40,401
412,268,2018-02-12,2018-02-12,0,3,6.00,270.30,t,15.30,255.00,402
413,712,2018-02-12,2018-02-12,0,11,6.00,415.00,t,15.00,400.00,403
407,331,2018-02-09,2018-02-09,0,11,6.00,415.00,t,15.00,400.00,397
414,600,2018-02-12,2018-02-12,0,5,6.00,104.94,t,5.94,99.00,404
415,683,2018-02-12,2018-02-12,0,12,6.00,415.00,t,15.00,400.00,405
1058,817,2018-04-11,2018-04-11,0,9,6.00,137.80,t,7.80,130.00,1043
417,184,2018-02-12,2018-02-12,0,8,6.00,81.62,t,4.62,77.00,406
418,330,2018-02-12,2018-02-12,0,3,6.00,850.00,t,45.28,804.72,407
419,315,2018-02-12,2018-02-12,0,3,6.00,84.80,t,4.80,80.00,408
420,499,2018-02-13,2018-02-13,0,11,6.00,415.00,t,15.00,400.00,409
421,38,2018-02-13,2018-02-13,0,4,6.00,452.60,t,23.92,428.68,410
422,787,2018-02-13,2018-02-13,0,4,6.00,500.00,t,25.47,474.53,411
423,54,2018-02-13,2018-02-13,0,4,6.00,214.12,t,12.12,202.00,412
424,547,2018-02-13,2018-02-13,0,9,6.00,250.00,t,11.32,238.68,413
425,599,2018-02-13,2018-02-13,0,9,6.00,356.00,t,17.32,338.68,414
426,422,2018-02-13,2018-02-13,0,3,6.00,25.10,t,1.08,24.02,415
1067,43,2018-04-12,2018-04-12,0,8,6.00,352.45,t,19.95,332.50,1052
429,733,2018-02-13,2018-02-13,0,7,6.00,121.90,t,6.90,115.00,418
428,402,2018-02-13,2018-02-13,0,11,6.00,446.80,t,16.80,430.00,417
430,414,2018-02-13,2018-02-13,0,11,6.00,415.00,t,15.00,400.00,419
431,155,2018-02-13,2018-02-13,0,12,6.00,415.00,t,15.00,400.00,420
432,308,2018-02-13,2018-02-13,0,11,6.00,436.20,t,16.20,420.00,421
433,188,2018-02-13,2018-02-13,0,8,6.00,58.30,t,3.30,55.00,422
434,726,2018-02-14,2018-02-14,0,4,6.00,241.68,t,13.68,228.00,423
1075,245,2018-04-12,2018-04-12,0,11,6.00,710.70,t,35.70,675.00,1060
480,401,2018-02-20,2018-02-20,0,11,6.00,415.00,t,15.00,400.00,468
409,38,2018-02-12,2018-02-12,0,12,6.00,457.40,t,17.40,440.00,399
437,422,2018-02-14,2018-02-14,0,7,6.00,249.10,t,14.10,235.00,425
427,601,2018-02-13,2018-02-13,0,9,6.00,334.80,t,16.12,318.68,416
438,382,2018-02-14,2018-02-14,0,11,6.00,250.00,t,11.32,238.68,426
439,788,2018-02-14,2018-02-14,0,4,6.00,500.00,t,25.47,474.53,427
440,188,2018-02-14,2018-02-14,0,4,6.00,102.82,t,5.82,97.00,428
443,448,2018-02-14,2018-02-14,0,11,6.00,260.60,t,11.92,248.68,431
444,448,2018-02-14,2018-02-14,0,11,6.00,425.60,t,15.60,410.00,432
445,539,2018-02-14,2018-02-14,0,9,6.00,250.00,t,11.32,238.68,433
446,722,2018-02-14,2018-02-14,0,5,6.00,127.20,t,7.20,120.00,434
447,165,2018-02-14,2018-02-14,0,12,6.00,415.00,t,15.00,400.00,435
448,331,2018-02-14,2018-02-14,0,2,6.00,890.40,t,50.40,840.00,436
436,679,2018-02-14,2018-02-14,0,9,6.00,612.00,t,23.32,588.68,424
449,279,2018-02-14,2018-02-14,0,10,6.00,890.40,t,50.40,840.00,437
450,556,2018-02-14,2018-02-14,0,10,6.00,890.40,t,50.40,840.00,438
451,682,2018-02-14,2018-02-14,0,10,6.00,890.40,t,50.40,840.00,439
453,369,2018-02-14,2018-02-14,0,2,6.00,890.40,t,50.40,840.00,441
454,718,2018-02-14,2018-02-14,0,7,6.00,127.20,t,7.20,120.00,442
455,763,2018-02-15,2018-02-15,0,2,6.00,890.40,t,50.40,840.00,443
456,540,2018-02-15,2018-02-15,0,2,6.00,890.40,t,50.40,840.00,444
457,579,2018-02-15,2018-02-15,0,2,6.00,890.40,t,50.40,840.00,445
458,644,2018-02-15,2018-02-15,0,2,6.00,890.40,t,50.40,840.00,446
459,268,2018-02-15,2018-02-15,0,2,6.00,890.40,t,50.40,840.00,447
481,150,2018-02-20,2018-02-20,0,4,6.00,324.04,t,18.34,305.70,469
461,150,2018-02-15,2018-02-15,0,4,6.00,204.58,t,11.58,193.00,449
462,108,2018-02-19,2018-02-19,0,4,6.00,50.56,t,2.86,47.70,450
463,113,2018-02-19,2018-02-19,0,4,6.00,138.54,t,7.84,130.70,451
467,589,2018-02-19,2018-02-19,0,9,6.00,415.00,t,15.00,400.00,455
468,617,2018-02-19,2018-02-19,0,9,6.00,75.26,t,4.26,71.00,456
469,209,2018-02-20,2018-02-20,0,2,6.00,890.40,t,50.40,840.00,457
470,577,2018-02-20,2018-02-20,0,2,6.00,890.40,t,50.40,840.00,458
471,402,2018-02-20,2018-02-20,0,2,6.00,890.40,t,50.40,840.00,459
472,417,2018-02-20,2018-02-20,0,2,6.00,890.40,t,50.40,840.00,460
473,639,2018-02-20,2018-02-20,0,2,6.00,890.40,t,50.40,840.00,461
474,692,2018-02-20,2018-02-20,0,2,6.00,890.40,t,50.40,840.00,462
475,594,2018-02-20,2018-02-20,0,2,6.00,890.40,t,50.40,840.00,463
476,177,2018-02-20,2018-02-20,0,2,6.00,890.40,t,50.40,840.00,464
477,565,2018-02-20,2018-02-20,0,2,6.00,890.40,t,50.40,840.00,465
478,169,2018-02-20,2018-02-20,0,2,6.00,890.40,t,50.40,840.00,466
482,540,2018-02-20,2018-02-20,0,9,6.00,415.00,t,15.00,400.00,470
348,198,2018-02-07,2018-02-07,0,4,6.00,340.26,t,19.26,321.00,345
484,687,2018-02-20,2018-02-20,0,5,6.00,421.88,t,23.88,398.00,472
487,524,2018-02-20,2018-02-20,0,5,6.00,421.88,t,23.88,398.00,475
465,272,2018-02-19,2018-02-19,0,11,6.00,478.60,t,18.60,460.00,453
483,39,2018-02-20,2018-02-20,0,12,6.00,436.20,t,16.20,420.00,471
488,217,2018-02-21,2018-02-21,0,7,6.00,50.00,t,0.00,50.00,476
486,306,2018-02-20,2018-02-20,0,7,6.00,1121.50,t,63.48,1058.02,474
490,600,2018-02-21,2018-02-21,0,9,6.00,377.20,t,18.52,358.68,478
466,456,2018-02-19,2018-02-19,0,11,6.00,475.60,t,15.60,460.00,454
491,251,2018-02-21,2018-02-21,0,11,6.00,655.80,t,25.80,630.00,479
489,789,2018-02-21,2018-02-21,0,4,6.00,294.68,t,16.68,278.00,477
492,198,2018-02-21,2018-02-21,0,4,6.00,84.80,t,4.80,80.00,480
493,529,2018-02-21,2018-02-21,0,9,6.00,250.00,t,11.32,238.68,481
494,573,2018-02-21,2018-02-21,0,5,6.00,262.88,t,14.88,248.00,482
495,353,2018-02-21,2018-02-21,0,7,6.00,146.30,t,8.28,138.02,483
496,437,2018-02-21,2018-02-21,0,7,6.00,50.90,t,2.88,48.02,484
497,498,2018-02-21,2018-02-21,0,6,6.00,101.76,t,5.76,96.00,485
498,789,2018-02-21,2018-02-21,0,4,6.00,147.98,t,8.38,139.60,486
500,498,2018-02-22,2018-02-22,0,5,6.00,253.34,t,14.34,239.00,488
501,789,2018-02-22,2018-02-22,0,4,6.00,194.62,t,11.02,183.60,489
502,53,2018-02-22,2018-02-22,0,4,6.00,84.80,t,4.80,80.00,490
479,167,2018-02-20,2018-02-20,0,12,6.00,436.20,t,16.20,420.00,467
485,419,2018-02-20,2018-02-20,0,11,6.00,436.20,t,16.20,420.00,473
452,111,2018-02-14,2018-02-14,0,4,6.00,153.70,t,8.70,145.00,440
460,779,2018-02-15,2018-02-15,0,12,6.00,486.20,t,16.20,470.00,448
503,209,2018-02-22,2018-02-22,0,11,6.00,415.00,t,15.00,400.00,491
1059,617,2018-04-11,2018-04-11,0,2,6.00,890.40,t,50.40,840.00,1044
505,64,2018-02-22,2018-02-22,0,8,6.00,169.60,t,9.60,160.00,493
506,739,2018-02-22,2018-02-22,0,8,6.00,1642.48,t,84.48,1558.00,494
507,748,2018-02-22,2018-02-22,0,11,6.00,415.00,t,15.00,400.00,495
508,788,2018-02-23,2018-02-23,0,4,6.00,2500.00,t,84.91,2415.09,496
509,657,2018-02-23,2018-02-23,0,5,6.00,210.94,t,11.94,199.00,497
510,295,2018-02-23,2018-02-23,0,3,6.00,106.00,t,6.00,100.00,498
511,408,2018-02-23,2018-02-23,0,11,6.00,415.00,t,15.00,400.00,499
512,107,2018-02-23,2018-02-23,0,12,6.00,415.00,t,15.00,400.00,500
513,572,2018-02-23,2018-02-23,0,2,6.00,890.40,t,50.40,840.00,501
514,131,2018-02-23,2018-02-23,0,2,6.00,890.40,t,50.40,840.00,502
515,104,2018-02-23,2018-02-23,0,2,6.00,890.40,t,50.40,840.00,503
1068,625,2018-04-12,2018-04-12,0,12,6.00,108.12,t,6.12,102.00,1053
1076,548,2018-04-13,2018-04-13,0,9,6.00,415.00,t,15.00,400.00,1061
516,600,2018-02-23,2018-02-23,0,5,6.00,389.34,t,20.34,369.00,504
517,529,2018-02-23,2018-02-23,0,5,6.00,273.80,t,13.80,260.00,505
518,764,2018-02-23,2018-02-23,0,5,6.00,359.34,t,20.34,339.00,506
519,414,2018-02-26,2018-02-26,0,2,6.00,890.40,t,50.40,840.00,507
520,162,2018-02-26,2018-02-26,0,2,6.00,890.40,t,50.40,840.00,508
1082,415,2018-04-13,2018-04-13,0,3,6.00,143.10,t,8.10,135.00,1067
521,19,2018-02-26,2018-02-26,0,2,6.00,890.40,t,50.40,840.00,509
442,377,2018-05-08,2018-05-08,0,11,6.00,500.00,t,28.30,471.70,430
525,117,2018-02-26,2018-02-26,0,12,6.00,415.00,t,15.00,400.00,513
526,440,2018-02-26,2018-02-26,0,11,6.00,415.00,t,15.00,400.00,514
527,792,2018-02-26,2018-02-26,0,5,6.00,500.00,t,25.47,474.53,515
562,665,2018-03-02,2018-03-02,0,5,6.00,190.80,t,10.80,180.00,550
563,538,2018-03-02,2018-03-02,0,5,6.00,95.40,t,5.40,90.00,551
528,792,2018-02-26,2018-02-26,0,5,6.00,2500.00,t,84.91,2415.09,516
529,396,2018-02-26,2018-02-26,0,11,6.00,250.00,t,11.32,238.68,517
530,290,2018-02-26,2018-02-26,0,3,6.00,804.20,t,34.20,770.00,518
531,754,2018-02-27,2018-02-27,0,9,6.00,26.50,t,1.50,25.00,519
532,727,2018-02-27,2018-02-27,0,11,6.00,415.00,t,15.00,400.00,520
533,789,2018-02-27,2018-02-27,0,4,6.00,163.66,t,9.26,154.40,521
534,552,2018-02-27,2018-02-27,0,6,6.00,46.64,t,2.64,44.00,522
535,793,2018-02-27,2018-02-27,0,5,6.00,2950.00,t,107.55,2842.45,523
536,459,2018-02-27,2018-02-27,0,11,6.00,415.00,t,15.00,400.00,524
537,101,2018-02-27,2018-02-27,0,4,6.00,68.90,t,3.00,65.90,525
539,726,2018-02-27,2018-02-27,0,6,6.00,36.04,t,2.04,34.00,527
540,132,2018-02-27,2018-02-27,0,4,6.00,21.20,t,1.20,20.00,528
541,648,2018-02-28,2018-02-28,0,12,6.00,28.62,t,1.62,27.00,529
542,58,2018-02-28,2018-02-28,0,8,6.00,37.10,t,2.10,35.00,530
543,250,2018-02-28,2018-02-28,0,11,6.00,634.60,t,24.60,610.00,531
544,543,2018-02-28,2018-02-28,0,11,6.00,446.80,t,16.80,430.00,532
545,8,2018-02-28,2018-02-28,0,4,6.00,84.80,t,4.80,80.00,533
546,635,2018-03-01,2018-03-01,0,5,6.00,95.40,t,5.40,90.00,534
547,794,2018-03-01,2018-03-01,0,5,6.00,50.00,t,0.00,50.00,535
548,795,2018-03-01,2018-03-01,0,7,6.00,500.00,t,25.47,474.53,536
549,795,2018-03-01,2018-03-01,0,7,6.00,2500.00,t,84.91,2415.09,537
550,662,2018-03-01,2018-03-01,0,9,6.00,415.00,t,15.00,400.00,538
551,572,2018-03-01,2018-03-01,0,5,6.00,379.80,t,19.80,360.00,539
464,482,2018-02-19,2018-02-19,0,11,6.00,624.00,t,24.00,600.00,452
552,789,2018-03-01,2018-03-01,0,4,6.00,50.00,t,0.00,50.00,540
553,49,2018-03-01,2018-03-01,0,8,6.00,853.54,t,28.33,825.21,541
441,251,2018-02-14,2018-02-14,0,11,0.00,0.00,t,0.00,0.00,429
555,665,2018-03-01,2018-03-01,0,5,6.00,580.88,t,32.88,548.00,543
556,767,2018-03-01,2018-03-01,0,9,6.00,26.50,t,1.50,25.00,544
557,727,2018-03-02,2018-03-02,0,3,6.00,890.40,t,50.40,840.00,545
558,54,2018-03-02,2018-03-02,0,4,6.00,59.57,t,3.37,56.20,546
559,727,2018-03-02,2018-03-02,0,7,6.00,97.60,t,5.52,92.08,547
554,725,2018-03-01,2018-03-01,0,9,6.00,288.32,t,16.32,272.00,542
560,198,2018-03-02,2018-03-02,0,8,6.00,94.34,t,5.34,89.00,548
561,735,2018-03-02,2018-03-02,0,9,6.00,126.14,t,7.14,119.00,549
564,549,2018-03-02,2018-03-02,0,9,6.00,415.00,t,15.00,400.00,552
565,33,2018-03-02,2018-03-02,0,4,6.00,50.00,t,0.00,50.00,553
566,718,2018-03-02,2018-03-02,0,3,6.00,170.00,t,9.62,160.38,554
567,226,2018-03-03,2018-03-03,0,3,6.00,715.00,t,37.64,677.36,555
568,797,2018-03-03,2018-03-03,0,9,6.00,500.00,t,25.47,474.53,556
577,147,2018-03-05,2018-03-05,0,4,6.00,94.34,t,5.34,89.00,565
570,516,2018-03-03,2018-03-03,0,9,6.00,415.00,t,15.00,400.00,558
571,611,2018-03-03,2018-03-03,0,9,6.00,415.00,t,15.00,400.00,559
572,153,2018-03-03,2018-03-03,0,4,6.00,153.06,t,8.66,144.40,560
569,797,2018-03-03,2018-03-03,0,9,6.00,2500.00,t,84.91,2415.09,557
573,497,2018-03-05,2018-03-05,0,9,6.00,415.00,t,15.00,400.00,561
575,318,2018-03-05,2018-03-05,0,3,6.00,412.00,t,12.00,400.00,563
578,193,2018-03-05,2018-03-05,0,4,6.00,94.34,t,5.34,89.00,566
579,172,2018-03-05,2018-03-05,0,4,6.00,94.34,t,5.34,89.00,567
580,344,2018-03-05,2018-03-05,0,7,6.00,106.00,t,6.00,100.00,568
581,625,2018-03-05,2018-03-05,0,9,6.00,51.94,t,2.94,49.00,569
582,367,2018-03-05,2018-03-05,0,6,6.00,36.04,t,2.04,34.00,570
583,608,2018-03-05,2018-03-05,0,9,6.00,200.00,t,11.32,188.68,571
584,376,2018-03-05,2018-03-05,0,6,6.00,10.60,t,0.60,10.00,572
586,688,2018-03-06,2018-03-06,0,9,6.00,50.00,t,0.00,50.00,574
587,742,2018-03-06,2018-03-06,0,7,6.00,415.00,t,15.00,400.00,575
576,519,2018-03-05,2018-03-05,0,9,6.00,468.00,t,18.00,450.00,564
588,430,2018-03-06,2018-03-06,0,3,6.00,363.40,t,18.87,344.53,576
589,591,2018-03-06,2018-03-06,0,6,6.00,226.84,t,12.84,214.00,577
538,427,2018-02-27,2018-02-27,0,7,6.00,638.40,t,32.40,606.00,526
574,657,2018-03-05,2018-03-05,0,9,6.00,637.60,t,27.60,610.00,562
504,540,2018-02-22,2018-02-22,0,5,6.00,273.80,t,13.80,260.00,492
522,806,2018-03-28,2018-03-28,0,11,6.00,359.00,t,9.00,350.00,510
523,364,2018-02-26,2018-02-26,0,7,6.00,1276.50,t,61.50,1215.00,511
590,725,2018-03-06,2018-03-06,0,9,6.00,292.56,t,16.56,276.00,578
591,738,2018-03-06,2018-03-06,0,4,6.00,103.88,t,5.88,98.00,579
592,475,2018-03-06,2018-03-06,0,7,6.00,250.00,t,11.32,238.68,580
593,221,2018-03-06,2018-03-06,0,3,6.00,1012.80,t,52.80,960.00,581
595,787,2018-03-07,2018-03-07,0,4,6.00,2500.00,t,84.91,2415.09,583
596,800,2018-03-07,2018-03-07,0,5,6.00,1683.28,t,95.28,1588.00,584
597,606,2018-03-07,2018-03-07,0,9,6.00,116.60,t,6.60,110.00,585
598,447,2018-03-07,2018-03-07,0,3,6.00,392.20,t,22.20,370.00,586
599,64,2018-03-07,2018-03-07,0,8,6.00,50.88,t,2.88,48.00,587
600,263,2018-03-07,2018-03-07,0,3,6.00,339.20,t,19.20,320.00,588
601,767,2018-03-07,2018-03-07,0,5,6.00,169.60,t,9.60,160.00,589
602,197,2018-03-07,2018-03-07,0,4,6.00,44.41,t,2.51,41.90,590
603,314,2018-03-07,2018-03-07,0,3,6.00,500.00,t,28.30,471.70,591
604,740,2018-03-07,2018-03-07,0,8,6.00,1267.76,t,71.76,1196.00,592
605,214,2018-03-07,2018-03-07,0,3,6.00,598.00,t,29.32,568.68,593
606,801,2018-03-08,2018-03-08,0,7,6.00,500.00,t,25.47,474.53,594
607,621,2018-03-08,2018-03-08,0,9,6.00,415.00,t,15.00,400.00,595
1060,604,2018-04-11,2018-04-11,0,5,6.00,68.90,t,3.90,65.00,1045
609,543,2018-03-08,2018-03-08,0,3,6.00,137.80,t,7.80,130.00,597
608,801,2018-03-08,2018-03-08,0,7,6.00,3030.00,t,114.91,2915.09,596
1069,593,2018-04-12,2018-04-12,0,9,6.00,415.00,t,15.00,400.00,1054
1077,742,2018-04-13,2018-04-13,0,7,6.00,159.00,t,9.00,150.00,1062
610,711,2018-03-08,2018-03-08,0,9,6.00,250.00,t,11.32,238.68,598
648,524,2018-03-12,2018-03-12,0,10,6.00,890.40,t,50.40,840.00,636
649,523,2018-03-12,2018-03-12,0,10,6.00,890.40,t,50.40,840.00,637
611,760,2018-03-08,2018-03-08,0,5,6.00,450.00,t,8.49,441.51,599
612,76,2018-03-08,2018-03-08,0,2,6.00,164.30,t,9.30,155.00,600
1083,114,2018-04-13,2018-04-13,0,8,6.00,138.54,t,7.84,130.70,1068
613,307,2018-03-08,2018-03-08,0,7,6.00,292.90,t,14.88,278.02,601
614,617,2018-03-08,2018-03-08,0,9,6.00,169.60,t,9.60,160.00,602
616,215,2018-03-08,2018-03-08,0,3,6.00,390.40,t,20.40,370.00,604
617,188,2018-03-08,2018-03-08,0,4,6.00,292.56,t,16.56,276.00,605
619,188,2018-03-08,2018-03-08,0,4,6.00,586.18,t,33.18,553.00,607
620,189,2018-03-08,2018-03-08,0,4,6.00,180.20,t,10.20,170.00,608
621,219,2018-03-08,2018-03-08,0,3,6.00,693.40,t,34.72,658.68,609
622,703,2018-03-09,2018-03-09,0,9,6.00,415.00,t,15.00,400.00,610
623,624,2018-03-09,2018-03-09,0,9,6.00,415.00,t,15.00,400.00,611
625,276,2018-03-09,2018-03-09,0,7,6.00,50.00,t,0.00,50.00,613
626,124,2018-03-09,2018-03-09,0,8,6.00,84.80,t,4.80,80.00,614
628,535,2018-03-09,2018-03-09,0,6,6.00,110.24,t,6.24,104.00,616
630,130,2018-03-09,2018-03-09,0,2,6.00,890.40,t,50.40,840.00,618
631,592,2018-03-09,2018-03-09,0,2,6.00,890.40,t,50.40,840.00,619
632,541,2018-03-09,2018-03-09,0,2,6.00,890.40,t,50.40,840.00,620
633,573,2018-03-09,2018-03-09,0,2,6.00,890.40,t,50.40,840.00,621
634,303,2018-03-09,2018-03-09,0,2,6.00,890.40,t,50.40,840.00,622
635,656,2018-03-09,2018-03-09,0,9,6.00,39.22,t,2.22,37.00,623
636,376,2018-03-09,2018-03-09,0,6,6.00,44.52,t,2.52,42.00,624
637,265,2018-03-09,2018-03-09,0,2,6.00,890.40,t,50.40,840.00,625
638,788,2018-03-09,2018-03-09,0,2,6.00,890.40,t,50.40,840.00,626
639,128,2018-03-09,2018-03-09,0,8,6.00,137.80,t,7.80,130.00,627
640,257,2018-03-09,2018-03-09,0,10,6.00,890.40,t,50.40,840.00,628
641,586,2018-03-09,2018-03-09,0,10,6.00,890.40,t,50.40,840.00,629
642,662,2018-03-09,2018-03-09,0,10,6.00,890.40,t,50.40,840.00,630
644,152,2018-03-12,2018-03-12,0,10,6.00,890.40,t,50.40,840.00,632
645,515,2018-03-12,2018-03-12,0,10,6.00,890.40,t,50.40,840.00,633
646,792,2018-03-12,2018-03-12,0,9,6.00,84.80,t,4.80,80.00,634
647,525,2018-03-12,2018-03-12,0,10,6.00,890.40,t,50.40,840.00,635
650,520,2018-03-12,2018-03-12,0,10,6.00,890.40,t,50.40,840.00,638
651,522,2018-03-12,2018-03-12,0,10,6.00,890.40,t,50.40,840.00,639
652,123,2018-03-12,2018-03-12,0,10,6.00,890.40,t,50.40,840.00,640
653,135,2018-03-12,2018-03-12,0,10,6.00,890.40,t,50.40,840.00,641
654,668,2018-03-12,2018-03-12,0,10,6.00,890.40,t,50.40,840.00,642
655,709,2018-03-12,2018-03-12,0,10,6.00,890.40,t,50.40,840.00,643
656,126,2018-03-12,2018-03-12,0,4,6.00,156.88,t,8.88,148.00,644
657,514,2018-03-12,2018-03-12,0,10,6.00,890.40,t,50.40,840.00,645
658,517,2018-03-12,2018-03-12,0,10,6.00,890.40,t,50.40,840.00,646
659,516,2018-03-12,2018-03-12,0,10,6.00,890.40,t,50.40,840.00,647
660,519,2018-03-12,2018-03-12,0,10,6.00,890.40,t,50.40,840.00,648
661,636,2018-03-12,2018-03-12,0,10,6.00,890.40,t,50.40,840.00,649
662,687,2018-03-12,2018-03-12,0,10,6.00,890.40,t,50.40,840.00,650
663,562,2018-03-12,2018-03-12,0,10,6.00,890.40,t,50.40,840.00,651
664,527,2018-03-12,2018-03-12,0,10,6.00,890.40,t,50.40,840.00,652
667,633,2018-03-12,2018-03-12,0,9,6.00,415.00,t,15.00,400.00,655
666,738,2018-03-12,2018-03-12,0,4,6.00,242.74,t,13.74,229.00,654
670,597,2018-03-12,2018-03-12,0,9,6.00,415.00,t,15.00,400.00,658
594,813,2018-03-07,2018-03-07,0,4,6.00,1176.60,t,66.60,1110.00,582
665,738,2018-03-12,2018-03-12,0,4,6.00,279.84,t,14.14,265.70,653
669,470,2018-03-12,2018-03-12,0,11,6.00,251.80,t,11.42,240.38,657
671,540,2018-03-12,2018-03-12,0,9,6.00,79.50,t,4.50,75.00,659
677,805,2018-03-12,2018-03-12,0,3,6.00,2500.00,t,84.91,2415.09,665
673,540,2018-03-12,2018-03-12,0,9,6.00,159.00,t,9.00,150.00,661
674,804,2018-03-12,2018-03-12,0,3,6.00,1000.00,t,53.77,946.23,662
675,805,2018-03-12,2018-03-12,0,3,6.00,500.00,t,25.47,474.53,663
672,353,2018-03-12,2018-03-12,0,7,6.00,164.30,t,9.30,155.00,660
676,704,2018-03-12,2018-03-12,0,9,6.00,415.00,t,15.00,400.00,664
679,153,2018-03-13,2018-03-13,0,8,6.00,134.62,t,7.62,127.00,667
678,794,2018-03-13,2018-03-13,0,12,0.00,0.00,t,0.00,0.00,666
681,307,2018-03-13,2018-03-13,0,3,6.00,308.00,t,17.43,290.57,669
668,802,2018-03-12,2018-03-12,0,4,6.00,200.00,t,11.32,188.68,656
618,188,2018-03-08,2018-03-08,0,4,6.00,164.30,t,9.13,155.17,606
624,727,2018-03-09,2018-03-09,0,7,6.00,3088.40,t,8.40,3080.00,612
629,204,2018-03-09,2018-03-09,0,11,6.00,674.00,t,33.62,640.38,617
682,14,2018-03-13,2018-03-13,0,4,6.00,97.31,t,5.51,91.80,670
683,34,2018-03-13,2018-03-13,0,8,6.00,250.00,t,11.32,238.68,671
1061,656,2018-04-11,2018-04-11,0,5,6.00,68.90,t,3.90,65.00,1046
684,803,2018-03-13,2018-03-13,0,4,6.00,170.66,t,9.66,161.00,672
686,789,2018-03-13,2018-03-13,0,4,6.00,170.87,t,9.67,161.20,674
687,316,2018-03-13,2018-03-13,0,11,6.00,415.00,t,15.00,400.00,675
688,268,2018-03-13,2018-03-13,0,6,6.00,46.64,t,2.64,44.00,676
689,550,2018-03-14,2018-03-14,0,5,6.00,359.34,t,20.34,339.00,677
690,738,2018-03-14,2018-03-14,0,4,6.00,59.47,t,3.37,56.10,678
685,711,2018-03-13,2018-03-13,0,9,6.00,446.80,t,16.80,430.00,673
691,568,2018-03-14,2018-03-14,0,9,6.00,54.06,t,3.06,51.00,679
1070,821,2018-04-12,2018-04-12,0,5,6.00,1249.74,t,70.74,1179.00,1055
524,727,2018-02-26,2018-02-26,0,7,6.00,156.00,t,6.00,150.00,512
1078,211,2018-04-13,2018-04-13,0,7,6.00,132.50,t,7.50,125.00,1063
695,549,2018-03-14,2018-03-14,0,2,6.00,890.40,t,50.40,840.00,682
696,40,2018-03-14,2018-03-14,0,2,6.00,890.40,t,50.40,840.00,683
697,316,2018-03-14,2018-03-14,0,2,6.00,890.40,t,50.40,840.00,684
698,253,2018-03-14,2018-03-14,0,7,6.00,527.70,t,29.70,498.00,685
735,142,2018-03-19,2018-03-19,0,12,6.00,415.00,t,15.00,400.00,723
701,215,2018-03-14,2018-03-14,0,3,6.00,254.40,t,14.40,240.00,688
702,188,2018-03-14,2018-03-14,0,8,6.00,135.68,t,7.68,128.00,689
703,189,2018-03-15,2018-03-15,0,8,6.00,409.06,t,21.46,387.60,690
700,126,2018-03-14,2018-03-14,0,4,6.00,50.24,t,2.84,47.40,687
705,462,2018-03-15,2018-03-15,0,3,6.00,227.90,t,12.90,215.00,692
1084,508,2018-04-13,2018-04-13,0,9,6.00,250.00,t,11.32,238.68,1069
706,789,2018-03-15,2018-03-15,0,4,6.00,47.70,t,2.70,45.00,693
699,738,2018-03-14,2018-03-14,0,4,6.00,200.00,t,5.32,194.68,686
707,455,2018-03-15,2018-03-15,0,11,6.00,415.00,t,15.00,400.00,694
708,640,2018-03-15,2018-03-15,0,2,6.00,890.40,t,50.40,840.00,695
709,432,2018-03-15,2018-03-15,0,2,6.00,890.40,t,50.40,840.00,696
704,99,2018-03-15,2018-03-15,0,8,6.00,284.80,t,4.80,280.00,697
1087,610,2018-04-13,2018-04-13,0,2,6.00,890.40,t,50.40,840.00,1072
1090,655,2018-04-16,2018-04-16,0,12,6.00,415.00,t,15.00,400.00,1075
1093,535,2018-04-16,2018-04-16,0,9,6.00,250.00,t,11.32,238.68,1078
838,153,2018-03-23,2018-03-23,0,4,6.00,57.24,t,3.24,54.00,825
712,568,2018-03-15,2018-03-15,0,5,6.00,84.80,t,4.80,80.00,700
713,77,2018-03-15,2018-03-15,0,4,6.00,117.02,t,6.62,110.40,701
715,770,2018-03-15,2018-03-15,0,3,6.00,344.50,t,19.50,325.00,703
717,556,2018-03-15,2018-03-15,0,5,6.00,359.34,t,20.34,339.00,705
718,662,2018-03-15,2018-03-15,0,5,6.00,121.90,t,6.90,115.00,706
719,497,2018-03-15,2018-03-15,0,5,6.00,164.30,t,9.30,155.00,707
720,447,2018-03-15,2018-03-15,0,3,6.00,503.80,t,1.80,502.00,708
714,143,2018-03-15,2018-03-15,0,8,6.00,162.82,t,9.22,153.60,702
721,189,2018-03-15,2018-03-15,0,8,6.00,801.36,t,45.36,756.00,709
722,807,2018-03-15,2018-03-15,0,5,6.00,1249.74,t,70.74,1179.00,710
723,808,2018-03-15,2018-03-15,0,2,6.00,1176.60,t,66.60,1110.00,711
724,765,2018-03-16,2018-03-16,0,3,6.00,249.10,t,14.10,235.00,712
725,615,2018-03-16,2018-03-16,0,9,6.00,307.58,t,14.58,293.00,713
728,552,2018-03-16,2018-03-16,0,9,6.00,15.90,t,0.90,15.00,716
737,415,2018-03-19,2018-03-19,0,6,6.00,29.68,t,1.68,28.00,725
738,413,2018-03-19,2018-03-19,0,2,6.00,890.40,t,50.40,840.00,726
729,67,2018-03-16,2018-03-16,0,8,6.00,1100.00,t,56.60,1043.40,717
739,45,2018-03-19,2018-03-19,0,8,6.00,250.00,t,11.32,238.68,727
692,343,2018-03-14,2018-03-14,0,11,6.00,634.60,t,24.60,610.00,680
730,724,2018-03-16,2018-03-16,0,9,6.00,478.60,t,18.60,460.00,718
731,774,2018-03-19,2018-03-19,0,7,6.00,824.90,t,44.82,780.08,719
732,665,2018-03-19,2018-03-19,0,5,6.00,10.00,t,0.00,10.00,720
734,809,2018-03-19,2018-03-19,0,4,6.00,1409.80,t,79.80,1330.00,722
740,41,2018-03-19,2018-03-19,0,2,6.00,890.40,t,50.40,840.00,728
769,738,2018-03-20,2018-03-20,0,4,6.00,37.10,t,2.10,35.00,757
741,615,2018-03-20,2018-03-20,0,9,6.00,51.94,t,2.94,49.00,729
742,552,2018-03-20,2018-03-20,0,5,6.00,349.80,t,19.80,330.00,730
743,138,2018-03-20,2018-03-20,0,2,6.00,205.85,t,11.65,194.20,731
744,515,2018-03-20,2018-03-20,0,5,6.00,84.80,t,4.80,80.00,732
745,345,2018-03-20,2018-03-20,0,11,6.00,415.00,t,15.00,400.00,733
746,740,2018-03-20,2018-03-20,0,4,6.00,103.88,t,5.88,98.00,734
747,726,2018-03-20,2018-03-20,0,4,6.00,36.04,t,2.04,34.00,735
748,56,2018-03-20,2018-03-20,0,8,6.00,186.77,t,10.57,176.20,736
749,178,2018-03-20,2018-03-20,0,8,6.00,186.77,t,10.57,176.20,737
750,133,2018-03-20,2018-03-20,0,8,6.00,186.77,t,10.57,176.20,738
751,183,2018-03-20,2018-03-20,0,8,6.00,186.77,t,10.57,176.20,739
752,682,2018-03-20,2018-03-20,0,5,6.00,363.56,t,20.58,342.98,740
753,147,2018-03-20,2018-03-20,0,8,6.00,186.77,t,10.57,176.20,741
733,576,2018-03-19,2018-03-19,0,9,6.00,568.00,t,18.00,550.00,721
716,454,2018-03-15,2018-03-15,0,7,6.00,612.00,t,23.32,588.68,704
755,798,2018-03-20,2018-03-20,0,3,6.00,751.20,t,31.20,720.00,743
758,157,2018-03-20,2018-03-20,0,12,6.00,144.37,t,8.17,136.20,746
756,139,2018-03-20,2018-03-20,0,12,6.00,144.37,t,8.17,136.20,744
754,215,2018-03-20,2018-03-20,0,6,6.00,79.50,t,4.50,75.00,742
757,785,2018-03-20,2018-03-20,0,7,6.00,74.20,t,4.20,70.00,745
759,431,2018-03-20,2018-03-20,0,11,6.00,250.00,t,11.32,238.68,747
760,224,2018-03-20,2018-03-20,0,7,6.00,250.00,t,11.32,238.68,748
761,224,2018-03-20,2018-03-20,0,2,6.00,890.40,t,50.40,840.00,749
762,36,2018-03-20,2018-03-20,0,2,6.00,890.40,t,50.40,840.00,750
763,298,2018-03-20,2018-03-20,0,2,6.00,890.40,t,50.40,840.00,751
764,453,2018-03-20,2018-03-20,0,2,6.00,890.40,t,50.40,840.00,752
765,155,2018-03-20,2018-03-20,0,12,6.00,186.77,t,10.57,176.20,753
766,165,2018-03-20,2018-03-20,0,12,6.00,186.77,t,10.57,176.20,754
767,83,2018-03-20,2018-03-20,0,12,6.00,186.77,t,10.57,176.20,755
768,119,2018-03-20,2018-03-20,0,8,6.00,186.77,t,10.57,176.20,756
770,767,2018-03-20,2018-03-20,0,12,6.00,28.62,t,1.62,27.00,758
615,606,2018-03-08,2018-03-08,0,9,6.00,415.00,t,15.00,400.00,603
727,374,2018-03-16,2018-03-16,0,3,6.00,774.30,t,39.30,735.00,715
736,36,2018-03-19,2018-03-19,0,8,6.00,103.88,t,5.88,98.00,724
694,224,2018-03-14,2018-03-14,0,7,6.00,478.60,t,18.60,460.00,681
1062,638,2018-04-11,2018-04-11,0,5,6.00,68.90,t,3.90,65.00,1047
1071,722,2018-04-12,2018-04-12,0,9,6.00,415.00,t,15.00,400.00,1056
1079,656,2018-04-13,2018-04-13,0,5,6.00,70.00,t,3.06,66.94,1064
1085,725,2018-04-13,2018-04-13,0,12,6.00,128.26,t,7.26,121.00,1070
771,699,2018-03-20,2018-03-20,0,5,6.00,898.88,t,50.88,848.00,759
643,328,2018-03-09,2018-03-09,0,11,6.00,705.80,t,35.42,670.38,631
772,143,2018-03-21,2018-03-21,0,8,6.00,47.70,t,2.70,45.00,760
773,290,2018-03-21,2018-03-21,0,2,6.00,890.40,t,50.40,840.00,761
774,280,2018-03-21,2018-03-21,0,2,6.00,890.40,t,50.40,840.00,762
775,72,2018-03-21,2018-03-21,0,2,6.00,890.40,t,50.40,840.00,763
776,469,2018-03-21,2018-03-21,0,2,6.00,890.40,t,50.40,840.00,764
777,243,2018-03-21,2018-03-21,0,2,6.00,890.40,t,50.40,840.00,765
778,340,2018-03-21,2018-03-21,0,2,6.00,890.40,t,50.40,840.00,766
779,257,2018-03-21,2018-03-21,0,11,6.00,415.00,t,15.00,400.00,767
780,364,2018-03-21,2018-03-21,0,2,6.00,890.40,t,50.40,840.00,768
781,155,2018-03-21,2018-03-21,0,2,6.00,890.40,t,50.40,840.00,769
782,168,2018-03-21,2018-03-21,0,12,6.00,415.00,t,15.00,400.00,770
784,121,2018-03-21,2018-03-21,0,2,6.00,890.40,t,50.40,840.00,772
835,606,2018-03-23,2018-03-23,0,5,6.00,1325.00,t,75.00,1250.00,822
785,345,2018-03-21,2018-03-21,0,2,6.00,890.40,t,50.40,840.00,773
786,107,2018-03-21,2018-03-21,0,2,6.00,890.40,t,50.40,840.00,774
787,621,2018-03-21,2018-03-21,0,2,6.00,890.40,t,50.40,840.00,775
788,117,2018-03-21,2018-03-21,0,2,6.00,890.40,t,50.40,840.00,776
789,779,2018-03-21,2018-03-21,0,2,6.00,890.40,t,50.40,840.00,777
790,707,2018-03-21,2018-03-21,0,2,6.00,296.80,t,16.80,280.00,778
791,408,2018-03-21,2018-03-21,0,2,6.00,890.40,t,50.40,840.00,779
783,299,2018-03-21,2018-03-21,0,2,6.00,890.40,t,50.40,840.00,771
793,364,2018-03-21,2018-03-21,0,6,6.00,75.26,t,4.26,71.00,781
794,360,2018-03-21,2018-03-21,0,6,6.00,81.62,t,4.62,77.00,782
796,408,2018-03-21,2018-03-21,0,7,6.00,66.78,t,3.78,63.00,784
800,489,2018-03-21,2018-03-21,0,3,6.00,333.90,t,18.90,315.00,787
836,197,2018-03-23,2018-03-23,0,4,6.00,151.58,t,8.58,143.00,823
801,699,2018-03-21,2018-03-21,0,5,6.00,389.34,t,20.34,369.00,788
802,610,2018-03-21,2018-03-21,0,5,6.00,84.80,t,4.80,80.00,789
803,310,2018-03-21,2018-03-21,0,3,6.00,1083.70,t,38.70,1045.00,790
804,108,2018-03-21,2018-03-21,0,4,6.00,96.46,t,5.46,91.00,791
837,95,2018-03-23,2018-03-23,0,12,6.00,415.00,t,15.00,400.00,824
805,389,2018-03-22,2018-03-22,0,2,6.00,890.40,t,50.40,840.00,792
806,634,2018-03-22,2018-03-22,0,2,6.00,890.40,t,50.40,840.00,793
807,165,2018-03-22,2018-03-22,0,2,6.00,890.40,t,50.40,840.00,794
808,624,2018-03-22,2018-03-22,0,2,6.00,890.40,t,50.40,840.00,795
809,703,2018-03-22,2018-03-22,0,2,6.00,890.40,t,50.40,840.00,796
810,177,2018-03-22,2018-03-22,0,2,6.00,890.40,t,50.40,840.00,797
811,514,2018-03-22,2018-03-22,0,9,6.00,50.00,t,0.00,50.00,798
812,306,2018-03-22,2018-03-22,0,7,6.00,100.70,t,5.70,95.00,799
813,337,2018-03-22,2018-03-22,0,7,6.00,90.10,t,5.10,85.00,800
815,665,2018-03-22,2018-03-22,0,9,6.00,3.00,t,0.00,3.00,802
816,659,2018-03-22,2018-03-22,0,5,6.00,485.80,t,25.80,460.00,803
817,39,2018-03-22,2018-03-22,0,8,6.00,103.88,t,5.88,98.00,804
818,569,2018-03-22,2018-03-22,0,5,6.00,379.80,t,19.80,360.00,805
795,25,2018-03-21,2018-03-21,0,8,6.00,27247.47,t,46.27,27201.20,783
819,570,2018-03-22,2018-03-22,0,5,6.00,379.80,t,19.80,360.00,806
820,755,2018-03-22,2018-03-22,0,7,6.00,540.60,t,30.60,510.00,807
850,490,2018-03-27,2018-03-27,0,11,6.00,250.00,t,11.32,238.68,837
799,82,2018-03-21,2018-03-21,0,4,6.00,1987.47,t,46.27,1941.20,786
821,658,2018-03-22,2018-03-22,0,5,6.00,379.80,t,19.80,360.00,808
822,477,2018-03-22,2018-03-22,0,3,6.00,1100.00,t,56.60,1043.40,809
823,326,2018-03-23,2018-03-23,0,11,6.00,415.00,t,15.00,400.00,810
824,405,2018-03-23,2018-03-23,0,11,6.00,415.00,t,15.00,400.00,811
825,265,2018-03-23,2018-03-23,0,11,6.00,425.60,t,15.60,410.00,812
826,141,2018-03-23,2018-03-23,0,12,6.00,415.00,t,15.00,400.00,813
827,469,2018-03-23,2018-03-23,0,11,6.00,415.00,t,15.00,400.00,814
828,673,2018-03-23,2018-03-23,0,2,6.00,890.40,t,50.40,840.00,815
829,497,2018-03-23,2018-03-23,0,2,6.00,890.40,t,50.40,840.00,816
830,167,2018-03-23,2018-03-23,0,2,6.00,890.40,t,50.40,840.00,817
831,504,2018-03-23,2018-03-23,0,2,6.00,47.70,t,2.70,45.00,818
833,606,2018-03-23,2018-03-23,0,5,6.00,50.00,t,0.00,50.00,820
832,398,2018-03-23,2018-03-23,0,11,6.00,521.00,t,21.00,500.00,819
840,701,2018-03-26,2018-03-26,0,9,6.00,415.00,t,15.00,400.00,827
851,28,2018-03-27,2018-03-27,0,8,6.00,415.00,t,15.00,400.00,838
842,768,2018-03-26,2018-03-26,0,5,6.00,527.88,t,29.88,498.00,829
834,665,2018-03-23,2018-03-23,0,9,6.00,568.00,t,18.00,550.00,821
814,213,2018-03-22,2018-03-22,0,11,6.00,621.00,t,21.00,600.00,801
843,812,2018-03-26,2018-03-26,0,8,6.00,500.00,t,25.47,474.53,830
844,187,2018-03-26,2018-03-26,0,8,6.00,415.00,t,15.00,400.00,831
845,50,2018-03-26,2018-03-26,0,12,6.00,436.20,t,16.20,420.00,832
839,52,2018-03-23,2018-03-23,0,12,6.00,499.80,t,19.80,480.00,826
846,12,2018-03-26,2018-03-26,0,4,6.00,143.10,t,8.10,135.00,833
847,250,2018-03-26,2018-03-26,0,6,6.00,72.08,t,4.08,68.00,834
841,397,2018-03-26,2018-03-26,0,7,6.00,1404.90,t,56.88,1348.02,828
848,128,2018-03-26,2018-03-26,0,4,6.00,90.10,t,5.10,85.00,835
849,35,2018-03-27,2018-03-27,0,12,6.00,415.00,t,15.00,400.00,836
853,186,2018-03-27,2018-03-27,0,12,6.00,415.00,t,15.00,400.00,840
859,118,2018-03-27,2018-03-27,0,8,6.00,434.08,t,16.08,418.00,846
854,503,2018-03-27,2018-03-27,0,2,6.00,1590.00,t,90.00,1500.00,841
855,504,2018-03-27,2018-03-27,0,2,6.00,5088.00,t,288.00,4800.00,842
856,561,2018-03-27,2018-03-27,0,2,6.00,5088.00,t,288.00,4800.00,843
857,197,2018-03-27,2018-03-27,0,4,6.00,390.61,t,22.11,368.50,844
858,273,2018-03-27,2018-03-27,0,11,6.00,250.00,t,11.32,238.68,845
852,804,2018-03-27,2018-03-27,0,3,6.00,3183.20,t,115.09,3068.11,839
792,543,2018-04-02,2018-04-02,0,6,6.00,222.60,t,12.60,210.00,780
861,738,2018-03-27,2018-03-27,0,4,6.00,114.48,t,6.48,108.00,848
627,287,2018-03-09,2018-03-09,0,11,6.00,1109.80,t,49.80,1060.00,615
862,533,2018-03-27,2018-03-27,0,5,6.00,1733.96,t,87.96,1646.00,849
863,393,2018-03-27,2018-03-27,0,7,6.00,563.40,t,23.40,540.00,850
860,423,2018-03-27,2018-03-27,0,11,6.00,487.10,t,19.08,468.02,847
865,574,2018-03-27,2018-03-27,0,5,6.00,575.06,t,24.06,551.00,852
864,789,2018-03-27,2018-03-27,0,4,6.00,202.92,t,10.92,192.00,851
866,733,2018-03-28,2018-03-28,0,11,6.00,48.80,t,2.76,46.04,853
868,381,2018-03-28,2018-03-28,0,10,6.00,890.40,t,50.40,840.00,855
869,471,2018-03-28,2018-03-28,0,10,6.00,890.40,t,50.40,840.00,856
870,611,2018-03-28,2018-03-28,0,10,6.00,890.40,t,50.40,840.00,857
871,405,2018-03-28,2018-03-28,0,10,6.00,890.40,t,50.40,840.00,858
872,401,2018-03-28,2018-03-28,0,10,6.00,890.40,t,50.40,840.00,859
873,669,2018-03-28,2018-03-28,0,10,6.00,890.40,t,50.40,840.00,860
874,421,2018-03-28,2018-03-28,0,10,6.00,890.40,t,50.40,840.00,861
875,698,2018-03-28,2018-03-28,0,10,6.00,890.40,t,50.40,840.00,862
876,710,2018-03-28,2018-03-28,0,10,6.00,890.40,t,50.40,840.00,863
877,597,2018-03-28,2018-03-28,0,2,6.00,890.40,t,50.40,840.00,864
878,660,2018-03-28,2018-03-28,0,5,6.00,474.88,t,26.88,448.00,865
867,718,2018-03-28,2018-03-28,0,7,6.00,3102.60,t,162.60,2940.00,854
879,247,2018-03-28,2018-03-28,0,10,6.00,890.40,t,50.40,840.00,866
880,124,2018-03-28,2018-03-28,0,10,6.00,890.40,t,50.40,840.00,867
881,197,2018-03-29,2018-03-29,0,4,6.00,110.24,t,6.24,104.00,868
882,400,2018-03-29,2018-03-29,0,11,6.00,710.70,t,35.70,675.00,869
883,498,2018-03-29,2018-03-29,0,9,6.00,203.52,t,11.52,192.00,870
884,263,2018-03-29,2018-03-29,0,3,6.00,116.60,t,6.60,110.00,871
1063,680,2018-04-11,2018-04-11,0,12,6.00,170.66,t,9.66,161.00,1048
885,513,2018-03-29,2018-03-29,0,9,6.00,203.52,t,11.52,192.00,872
886,496,2018-03-29,2018-03-29,0,9,6.00,203.52,t,11.52,192.00,873
887,507,2018-03-29,2018-03-29,0,9,6.00,203.52,t,11.52,192.00,874
888,553,2018-03-29,2018-03-29,0,9,6.00,203.52,t,11.52,192.00,875
889,666,2018-03-29,2018-03-29,0,9,6.00,203.52,t,11.52,192.00,876
890,680,2018-03-29,2018-03-29,0,9,6.00,203.52,t,11.52,192.00,877
891,45,2018-03-29,2018-03-29,0,8,6.00,1100.00,t,56.60,1043.40,878
892,125,2018-03-29,2018-03-29,0,6,6.00,100.70,t,5.70,95.00,879
893,126,2018-03-29,2018-03-29,0,4,6.00,90.10,t,5.10,85.00,880
895,155,2018-03-29,2018-03-29,0,4,6.00,63.60,t,3.60,60.00,882
896,275,2018-03-30,2018-03-30,0,11,6.00,250.00,t,11.32,238.68,883
897,519,2018-03-30,2018-03-30,0,12,6.00,33.92,t,1.92,32.00,884
898,305,2018-03-30,2018-03-30,0,3,6.00,127.20,t,7.20,120.00,885
899,108,2018-03-30,2018-03-30,0,4,6.00,259.70,t,14.70,245.00,886
1072,679,2018-04-12,2018-04-12,0,9,6.00,50.00,t,0.00,50.00,1057
901,262,2018-03-30,2018-03-30,0,11,6.00,250.00,t,11.32,238.68,888
902,718,2018-03-30,2018-03-30,0,7,6.00,121.90,t,6.90,115.00,889
903,815,2018-03-30,2018-03-30,0,7,6.00,190.80,t,10.80,180.00,890
904,488,2018-03-30,2018-03-30,0,11,6.00,250.00,t,11.32,238.68,891
905,741,2018-03-30,2018-03-30,0,4,6.00,250.00,t,11.32,238.68,892
906,302,2018-03-30,2018-03-30,0,11,6.00,250.00,t,11.32,238.68,893
907,174,2018-03-30,2018-03-30,0,8,6.00,200.00,t,0.00,200.00,894
908,351,2018-03-30,2018-03-30,0,11,6.00,250.00,t,11.32,238.68,895
909,438,2018-03-30,2018-03-30,0,3,6.00,1256.00,t,66.00,1190.00,896
910,349,2018-03-30,2018-03-30,0,11,6.00,260.60,t,11.92,248.68,897
911,591,2018-03-30,2018-03-30,0,5,6.00,243.80,t,13.80,230.00,898
912,261,2018-03-30,2018-03-30,0,11,6.00,260.60,t,11.92,248.68,899
914,327,2018-03-30,2018-03-30,0,6,6.00,87.98,t,4.98,83.00,901
915,610,2018-03-30,2018-03-30,0,5,6.00,37.10,t,2.10,35.00,902
918,603,2018-04-02,2018-04-02,0,9,6.00,415.00,t,15.00,400.00,905
919,489,2018-04-02,2018-04-02,0,11,6.00,281.80,t,13.12,268.68,906
1086,309,2018-04-13,2018-04-13,0,11,6.00,710.70,t,35.70,675.00,1071
1088,361,2018-04-13,2018-04-13,0,2,6.00,890.40,t,50.40,840.00,1073
1091,290,2018-04-16,2018-04-16,0,11,6.00,39.30,t,2.22,37.08,1076
923,270,2018-04-02,2018-04-02,0,11,6.00,362.70,t,17.70,345.00,910
1094,644,2018-04-16,2018-04-16,0,9,6.00,250.00,t,11.32,238.68,1079
1096,539,2018-04-16,2018-04-16,0,9,6.00,446.80,t,16.80,430.00,1081
1098,12,2018-04-16,2018-04-16,0,4,6.00,127.20,t,7.20,120.00,1083
370,719,2018-02-07,2018-02-07,0,2,0.00,0.00,t,0.00,0.00,360
1099,339,2018-04-16,2018-04-16,0,11,6.00,710.70,t,35.70,675.00,1084
1101,95,2018-04-16,2018-04-16,0,2,6.00,890.40,t,50.40,840.00,1086
925,538,2018-04-02,2018-04-02,0,9,6.00,415.00,t,15.00,400.00,912
1103,606,2018-04-16,2018-04-16,0,2,6.00,890.40,t,50.40,840.00,1088
1105,606,2018-04-16,2018-04-16,0,6,6.00,72.08,t,4.08,68.00,1090
1107,24,2018-04-16,2018-04-16,0,4,6.00,200.00,t,11.32,188.68,1092
930,75,2018-04-02,2018-04-02,0,4,6.00,135.00,t,4.81,130.19,917
1109,406,2018-04-17,2018-04-17,0,7,6.00,100.70,t,5.70,95.00,1094
936,290,2018-04-02,2018-04-02,0,3,6.00,50.00,t,0.00,50.00,923
1111,130,2018-04-17,2018-04-17,0,8,6.00,169.60,t,9.60,160.00,1096
940,331,2018-04-03,2018-04-03,0,11,6.00,383.90,t,18.90,365.00,927
927,211,2018-04-02,2018-04-02,0,11,6.00,405.10,t,20.10,385.00,914
941,700,2018-04-03,2018-04-03,0,5,6.00,137.80,t,7.80,130.00,928
894,738,2018-03-29,2018-03-29,0,4,6.00,76.32,t,4.32,72.00,881
946,67,2018-04-03,2018-04-03,0,12,6.00,250.00,t,11.32,238.68,932
944,84,2018-04-03,2018-04-03,0,8,6.00,50.00,t,0.00,50.00,930
939,155,2018-04-03,2018-04-03,0,8,6.00,153.70,t,8.70,145.00,926
945,38,2018-04-03,2018-04-03,0,4,6.00,139.92,t,7.92,132.00,931
933,183,2018-04-02,2018-04-02,0,8,6.00,142.04,t,8.04,134.00,920
932,165,2018-04-02,2018-04-02,0,8,6.00,142.04,t,8.04,134.00,919
928,133,2018-04-02,2018-04-02,0,8,6.00,142.04,t,8.04,134.00,915
938,147,2018-04-03,2018-04-03,0,8,6.00,142.04,t,8.04,134.00,925
917,2,2018-04-02,2018-04-02,0,8,6.00,142.04,t,8.04,134.00,904
922,591,2018-04-02,2018-04-02,0,9,6.00,563.40,t,23.40,540.00,909
942,812,2018-04-03,2018-04-03,0,8,6.00,3000.00,t,110.38,2889.62,929
920,56,2018-04-02,2018-04-02,0,8,6.00,142.04,t,8.04,134.00,907
934,157,2018-04-02,2018-04-02,0,8,6.00,142.04,t,8.04,134.00,921
921,421,2018-04-02,2018-04-02,0,7,6.00,478.60,t,18.60,460.00,908
916,352,2018-04-02,2018-04-02,0,11,6.00,365.90,t,17.88,348.02,903
913,180,2018-03-30,2018-03-30,0,8,6.00,1100.00,t,56.60,1043.40,900
926,119,2018-04-02,2018-04-02,0,8,6.00,142.04,t,8.04,134.00,913
924,83,2018-04-02,2018-04-02,0,8,6.00,142.04,t,8.04,134.00,911
947,202,2018-04-03,2018-04-03,0,4,6.00,190.80,t,10.80,180.00,933
935,193,2018-04-02,2018-04-02,0,8,6.00,142.04,t,8.04,134.00,922
937,138,2018-04-03,2018-04-03,0,8,6.00,142.04,t,8.04,134.00,924
929,136,2018-04-02,2018-04-02,0,8,6.00,142.04,t,8.04,134.00,916
948,307,2018-04-03,2018-04-03,0,3,6.00,121.90,t,6.90,115.00,934
931,178,2018-04-02,2018-04-02,0,8,6.00,142.04,t,8.04,134.00,918
949,139,2018-04-03,2018-04-03,0,8,6.00,142.04,t,8.04,134.00,935
950,258,2018-04-03,2018-04-03,0,3,6.00,374.40,t,18.36,356.04,936
951,333,2018-04-04,2018-04-04,0,11,6.00,368.00,t,18.00,350.00,937
952,816,2018-04-04,2018-04-04,0,9,6.00,500.00,t,25.47,474.53,938
953,350,2018-04-04,2018-04-04,0,11,6.00,415.00,t,15.00,400.00,939
954,55,2018-04-04,2018-04-04,0,12,6.00,415.00,t,15.00,400.00,940
955,742,2018-04-04,2018-04-04,0,3,6.00,190.80,t,10.80,180.00,941
991,364,2018-04-06,2018-04-06,0,7,6.00,3.00,t,0.00,3.00,977
956,741,2018-04-04,2018-04-04,0,4,6.00,1200.00,t,62.26,1137.74,942
957,229,2018-04-04,2018-04-04,0,2,6.00,890.40,t,50.40,840.00,943
958,724,2018-04-04,2018-04-04,0,2,6.00,890.40,t,50.40,840.00,944
959,603,2018-04-04,2018-04-04,0,2,6.00,890.40,t,50.40,840.00,945
960,144,2018-04-04,2018-04-04,0,2,6.00,890.40,t,50.40,840.00,946
961,423,2018-04-04,2018-04-04,0,2,6.00,890.40,t,50.40,840.00,947
962,38,2018-04-04,2018-04-04,0,2,6.00,890.40,t,50.40,840.00,948
963,626,2018-04-04,2018-04-04,0,2,6.00,890.40,t,50.40,840.00,949
964,212,2018-04-04,2018-04-04,0,2,6.00,890.40,t,50.40,840.00,950
965,142,2018-04-04,2018-04-04,0,2,6.00,890.40,t,50.40,840.00,951
966,748,2018-04-04,2018-04-04,0,2,6.00,890.40,t,50.40,840.00,952
967,312,2018-04-04,2018-04-04,0,2,6.00,890.40,t,50.40,840.00,953
968,168,2018-04-04,2018-04-04,0,2,6.00,890.40,t,50.40,840.00,954
969,591,2018-04-04,2018-04-04,0,2,6.00,890.40,t,50.40,840.00,955
970,393,2018-04-04,2018-04-04,0,2,6.00,890.40,t,50.40,840.00,956
971,326,2018-04-04,2018-04-04,0,2,6.00,890.40,t,50.40,840.00,957
972,28,2018-04-04,2018-04-04,0,2,6.00,890.40,t,50.40,840.00,958
973,518,2018-04-04,2018-04-04,0,2,6.00,890.40,t,50.40,840.00,959
1006,41,2018-04-06,2018-04-06,0,8,6.00,2359.60,t,18.60,2341.00,991
1073,511,2018-04-12,2018-04-12,0,5,6.00,84.80,t,4.80,80.00,1058
1064,528,2018-04-12,2018-04-12,0,12,6.00,446.80,t,16.80,430.00,1049
996,518,2018-04-06,2018-04-06,0,9,6.00,446.80,t,16.80,430.00,981
1011,739,2018-04-09,2018-04-09,0,8,6.00,220.00,t,12.45,207.55,996
1001,163,2018-04-06,2018-04-06,0,8,6.00,146.28,t,8.28,138.00,986
974,816,2018-04-04,2018-04-04,0,9,6.00,2500.00,t,84.91,2415.09,960
975,126,2018-04-04,2018-04-04,0,4,6.00,84.80,t,4.80,80.00,961
976,788,2018-04-04,2018-04-04,0,4,6.00,84.80,t,4.80,80.00,962
977,809,2018-04-04,2018-04-04,0,4,6.00,15.90,t,0.90,15.00,963
978,147,2018-04-05,2018-04-05,0,12,6.00,436.20,t,16.20,420.00,964
1017,290,2018-04-09,2018-04-09,0,3,6.00,2196.00,t,124.30,2071.70,1002
980,126,2018-04-05,2018-04-05,0,4,6.00,318.32,t,16.32,302.00,966
981,171,2018-04-05,2018-04-05,0,4,6.00,318.32,t,16.32,302.00,967
1019,494,2018-04-09,2018-04-09,0,5,6.00,243.80,t,13.80,230.00,1004
986,818,2018-04-05,2018-04-05,0,4,6.00,500.00,t,25.47,474.53,972
987,818,2018-04-05,2018-04-05,0,4,6.00,2500.00,t,84.91,2415.09,973
989,647,2018-04-05,2018-04-05,0,12,6.00,34.98,t,1.98,33.00,975
1005,398,2018-04-06,2018-04-06,0,11,6.00,83.74,t,4.74,79.00,990
990,284,2018-04-05,2018-04-05,0,7,6.00,286.20,t,16.20,270.00,976
993,108,2018-04-06,2018-04-06,0,8,6.00,117.66,t,6.66,111.00,978
994,803,2018-04-06,2018-04-06,0,8,6.00,85.86,t,4.86,81.00,979
982,412,2018-04-05,2018-04-05,0,7,6.00,993.00,t,34.98,958.02,968
979,341,2018-04-05,2018-04-05,0,7,6.00,918.00,t,34.98,883.02,965
995,212,2018-04-06,2018-04-06,0,3,6.00,254.40,t,14.40,240.00,980
997,127,2018-04-06,2018-04-06,0,8,6.00,28.62,t,1.62,27.00,982
999,176,2018-04-06,2018-04-06,0,8,6.00,79.50,t,4.50,75.00,983
998,817,2018-04-06,2018-04-06,0,9,6.00,3000.00,t,110.38,2889.62,984
1000,124,2018-04-06,2018-04-06,0,4,6.00,96.88,t,5.48,91.40,985
1002,809,2018-04-06,2018-04-06,0,8,6.00,100.70,t,5.70,95.00,987
1003,702,2018-04-06,2018-04-06,0,5,6.00,137.80,t,7.80,130.00,988
1004,388,2018-04-06,2018-04-06,0,3,6.00,68.90,t,3.90,65.00,989
1007,819,2018-04-06,2018-04-06,0,3,6.00,3000.00,t,110.38,2889.62,992
1008,604,2018-04-07,2018-04-07,0,5,6.00,686.88,t,38.88,648.00,993
1009,656,2018-04-07,2018-04-07,0,5,6.00,137.80,t,7.80,130.00,994
1010,260,2018-04-07,2018-04-07,0,11,6.00,37.10,t,2.10,35.00,995
1012,788,2018-04-09,2018-04-09,0,4,6.00,84.80,t,4.80,80.00,997
1013,258,2018-04-09,2018-04-09,0,3,6.00,491.10,t,26.10,465.00,998
1014,586,2018-04-09,2018-04-09,0,5,6.00,84.80,t,4.80,80.00,999
1016,702,2018-04-09,2018-04-09,0,12,6.00,90.10,t,5.10,85.00,1001
1015,353,2018-04-09,2018-04-09,0,11,6.00,489.20,t,19.20,470.00,1000
1020,219,2018-04-09,2018-04-09,0,7,6.00,100.70,t,5.70,95.00,1005
1021,128,2018-04-09,2018-04-09,0,8,6.00,28.62,t,1.62,27.00,1006
1022,126,2018-04-09,2018-04-09,0,8,6.00,28.62,t,1.62,27.00,1007
1023,340,2018-04-09,2018-04-09,0,3,6.00,265.00,t,15.00,250.00,1008
1024,690,2018-04-09,2018-04-09,0,5,6.00,100.70,t,3.00,97.70,1009
1025,596,2018-04-09,2018-04-09,0,12,6.00,73.14,t,4.14,69.00,1010
1026,399,2018-04-09,2018-04-09,0,7,6.00,1029.00,t,55.98,973.02,1011
1027,483,2018-04-09,2018-04-09,0,11,6.00,47.70,t,2.70,45.00,1012
1028,159,2018-04-09,2018-04-09,0,4,6.00,100.70,t,5.70,95.00,1013
1029,595,2018-04-09,2018-04-09,0,12,6.00,83.74,t,4.74,79.00,1014
1030,272,2018-04-09,2018-04-09,0,2,6.00,890.40,t,50.40,840.00,1015
1031,353,2018-04-09,2018-04-09,0,2,6.00,890.40,t,50.40,840.00,1016
1032,593,2018-04-09,2018-04-09,0,2,6.00,890.40,t,50.40,840.00,1017
1033,139,2018-04-09,2018-04-09,0,2,6.00,890.40,t,50.40,840.00,1018
1034,251,2018-04-09,2018-04-09,0,2,6.00,890.40,t,50.40,840.00,1019
1035,336,2018-04-09,2018-04-09,0,3,6.00,386.20,t,16.20,370.00,1020
983,133,2018-04-05,2018-04-05,0,12,6.00,521.00,t,21.00,500.00,969
1065,272,2018-04-12,2018-04-12,0,11,6.00,710.70,t,35.70,675.00,1050
1138,50,2018-03-13,2018-03-13,0,3,6.00,200.00,t,11.32,188.68,668
1045,135,2018-04-10,2018-04-10,0,8,6.00,242.92,t,10.92,232.00,1030
1139,533,2018-04-20,2018-04-20,0,12,6.00,415.00,t,15.00,400.00,1123
988,398,2018-04-05,2018-04-05,0,11,6.00,83.74,t,4.74,79.00,974
1038,44,2018-04-10,2018-04-10,0,8,6.00,32.86,t,1.86,31.00,1023
1140,367,2018-04-20,2018-04-20,0,6,6.00,66.78,t,3.78,63.00,1124
1039,531,2018-04-10,2018-04-10,0,12,6.00,415.00,t,15.00,400.00,1024
1074,617,2018-04-12,2018-04-12,0,9,6.00,415.00,t,15.00,400.00,1059
1040,137,2018-04-10,2018-04-10,0,2,6.00,890.40,t,50.40,840.00,1025
1041,424,2018-04-10,2018-04-10,0,2,6.00,890.40,t,50.40,840.00,1026
1042,159,2018-04-10,2018-04-10,0,2,6.00,890.40,t,50.40,840.00,1027
1043,365,2018-04-10,2018-04-10,0,2,6.00,890.40,t,50.40,840.00,1028
1044,308,2018-04-10,2018-04-10,0,2,6.00,890.40,t,50.40,840.00,1029
1081,355,2018-04-13,2018-04-13,0,11,6.00,710.70,t,35.70,675.00,1066
1141,280,2018-04-20,2018-04-20,0,11,6.00,415.00,t,15.00,400.00,1125
1036,198,2018-04-13,2018-04-13,0,4,6.00,68.90,t,3.90,65.00,1021
1046,722,2018-04-10,2018-04-10,0,2,6.00,890.40,t,50.40,840.00,1031
1047,288,2018-04-10,2018-04-10,0,2,6.00,890.40,t,50.40,840.00,1032
1048,543,2018-04-10,2018-04-10,0,2,6.00,890.40,t,50.40,840.00,1033
1049,665,2018-04-10,2018-04-10,0,2,6.00,890.40,t,50.40,840.00,1034
1050,35,2018-04-10,2018-04-10,0,2,6.00,890.40,t,50.40,840.00,1035
1142,823,2018-04-20,2018-04-20,0,5,6.00,500.00,t,25.47,474.53,1126
1051,398,2018-04-10,2018-04-10,0,11,6.00,274.50,t,15.54,258.96,1036
1052,354,2018-04-10,2018-04-10,0,11,6.00,415.00,t,15.00,400.00,1037
1053,725,2018-04-10,2018-04-10,0,5,6.00,185.50,t,10.50,175.00,1038
1054,359,2018-04-10,2018-04-10,0,11,6.00,415.00,t,15.00,400.00,1039
65,163,2018-04-10,2018-04-10,0,4,6.00,160.00,t,7.36,152.64,64
1089,795,2018-04-13,2018-04-13,0,7,6.00,441.00,t,24.96,416.04,1074
1092,211,2018-04-16,2018-04-16,0,3,6.00,84.80,t,4.80,80.00,1077
1095,697,2018-04-16,2018-04-16,0,9,6.00,250.00,t,11.32,238.68,1080
1097,505,2018-04-16,2018-04-16,0,12,6.00,415.00,t,15.00,400.00,1082
1018,290,2018-04-09,2018-04-09,0,3,6.00,7420.00,t,31.70,7388.30,1003
1100,52,2018-04-16,2018-04-16,0,2,6.00,890.40,t,50.40,840.00,1085
1102,583,2018-04-16,2018-04-16,0,2,6.00,890.40,t,50.40,840.00,1087
585,40,2018-03-05,2018-03-05,0,8,6.00,101.76,t,5.76,96.00,573
1104,580,2018-04-16,2018-04-16,0,12,6.00,415.00,t,15.00,400.00,1089
1106,740,2018-04-16,2018-04-16,0,8,6.00,143.31,t,8.11,135.20,1091
1108,750,2018-04-17,2018-04-17,0,4,6.00,74.20,t,4.20,70.00,1093
1143,823,2018-04-20,2018-04-20,0,5,6.00,2500.00,t,84.91,2415.09,1127
1110,402,2018-04-17,2018-04-17,0,3,6.00,116.60,t,6.60,110.00,1095
1112,639,2018-04-17,2018-04-17,0,5,6.00,113.42,t,6.42,107.00,1097
1113,295,2018-04-17,2018-04-17,0,3,6.00,117.70,t,6.66,111.04,1098
1114,505,2018-04-17,2018-04-17,0,2,6.00,890.40,t,50.40,840.00,1099
1115,202,2018-04-17,2018-04-17,0,12,6.00,521.00,t,21.00,500.00,1100
1116,625,2018-04-17,2018-04-17,0,5,6.00,243.80,t,13.80,230.00,1101
1117,625,2018-04-18,2018-04-18,0,9,6.00,47.70,t,2.70,45.00,1102
1144,819,2018-04-20,2018-04-20,0,3,6.00,421.70,t,23.70,398.00,1128
1145,808,2018-04-23,2018-04-23,0,8,6.00,415.00,t,15.00,400.00,1129
1146,306,2018-04-23,2018-04-23,0,7,6.00,121.90,t,6.90,115.00,1130
1119,670,2018-04-18,2018-04-18,0,2,6.00,890.40,t,50.40,840.00,1104
1120,492,2018-04-18,2018-04-18,0,2,6.00,890.40,t,50.40,840.00,1105
1118,163,2018-04-18,2018-04-18,0,4,6.00,59.50,t,2.80,56.70,1103
1121,228,2018-04-18,2018-04-18,0,3,6.00,95.40,t,5.40,90.00,1106
1122,228,2018-04-18,2018-04-18,0,3,6.00,156.00,t,6.00,150.00,1107
1123,670,2018-04-18,2018-04-18,0,12,6.00,457.40,t,17.40,440.00,1108
1124,381,2018-04-18,2018-04-18,0,7,6.00,314.90,t,17.82,297.08,1109
1125,25,2018-04-18,2018-04-18,0,8,6.00,159.00,t,9.00,150.00,1110
1126,398,2018-04-18,2018-04-18,0,3,6.00,212.00,t,12.00,200.00,1111
1127,394,2018-04-18,2018-04-18,0,7,6.00,414.50,t,23.46,391.04,1112
1128,159,2018-04-19,2018-04-19,0,4,6.00,392.20,t,22.20,370.00,1113
1129,515,2018-04-19,2018-04-19,0,12,6.00,295.74,t,16.74,279.00,1114
1130,268,2018-04-19,2018-04-19,0,7,6.00,233.20,t,13.20,220.00,1115
1131,338,2018-04-19,2018-04-19,0,11,6.00,425.60,t,15.60,410.00,1116
1147,321,2018-04-23,2018-04-23,0,11,6.00,425.60,t,15.60,410.00,1131
1037,186,2018-04-09,2018-04-09,0,4,6.00,1012.30,t,57.30,955.00,1022
1133,202,2018-04-19,2018-04-19,0,2,6.00,890.40,t,50.40,840.00,1118
1134,390,2018-04-19,2018-04-19,0,11,6.00,415.00,t,15.00,400.00,1119
1135,506,2018-04-19,2018-04-19,0,9,6.00,190.80,t,10.80,180.00,1120
1136,625,2018-04-19,2018-04-19,0,9,6.00,190.80,t,10.80,180.00,1121
1137,559,2018-04-19,2018-04-19,0,9,6.00,116.60,t,6.60,110.00,1122
1158,73,2018-04-24,2018-04-24,0,4,6.00,1003.54,t,28.33,975.21,1142
1149,804,2018-04-23,2018-04-23,0,3,6.00,243.80,t,13.80,230.00,1133
1148,434,2018-04-23,2018-04-23,0,11,6.00,634.60,t,24.60,610.00,1132
1150,288,2018-04-23,2018-04-23,0,11,6.00,415.00,t,15.00,400.00,1134
1151,559,2018-04-23,2018-04-23,0,5,6.00,253.34,t,14.34,239.00,1135
1152,367,2018-04-23,2018-04-23,0,3,6.00,471.70,t,26.70,445.00,1136
1154,558,2018-04-23,2018-04-23,0,5,6.00,1200.00,t,60.46,1139.54,1138
1155,353,2018-04-24,2018-04-24,0,11,6.00,507.00,t,27.00,480.00,1139
1156,533,2018-04-24,2018-04-24,0,5,6.00,50.00,t,0.00,50.00,1140
1157,437,2018-04-24,2018-04-24,0,11,6.00,507.00,t,27.00,480.00,1141
1159,591,2018-04-24,2018-04-24,0,5,6.00,68.90,t,3.90,65.00,1143
1160,112,2018-04-24,2018-04-24,0,8,6.00,250.00,t,11.32,238.68,1144
1161,141,2018-04-24,2018-04-24,0,2,6.00,890.40,t,50.40,840.00,1145
1162,592,2018-04-24,2018-04-24,0,9,6.00,250.00,t,11.32,238.68,1146
1163,539,2018-04-24,2018-04-24,0,5,6.00,70.00,t,3.06,66.94,1147
1165,539,2018-04-24,2018-04-24,0,6,6.00,107.06,t,6.06,101.00,1149
1164,365,2018-04-24,2018-04-24,0,11,6.00,425.60,t,15.60,410.00,1148
1167,511,2018-04-25,2018-04-25,0,5,6.00,100.00,t,0.00,100.00,1151
1168,366,2018-04-25,2018-04-25,0,11,6.00,250.00,t,11.32,238.68,1152
1169,677,2018-04-25,2018-04-25,0,9,6.00,250.00,t,11.32,238.68,1153
1170,341,2018-04-25,2018-04-25,0,11,6.00,507.00,t,27.00,480.00,1154
1171,338,2018-04-25,2018-04-25,0,2,6.00,890.40,t,50.40,840.00,1155
1172,116,2018-04-25,2018-04-25,0,2,6.00,890.40,t,50.40,840.00,1156
1132,492,2018-04-19,2018-04-19,0,12,6.00,568.00,t,18.00,550.00,1117
1173,681,2018-04-25,2018-04-25,0,2,6.00,890.40,t,50.40,840.00,1157
1174,701,2018-04-25,2018-04-25,0,2,6.00,890.40,t,50.40,840.00,1158
1175,455,2018-04-25,2018-04-25,0,2,6.00,890.40,t,50.40,840.00,1159
1176,359,2018-04-25,2018-04-25,0,2,6.00,890.40,t,50.40,840.00,1160
1177,100,2018-04-25,2018-04-25,0,2,6.00,445.20,t,25.20,420.00,1161
1178,461,2018-04-25,2018-04-25,0,2,6.00,890.40,t,50.40,840.00,1162
1179,538,2018-04-25,2018-04-25,0,2,6.00,890.40,t,50.40,840.00,1163
1180,239,2018-04-25,2018-04-25,0,2,6.00,890.40,t,50.40,840.00,1164
1181,230,2018-04-25,2018-04-25,0,3,6.00,68.90,t,3.90,65.00,1165
1182,543,2018-04-25,2018-04-25,0,7,6.00,259.70,t,14.70,245.00,1166
1183,537,2018-04-25,2018-04-25,0,9,6.00,392.20,t,22.20,370.00,1167
1184,231,2018-04-25,2018-04-25,0,7,6.00,138.90,t,7.86,131.04,1168
1185,419,2018-04-25,2018-04-25,0,7,6.00,138.90,t,7.86,131.04,1169
1186,473,2018-04-25,2018-04-25,0,7,6.00,149.50,t,8.46,141.04,1170
1187,368,2018-04-25,2018-04-25,0,7,6.00,149.50,t,8.46,141.04,1171
1240,269,2018-05-03,2018-05-03,0,11,6.00,250.00,t,11.32,238.68,1224
1241,538,2018-05-03,2018-05-03,0,5,6.00,116.60,t,6.60,110.00,1225
1188,57,2018-04-26,2018-04-26,0,4,6.00,1000.00,t,56.60,943.40,1172
1189,57,2018-04-26,2018-04-26,0,4,6.00,1000.00,t,33.96,966.04,1173
1190,824,2018-04-26,2018-04-26,0,3,6.00,500.00,t,25.47,474.53,1174
1191,36,2018-04-26,2018-04-26,0,4,6.00,63.60,t,3.60,60.00,1175
1192,541,2018-04-26,2018-04-26,0,6,6.00,76.32,t,4.32,72.00,1176
1193,825,2018-04-26,2018-04-26,0,7,6.00,500.00,t,25.47,474.53,1177
1194,174,2018-04-26,2018-04-26,0,4,6.00,30.00,t,0.00,30.00,1178
1195,825,2018-04-26,2018-04-26,0,7,6.00,2550.00,t,84.91,2465.09,1179
1196,626,2018-04-27,2018-04-27,0,5,6.00,190.80,t,10.80,180.00,1180
1197,380,2018-04-27,2018-04-27,0,3,6.00,1035.10,t,50.10,985.00,1181
1198,747,2018-04-27,2018-04-27,0,8,6.00,1267.76,t,71.76,1196.00,1182
1199,804,2018-04-27,2018-04-27,0,3,6.00,51.80,t,2.93,48.87,1183
1153,310,2018-04-23,2018-04-23,0,3,6.00,639.05,t,0.00,639.05,1137
1200,827,2018-04-27,2018-04-27,0,2,6.00,15.90,t,0.90,15.00,1184
1201,807,2018-04-27,2018-04-27,0,5,6.00,117.66,t,6.66,111.00,1185
1202,515,2018-04-27,2018-04-27,0,5,6.00,84.80,t,4.80,80.00,1186
1203,413,2018-04-30,2018-04-30,0,11,6.00,507.00,t,27.00,480.00,1187
1204,25,2018-04-30,2018-04-30,0,4,6.00,20.14,t,1.14,19.00,1188
1205,231,2018-04-30,2018-04-30,0,11,6.00,507.00,t,27.00,480.00,1189
1206,230,2018-04-30,2018-04-30,0,11,6.00,507.00,t,27.00,480.00,1190
1080,186,2018-04-27,2018-04-27,0,2,6.00,197.00,t,10.58,186.42,1065
1207,368,2018-04-30,2018-04-30,0,11,6.00,507.00,t,27.00,480.00,1191
1208,306,2018-04-30,2018-04-30,0,7,6.00,521.00,t,21.00,500.00,1192
1209,828,2018-04-30,2018-04-30,0,5,6.00,3000.00,t,110.38,2889.62,1193
1210,390,2018-04-30,2018-04-30,0,2,6.00,890.40,t,50.40,840.00,1194
1211,491,2018-04-30,2018-04-30,0,11,6.00,155.30,t,8.79,146.51,1195
1212,55,2018-04-30,2018-04-30,0,2,6.00,890.40,t,50.40,840.00,1196
1213,812,2018-04-30,2018-04-30,0,4,6.00,483.00,t,27.00,456.00,1197
1214,804,2018-05-02,2018-05-02,0,7,6.00,243.80,t,13.80,230.00,1198
1215,693,2018-05-02,2018-05-02,0,12,6.00,250.00,t,11.32,238.68,1199
1216,824,2018-05-02,2018-05-02,0,3,6.00,2500.00,t,84.91,2415.09,1200
1217,290,2018-05-02,2018-05-02,0,3,6.00,16963.20,t,28.48,16934.72,1201
1219,515,2018-05-02,2018-05-02,0,5,6.00,84.80,t,4.80,80.00,1203
1220,548,2018-05-02,2018-05-02,0,2,6.00,890.40,t,50.40,840.00,1204
1221,118,2018-05-02,2018-05-02,0,2,6.00,890.40,t,50.40,840.00,1205
1222,321,2018-05-02,2018-05-02,0,2,6.00,890.40,t,50.40,840.00,1206
1223,440,2018-05-02,2018-05-02,0,2,6.00,890.40,t,50.40,840.00,1207
1224,396,2018-05-02,2018-05-02,0,2,6.00,890.40,t,50.40,840.00,1208
1225,426,2018-05-02,2018-05-02,0,2,6.00,890.40,t,50.40,840.00,1209
1226,528,2018-05-02,2018-05-02,0,2,6.00,890.40,t,50.40,840.00,1210
1227,613,2018-05-02,2018-05-02,0,2,6.00,890.40,t,50.40,840.00,1211
1228,718,2018-05-02,2018-05-02,0,7,6.00,15297.10,t,32.10,15265.00,1212
1229,830,2018-05-02,2018-05-02,0,3,6.00,68.90,t,3.90,65.00,1213
1230,153,2018-05-02,2018-05-02,0,8,6.00,43.46,t,2.46,41.00,1214
1231,12,2018-05-02,2018-05-02,0,4,6.00,122.96,t,6.96,116.00,1215
1218,787,2018-05-02,2018-05-02,0,4,6.00,68.90,t,3.90,65.00,1202
1233,55,2018-05-02,2018-05-02,0,8,6.00,250.00,t,11.32,238.68,1217
1234,184,2018-05-03,2018-05-03,0,4,6.00,848.00,t,48.00,800.00,1218
1235,596,2018-05-03,2018-05-03,0,9,6.00,415.00,t,15.00,400.00,1219
1236,197,2018-05-03,2018-05-03,0,4,6.00,84.80,t,4.80,80.00,1220
1237,293,2018-05-03,2018-05-03,0,11,6.00,250.00,t,11.32,238.68,1221
1238,515,2018-05-03,2018-05-03,0,5,6.00,137.80,t,7.80,130.00,1222
1239,595,2018-05-03,2018-05-03,0,9,6.00,415.00,t,15.00,400.00,1223
1243,558,2018-05-03,2018-05-03,0,9,6.00,415.00,t,15.00,400.00,1227
1244,268,2018-05-03,2018-05-03,0,7,6.00,275.60,t,15.60,260.00,1228
1245,804,2018-05-03,2018-05-03,0,3,6.00,500.00,t,0.00,500.00,1229
1246,412,2018-05-03,2018-05-03,0,11,6.00,884.90,t,39.90,845.00,1230
1247,626,2018-05-03,2018-05-03,0,9,6.00,415.00,t,15.00,400.00,1231
1248,538,2018-05-03,2018-05-03,0,6,6.00,93.28,t,5.28,88.00,1232
1249,168,2018-05-03,2018-05-03,0,4,6.00,36.04,t,2.04,34.00,1233
1242,268,2018-05-03,2018-05-03,0,7,6.00,766.70,t,41.70,725.00,1226
1250,807,2018-05-03,2018-05-03,0,5,6.00,70.00,t,3.96,66.04,1234
1251,596,2018-05-03,2018-05-03,0,5,6.00,379.80,t,19.80,360.00,1235
1252,188,2018-05-03,2018-05-03,0,4,6.00,449.44,t,25.44,424.00,1236
1253,700,2018-05-03,2018-05-03,0,9,6.00,415.00,t,15.00,400.00,1237
1255,595,2018-05-03,2018-05-03,0,5,6.00,379.80,t,19.80,360.00,1239
1256,703,2018-05-03,2018-05-03,0,12,6.00,30.74,t,1.74,29.00,1240
1254,172,2018-05-03,2018-05-03,0,4,6.00,148.40,t,8.40,140.00,1238
1257,748,2018-05-03,2018-05-03,0,7,6.00,170.70,t,9.66,161.04,1241
1258,810,2018-05-03,2018-05-03,0,8,6.00,352.45,t,19.95,332.50,1242
1259,591,2018-05-04,2018-05-04,0,12,6.00,51.94,t,2.94,49.00,1243
1260,398,2018-05-04,2018-05-04,0,7,6.00,116.60,t,6.60,110.00,1244
1261,810,2018-05-04,2018-05-04,0,12,6.00,415.00,t,15.00,400.00,1245
1262,815,2018-05-04,2018-05-04,0,7,6.00,90.10,t,5.10,85.00,1246
1263,154,2018-05-04,2018-05-04,0,12,6.00,415.00,t,15.00,400.00,1247
1310,588,2018-05-08,2018-05-08,0,9,6.00,415.00,t,15.00,400.00,1294
1264,548,2018-05-04,2018-05-04,0,5,6.00,1200.00,t,62.27,1137.73,1248
1265,211,2018-05-04,2018-05-04,0,11,6.00,507.00,t,27.00,480.00,1249
1266,808,2018-05-04,2018-05-04,0,8,6.00,103.88,t,5.88,98.00,1250
1267,346,2018-05-04,2018-05-04,0,11,6.00,560.00,t,30.00,530.00,1251
1268,462,2018-05-04,2018-05-04,0,3,6.00,424.00,t,24.00,400.00,1252
1269,344,2018-05-04,2018-05-04,0,7,6.00,50.00,t,0.00,50.00,1253
1270,419,2018-05-04,2018-05-04,0,11,6.00,507.00,t,27.00,480.00,1254
1232,197,2018-05-02,2018-05-02,0,4,6.00,808.78,t,45.78,763.00,1216
1271,625,2018-05-05,2018-05-05,0,12,6.00,92.22,t,5.22,87.00,1255
1272,58,2018-05-05,2018-05-05,0,12,6.00,415.00,t,15.00,400.00,1256
1273,138,2018-05-05,2018-05-05,0,8,6.00,142.04,t,8.04,134.00,1257
1274,831,2018-05-05,2018-05-05,0,5,6.00,1396.02,t,79.02,1317.00,1258
1275,215,2018-05-07,2018-05-07,0,3,6.00,100.00,t,0.00,100.00,1259
1276,294,2018-05-07,2018-05-07,0,11,6.00,507.00,t,27.00,480.00,1260
1277,832,2018-05-07,2018-05-07,0,8,6.00,196.10,t,11.10,185.00,1261
1278,56,2018-05-07,2018-05-07,0,12,6.00,142.04,t,8.04,134.00,1262
1279,136,2018-05-07,2018-05-07,0,12,6.00,142.04,t,8.04,134.00,1263
1280,456,2018-05-07,2018-05-07,0,3,6.00,50.00,t,0.00,50.00,1264
1281,448,2018-05-07,2018-05-07,0,3,6.00,50.00,t,0.00,50.00,1265
1282,2,2018-05-07,2018-05-07,0,12,6.00,142.04,t,8.04,134.00,1266
1283,251,2018-05-07,2018-05-07,0,3,6.00,50.00,t,0.00,50.00,1267
1284,295,2018-05-07,2018-05-07,0,11,6.00,507.00,t,27.00,480.00,1268
1285,401,2018-05-07,2018-05-07,0,11,6.00,507.00,t,27.00,480.00,1269
1286,55,2018-05-07,2018-05-07,0,12,6.00,142.04,t,8.04,134.00,1270
1287,126,2018-05-07,2018-05-07,0,4,6.00,68.90,t,3.90,65.00,1271
1288,321,2018-05-07,2018-05-07,0,11,6.00,100.00,t,5.66,94.34,1272
1289,193,2018-05-07,2018-05-07,0,12,6.00,142.04,t,8.04,134.00,1273
1291,133,2018-05-07,2018-05-07,0,12,6.00,142.04,t,8.04,134.00,1275
1292,108,2018-05-07,2018-05-07,0,4,6.00,235.32,t,13.32,222.00,1276
1293,178,2018-05-08,2018-05-08,0,12,6.00,142.04,t,8.04,134.00,1277
1311,655,2018-05-08,2018-05-08,0,2,6.00,890.40,t,50.40,840.00,1295
1295,183,2018-05-08,2018-05-08,0,12,6.00,142.04,t,8.04,134.00,1279
1294,285,2018-05-08,2018-05-08,0,11,6.00,52.00,t,2.94,49.06,1278
1296,782,2018-05-08,2018-05-08,0,12,6.00,142.04,t,8.04,134.00,1280
1297,693,2018-05-08,2018-05-08,0,5,6.00,2000.00,t,87.74,1912.26,1281
1298,753,2018-05-08,2018-05-08,0,12,6.00,142.04,t,8.04,134.00,1282
1299,812,2018-05-08,2018-05-08,0,12,6.00,142.04,t,8.04,134.00,1283
1301,139,2018-05-08,2018-05-08,0,12,6.00,142.04,t,8.04,134.00,1285
1300,406,2018-05-08,2018-05-08,0,11,6.00,824.30,t,42.13,782.17,1284
1302,268,2018-05-08,2018-05-08,0,7,6.00,88.00,t,4.98,83.02,1286
1303,157,2018-05-08,2018-05-08,0,12,6.00,142.04,t,8.04,134.00,1287
1304,165,2018-05-08,2018-05-08,0,12,6.00,142.04,t,8.04,134.00,1288
1305,83,2018-05-08,2018-05-08,0,12,6.00,142.04,t,8.04,134.00,1289
1306,119,2018-05-08,2018-05-08,0,12,6.00,142.04,t,8.04,134.00,1290
1307,377,2018-05-08,2018-05-08,0,11,6.00,373.30,t,18.30,355.00,1291
1308,284,2018-05-08,2018-05-08,0,11,6.00,38.20,t,2.16,36.04,1292
1309,290,2018-05-08,2018-05-08,0,3,6.00,1047.65,t,59.30,988.35,1293
1313,596,2018-05-08,2018-05-08,0,2,6.00,890.40,t,50.40,840.00,1297
1314,714,2018-05-08,2018-05-08,0,2,6.00,890.40,t,50.40,840.00,1298
1316,506,2018-05-08,2018-05-08,0,5,6.00,116.60,t,6.60,110.00,1300
1317,473,2018-05-08,2018-05-08,0,11,6.00,507.00,t,27.00,480.00,1301
1318,625,2018-05-08,2018-05-08,0,5,6.00,116.60,t,6.60,110.00,1302
1315,620,2018-05-08,2018-05-08,0,2,6.00,890.40,t,50.40,840.00,1303
1319,342,2018-05-08,2018-05-08,0,2,6.00,890.40,t,50.40,840.00,1304
1321,58,2018-05-08,2018-05-08,0,2,6.00,890.40,t,50.40,840.00,1306
1322,386,2018-05-08,2018-05-08,0,2,6.00,890.40,t,50.40,840.00,1307
1320,596,2018-05-08,2018-05-08,0,5,6.00,222.60,t,12.60,210.00,1305
1323,314,2018-05-08,2018-05-08,0,2,6.00,1272.00,t,72.00,1200.00,1308
1324,595,2018-05-08,2018-05-08,0,5,6.00,222.60,t,12.60,210.00,1309
1326,810,2018-05-08,2018-05-08,0,2,6.00,890.40,t,50.40,840.00,1311
1327,71,2018-05-08,2018-05-08,0,2,6.00,890.40,t,50.40,840.00,1312
1328,455,2018-05-10,2018-05-10,0,11,6.00,507.00,t,27.00,480.00,1313
1332,308,2018-05-10,2018-05-10,0,11,6.00,507.00,t,27.00,480.00,1317
1333,833,2018-05-10,2018-05-10,0,3,6.00,1160.70,t,65.70,1095.00,1318
1335,595,2018-05-10,2018-05-10,0,12,6.00,47.70,t,2.70,45.00,1320
1336,596,2018-05-10,2018-05-10,0,12,6.00,45.58,t,2.58,43.00,1321
1337,354,2018-05-10,2018-05-10,0,11,6.00,507.00,t,27.00,480.00,1322
1338,102,2018-05-10,2018-05-10,0,4,6.00,250.00,t,11.32,238.68,1323
1339,457,2018-05-10,2018-05-10,0,11,6.00,507.00,t,27.00,480.00,1324
1340,126,2018-05-10,2018-05-10,0,4,6.00,318.00,t,18.00,300.00,1325
1341,784,2018-05-10,2018-05-10,0,7,6.00,710.70,t,35.70,675.00,1326
1342,248,2018-05-10,2018-05-10,0,11,6.00,507.00,t,27.00,480.00,1327
1343,605,2018-05-11,2018-05-11,0,9,6.00,324.20,t,15.52,308.68,1328
1344,170,2018-05-11,2018-05-11,0,8,6.00,415.00,t,15.00,400.00,1329
1345,565,2018-05-11,2018-05-11,0,5,6.00,643.42,t,36.42,607.00,1330
1346,198,2018-05-11,2018-05-11,0,8,6.00,415.00,t,15.00,400.00,1331
1347,815,2018-05-11,2018-05-11,0,7,6.00,810.00,t,34.53,775.47,1332
1348,815,2018-05-11,2018-05-11,0,7,6.00,710.70,t,35.70,675.00,1333
1349,193,2018-05-11,2018-05-11,0,8,6.00,250.00,t,11.32,238.68,1334
1329,675,2018-05-10,2018-05-10,0,9,6.00,665.00,t,26.32,638.68,1314
1330,631,2018-05-10,2018-05-10,0,9,6.00,665.00,t,26.32,638.68,1315
1351,681,2018-05-11,2018-05-11,0,9,6.00,521.00,t,21.00,500.00,1335
1352,605,2018-05-11,2018-05-11,0,9,6.00,478.60,t,18.60,460.00,1336
1353,521,2018-05-11,2018-05-11,0,9,6.00,415.00,t,15.00,400.00,1337
1354,542,2018-05-11,2018-05-11,0,9,6.00,415.00,t,15.00,400.00,1338
1355,517,2018-05-11,2018-05-11,0,9,6.00,415.00,t,15.00,400.00,1339
1325,680,2018-05-08,2018-05-08,0,9,6.00,763.40,t,23.40,740.00,1310
1356,17,2018-05-11,2018-05-11,0,12,6.00,415.00,t,15.00,400.00,1340
1334,781,2018-05-10,2018-05-10,0,7,6.00,1120.40,t,50.40,1070.00,1319
1358,285,2018-05-14,2018-05-14,0,3,6.00,95.40,t,5.40,90.00,1342
1360,462,2018-05-14,2018-05-14,0,3,6.00,900.00,t,50.94,849.06,1344
1361,263,2018-05-14,2018-05-14,0,7,6.00,90.10,t,5.10,85.00,1345
1362,520,2018-05-14,2018-05-14,0,9,6.00,415.00,t,15.00,400.00,1346
1290,162,2018-05-07,2018-05-07,0,12,6.00,1200.00,t,62.26,1137.74,1274
1367,595,2018-05-14,2018-05-14,0,2,6.00,890.40,t,50.40,840.00,1351
1368,154,2018-05-14,2018-05-14,0,2,6.00,890.40,t,50.40,840.00,1352
1369,487,2018-05-14,2018-05-14,0,2,6.00,890.40,t,50.40,840.00,1353
1370,454,2018-05-14,2018-05-14,0,2,6.00,890.40,t,50.40,840.00,1354
1371,150,2018-05-14,2018-05-14,0,2,6.00,890.40,t,50.40,840.00,1355
1372,521,2018-05-14,2018-05-14,0,2,6.00,890.40,t,50.40,840.00,1356
1373,542,2018-05-14,2018-05-14,0,2,6.00,890.40,t,50.40,840.00,1357
1374,717,2018-05-14,2018-05-14,0,2,6.00,890.40,t,50.40,840.00,1358
1375,208,2018-05-14,2018-05-14,0,2,6.00,890.40,t,50.40,840.00,1359
1376,550,2018-05-14,2018-05-14,0,9,6.00,250.00,t,11.32,238.68,1360
1378,39,2018-05-14,2018-05-14,0,4,6.00,415.00,t,15.00,400.00,1362
1379,559,2018-05-15,2018-05-15,0,9,6.00,70.00,t,3.96,66.04,1363
1380,834,2018-05-15,2018-05-15,0,2,6.00,61.50,t,3.48,58.02,1364
1366,136,2018-05-14,2018-05-14,0,8,0.00,0.00,t,0.00,0.00,1350
1381,136,2018-05-15,2018-05-15,0,8,6.00,665.00,t,26.32,638.68,1365
1382,611,2018-05-15,2018-05-15,0,5,6.00,474.88,t,26.88,448.00,1366
1359,635,2018-05-14,2018-05-14,0,9,6.00,436.20,t,16.20,420.00,1343
1383,742,2018-05-15,2018-05-15,0,7,6.00,710.70,t,35.70,675.00,1367
1357,380,2018-05-15,2018-05-15,0,3,6.00,84.00,t,0.00,84.00,1341
1385,56,2018-05-15,2018-05-15,0,8,6.00,665.00,t,26.32,638.68,1369
1384,748,2018-05-15,2018-05-15,0,6,6.00,349.80,t,19.80,330.00,1368
1386,343,2018-05-15,2018-05-15,0,2,6.00,890.40,t,50.40,840.00,1370
1387,588,2018-05-15,2018-05-15,0,2,6.00,890.40,t,50.40,840.00,1371
1388,172,2018-05-15,2018-05-15,0,8,6.00,665.00,t,26.32,638.68,1372
1389,588,2018-05-15,2018-05-15,0,5,6.00,690.78,t,27.78,663.00,1373
1390,182,2018-05-15,2018-05-15,0,8,6.00,250.00,t,11.32,238.68,1374
1391,172,2018-05-15,2018-05-15,0,2,6.00,890.40,t,50.40,840.00,1375
1392,543,2018-05-15,2018-05-15,0,3,6.00,670.60,t,30.60,640.00,1376
1393,438,2018-05-15,2018-05-15,0,3,6.00,1439.00,t,1.13,1437.87,1377
1365,38,2018-05-14,2018-05-14,0,8,6.00,415.00,t,15.00,400.00,1349
1396,835,2018-05-16,2018-05-16,0,4,6.00,3000.00,t,110.38,2889.62,1380
1397,130,2018-05-16,2018-05-16,0,8,6.00,250.00,t,11.32,238.68,1381
1395,68,2018-05-16,2018-05-16,0,12,6.00,468.00,t,18.00,450.00,1379
1398,572,2018-05-16,2018-05-16,0,5,6.00,250.00,t,11.32,238.68,1382
1399,120,2018-05-16,2018-05-16,0,8,6.00,250.00,t,11.32,238.68,1383
1400,394,2018-05-16,2018-05-16,0,7,6.00,66.80,t,3.78,63.02,1384
1401,674,2018-05-16,2018-05-16,0,9,6.00,250.00,t,11.32,238.68,1385
1402,817,2018-05-16,2018-05-16,0,9,6.00,530.00,t,30.00,500.00,1386
1403,674,2018-05-16,2018-05-16,0,9,6.00,372.06,t,21.06,351.00,1387
1394,607,2018-05-16,2018-05-16,0,12,6.00,686.20,t,27.52,658.68,1378
1404,524,2018-05-17,2018-05-17,0,9,6.00,50.00,t,0.00,50.00,1388
1405,679,2018-05-17,2018-05-17,0,9,6.00,50.00,t,0.00,50.00,1389
1406,516,2018-05-17,2018-05-17,0,9,6.00,50.00,t,0.00,50.00,1390
1407,519,2018-05-17,2018-05-17,0,9,6.00,50.00,t,0.00,50.00,1391
1364,162,2018-05-14,2018-05-14,0,4,6.00,250.00,t,11.32,238.68,1348
1408,307,2018-05-17,2018-05-17,0,3,6.00,482.30,t,27.30,455.00,1392
1409,462,2018-05-17,2018-05-17,0,3,6.00,529.00,t,29.94,499.06,1393
1410,43,2018-05-17,2018-05-17,0,12,6.00,250.00,t,11.32,238.68,1394
1411,23,2018-05-17,2018-05-17,0,12,6.00,250.00,t,11.32,238.68,1395
1412,262,2018-05-18,2018-05-18,0,7,6.00,90.10,t,5.10,85.00,1396
1413,824,2018-05-18,2018-05-18,0,3,6.00,84.80,t,4.80,80.00,1397
1414,148,2018-05-18,2018-05-18,0,12,6.00,250.00,t,11.32,238.68,1398
1415,130,2018-05-18,2018-05-18,0,6,6.00,173.84,t,9.84,164.00,1399
1416,386,2018-05-18,2018-05-18,0,7,6.00,613.40,t,23.40,590.00,1400
1417,253,2018-05-18,2018-05-18,0,7,6.00,415.00,t,15.00,400.00,1401
1418,101,2018-05-18,2018-05-18,0,4,6.00,101.76,t,5.76,96.00,1402
1419,38,2018-05-18,2018-05-18,0,4,6.00,130.00,t,7.36,122.64,1403
1420,462,2018-05-18,2018-05-18,0,3,6.00,580.00,t,15.85,564.15,1404
1421,284,2018-05-18,2018-05-18,0,3,6.00,291.50,t,16.50,275.00,1405
