job_id|createdby_userid|assignto_mappingid|job_entrydate|company_id|job_remark|job_isposted
1|2|4|12/10/2017|20||t
2|3|2|09/12/2017|207||t
3|2|9|27/12/2017|125||t
5|2|6|27/12/2017|653||t
4|2|9|27/12/2017|163||t
6|2|2|29/12/2017|57||t
10|4|4|02/01/2018|747||t
8|4|4|02/01/2018|740||t
7|4|4|02/01/2018|741||t
9|4|4|02/01/2018|739||t
11|4|4|02/01/2018|139||t
12|2|2|02/01/2018|504||t
13|3|2|02/01/2018|378||t
14|9|10|02/01/2018|696|FS@2014-12-31|t
15|9|10|02/01/2018|695||t
16|5|6|02/01/2018|751||t
49|3|2|04/01/2018|470||t
22|7|8|02/01/2018|313||t
21|7|8|02/01/2018|379||t
20|7|8|02/01/2018|397||t
18|7|8|02/01/2018|381||t
23|9|10|02/01/2018|661||t
24|9|10|02/01/2018|690||t
48|3|2|04/01/2018|328||t
25|5|6|03/01/2018|519||t
26|9|10|03/01/2018|661||t
27|7|8|03/01/2018|376||t
47|3|2|04/01/2018|204||t
28|4|4|03/01/2018|136||t
29|9|10|03/01/2018|690||t
30|9|10|03/01/2018|690||t
31|9|10|03/01/2018|661||t
32|7|8|03/01/2018|755||t
33|5|6|03/01/2018|600||t
34|5|6|03/01/2018|605||t
50|4|4|04/01/2018|52||t
35|8|9|04/01/2018|110||t
36|7|8|04/01/2018|408||t
37|8|9|04/01/2018|164||t
38|3|2|04/01/2018|483||t
39|3|2|04/01/2018|483||t
51|8|9|05/01/2018|123||t
40|7|8|04/01/2018|376||t
41|9|10|04/01/2018|573||t
42|9|10|04/01/2018|573||t
43|9|10|04/01/2018|573||t
44|8|9|04/01/2018|7||t
46|5|6|04/01/2018|623||t
45|5|6|04/01/2018|623||t
53|3|2|05/01/2018|204||t
54|3|2|05/01/2018|328||t
55|3|2|05/01/2018|470||t
56|8|9|05/01/2018|44||t
52|8|9|05/01/2018|44||t
57|9|10|05/01/2018|573||t
58|7|8|05/01/2018|468||t
59|7|8|05/01/2018|291||t
60|4|4|05/01/2018|52||t
61|8|9|05/01/2018|69||t
62|7|8|05/01/2018|404||t
63|5|6|05/01/2018|725||t
64|3|2|05/01/2018|448||t
65|9|10|05/01/2018|760||t
66|7|8|05/01/2018|291||t
67|9|10|05/01/2018|701||t
68|4|9|06/01/2018|76||t
69|7|8|06/01/2018|307||t
70|3|2|06/01/2018|346||t
71|9|10|08/01/2018|590||t
72|3|2|08/01/2018|449||t
73|7|8|08/01/2018|315||t
74|9|10|08/01/2018|705||t
75|9|10|08/01/2018|705||t
76|5|6|08/01/2018|515||t
77|4|4|08/01/2018|124||t
78|7|8|08/01/2018|468||t
79|9|10|08/01/2018|688||t
80|3|2|08/01/2018|765||t
81|8|9|09/01/2018|203||t
82|9|10|09/01/2018|617||t
93|5|6|10/01/2018|600||t
83|4|4|09/01/2018|81||t
84|4|4|09/01/2018|84||t
85|9|10|09/01/2018|702||t
86|9|10|09/01/2018|702||t
87|5|6|09/01/2018|702||t
88|7|8|09/01/2018|350||t
91|3|2|09/01/2018|380||t
90|3|2|09/01/2018|660||t
89|3|2|09/01/2018|654||t
92|9|10|09/01/2018|699||t
94|7|8|10/01/2018|459||t
95|7|8|10/01/2018|449||t
96|4|4|10/01/2018|126||t
97|5|6|10/01/2018|671||t
98|7|8|10/01/2018|373||t
99|7|8|10/01/2018|436||t
100|7|8|10/01/2018|436||t
101|4|4|10/01/2018|126||t
102|9|10|10/01/2018|720||t
103|9|10|10/01/2018|720||t
104|9|10|10/01/2018|515||t
105|3|2|10/01/2018|367||t
106|3|2|10/01/2018|367||t
107|5|6|10/01/2018|515||t
108|7|8|10/01/2018|771||t
110|8|9|11/01/2018|121||t
111|8|9|11/01/2018|146||t
112|5|6|11/01/2018|662||t
113|5|6|11/01/2018|515||t
114|8|9|11/01/2018|192||t
115|8|9|11/01/2018|82||t
116|3|2|11/01/2018|351||t
117|8|9|11/01/2018|25||t
118|5|6|12/01/2018|671||t
119|5|6|12/01/2018|597||t
120|6|13|12/01/2018|313||t
121|7|8|12/01/2018|313||t
122|7|8|12/01/2018|313||t
123|7|8|12/01/2018|453||t
124|4|4|12/01/2018|126||t
126|7|8|12/01/2018|391||t
125|4|4|12/01/2018|153||t
127|9|10|12/01/2018|725||t
109|4|4|11/01/2018|76||t
128|5|6|12/01/2018|693||t
129|3|2|12/01/2018|337||t
130|3|2|12/01/2018|337||t
131|7|8|12/01/2018|479||t
132|7|8|12/01/2018|479||t
134|7|8|12/01/2018|426||t
133|3|2|12/01/2018|343||t
135|4|4|12/01/2018|153||t
136|4|4|12/01/2018|153||t
185|9|10|16/01/2018|565||t
157|3|2|12/01/2018|454||t
159|5|6|12/01/2018|705||t
160|7|8|12/01/2018|261||t
156|9|10|12/01/2018|691||t
155|9|10|12/01/2018|573||t
154|9|10|12/01/2018|679||t
153|9|10|12/01/2018|687||t
152|9|10|12/01/2018|562||t
151|9|10|12/01/2018|521||t
150|9|10|12/01/2018|636||t
149|9|10|12/01/2018|602||t
148|9|10|12/01/2018|542||t
147|9|10|12/01/2018|527||t
146|9|10|12/01/2018|520||t
145|9|10|12/01/2018|524||t
144|9|10|12/01/2018|528||t
143|9|10|12/01/2018|518||t
142|9|10|12/01/2018|517||t
141|9|10|12/01/2018|516||t
140|9|10|12/01/2018|515||t
139|9|10|12/01/2018|519||t
138|9|10|12/01/2018|514||t
137|9|10|12/01/2018|522||t
161|9|10|15/01/2018|625||t
162|4|4|15/01/2018|33||t
163|3|2|15/01/2018|378||t
164|8|9|15/01/2018|58||t
165|3|2|15/01/2018|479||t
166|3|2|15/01/2018|479||t
167|5|6|15/01/2018|515||t
168|7|8|15/01/2018|346||t
169|8|9|15/01/2018|131||t
170|6|13|15/01/2018|448||t
171|5|6|15/01/2018|515||t
173|8|9|16/01/2018|25||t
174|2|1|16/01/2018|123||t
177|8|9|16/01/2018|188||t
178|9|10|16/01/2018|776||t
179|9|10|16/01/2018|776||t
180|4|4|16/01/2018|100||t
181|3|2|16/01/2018|345||t
182|4|9|16/01/2018|126||t
176|4|4|16/01/2018|738||t
175|4|4|16/01/2018|738||t
183|9|10|16/01/2018|497||t
184|9|10|16/01/2018|623||t
186|9|10|16/01/2018|662||t
187|3|2|16/01/2018|402||t
188|3|2|16/01/2018|402||t
172|4|4|15/01/2018|68||t
189|6|13|17/01/2018|346||t
190|9|10|17/01/2018|520||t
191|7|8|17/01/2018|309||t
193|3|2|17/01/2018|132||t
194|3|2|17/01/2018|132||t
192|4|4|17/01/2018|728||t
195|4|4|17/01/2018|728||t
196|7|8|17/01/2018|245||t
197|7|8|17/01/2018|339||t
198|9|10|17/01/2018|533||t
199|9|10|17/01/2018|720||t
200|3|2|17/01/2018|106||t
201|3|2|17/01/2018|322||t
202|7|8|17/01/2018|355||t
203|9|10|17/01/2018|515||t
204|4|4|18/01/2018|39||t
205|7|8|18/01/2018|453||t
206|4|4|18/01/2018|126||t
207|4|4|18/01/2018|126||t
208|4|4|18/01/2018|126||t
1324|8|9|14/05/2018|172||t
215|8|9|18/01/2018|157||t
216|6|13|18/01/2018|453||t
1345|12|17|16/05/2018|607|Annual Return @ 2018-05-20|t
219|2|2|18/01/2018|453||t
220|4|4|18/01/2018|163||t
221|8|9|18/01/2018|183||t
222|8|9|18/01/2018|53||t
223|8|9|18/01/2018|53||t
224|4|4|18/01/2018|163||t
1357|12|17|16/05/2018|607|FS@2017-12-31|t
226|2|2|18/01/2018|375||t
228|8|9|19/01/2018|90||t
229|8|9|19/01/2018|84||t
1368|7|8|18/05/2018|262||t
1378|11|16|21/05/2018|248||t
234|8|9|19/01/2018|763||t
235|6|13|19/01/2018|366||t
236|2|2|19/01/2018|718||t
237|6|15|19/01/2018|591||t
238|7|8|19/01/2018|477||t
239|7|8|19/01/2018|366||t
240|5|6|19/01/2018|776||t
241|8|9|19/01/2018|104||t
243|2|2|19/01/2018|290||t
244|8|9|19/01/2018|132||t
245|5|6|19/01/2018|591||t
246|8|9|22/01/2018|82||t
247|8|9|22/01/2018|185||t
248|9|10|22/01/2018|677||t
250|2|2|22/01/2018|285||t
251|4|4|22/01/2018|153||t
252|2|2|22/01/2018|274||t
254|4|4|22/01/2018|777||t
253|4|4|22/01/2018|777||t
255|4|4|22/01/2018|777||t
256|7|8|22/01/2018|733||t
258|2|2|23/01/2018|778||t
259|9|10|23/01/2018|497||t
260|7|8|23/01/2018|399||t
261|7|8|23/01/2018|399||t
1392|11|16|21/05/2018|307||t
263|2|8|23/01/2018|439||t
264|9|10|23/01/2018|610||t
265|2|2|23/01/2018|349||t
266|7|8|23/01/2018|285||t
267|2|2|23/01/2018|207||t
269|6|13|23/01/2018|349||t
268|6|13|23/01/2018|351||t
270|9|10|23/01/2018|693||t
271|9|10|23/01/2018|693||t
272|9|10|23/01/2018|693||t
273|9|10|23/01/2018|613||t
274|2|2|23/01/2018|342||t
276|7|8|23/01/2018|433||t
1400|8|9|22/05/2018|726||t
1407|12|17|23/05/2018|569|FS@2017-12-31|t
1413|12|17|23/05/2018|570|FS@2017-12-31|t
1385|4|4|21/05/2018|813||t
275|7|8|23/01/2018|465||t
277|2|2|23/01/2018|325||t
278|2|2|23/01/2018|325||t
279|4|4|24/01/2018|199||t
280|8|9|24/01/2018|19||t
281|9|10|24/01/2018|591||t
282|9|10|24/01/2018|591||t
283|9|10|24/01/2018|591||t
284|6|13|24/01/2018|519||t
285|7|8|24/01/2018|468||t
286|5|6|24/01/2018|641||t
287|5|6|24/01/2018|641||t
288|2|2|24/01/2018|228||t
289|6|14|24/01/2018|172||t
290|9|10|25/01/2018|632||t
291|8|9|25/01/2018|750||t
292|9|10|25/01/2018|610||t
293|7|8|25/01/2018|460||t
294|9|10|25/01/2018|723||t
295|5|6|25/01/2018|705||t
296|8|9|25/01/2018|750||t
297|4|4|25/01/2018|77||t
298|8|9|26/01/2018|779||t
299|8|9|26/01/2018|197||t
301|9|10|26/01/2018|608||t
302|5|6|26/01/2018|552||t
303|9|10|26/01/2018|608||t
209|3|2|18/01/2018|-1||f
304|9|10|29/01/2018|643||t
350|7|8|03/02/2018|422||t
305|5|6|29/01/2018|600|Overdraft Facilities with RHB Bank|t
306|9|10|29/01/2018|643||t
307|5|6|29/01/2018|606||t
308|6|15|29/01/2018|600||t
767|5|6|20/03/2018|552||t
309|9|10|29/01/2018|671||t
310|8|9|30/01/2018|45||t
311|7|8|30/01/2018|780||t
312|9|10|30/01/2018|507||t
313|9|10|30/01/2018|623||t
314|9|10|30/01/2018|497||t
315|6|14|30/01/2018|54||t
316|8|9|30/01/2018|39||t
317|8|9|30/01/2018|39||t
318|9|10|30/01/2018|657||t
319|8|9|30/01/2018|108||t
321|2|2|30/01/2018|415||t
322|2|2|02/02/2018|285||t
323|7|8|02/02/2018|398||t
324|7|8|02/02/2018|468||t
325|7|8|02/02/2018|295||t
326|7|8|02/02/2018|275||t
327|9|10|02/02/2018|553||t
328|7|8|02/02/2018|275||t
329|2|1|02/02/2018|657||t
342|3|2|02/02/2018|434||t
330|7|8|02/02/2018|475||t
331|7|8|02/02/2018|475||t
337|6|13|02/02/2018|434||t
336|6|14|02/02/2018|172||t
335|6|14|02/02/2018|55||t
334|6|15|02/02/2018|657||t
333|6|13|02/02/2018|207||t
339|2|2|02/02/2018|447||t
338|2|2|02/02/2018|307||t
340|2|1|02/02/2018|515||t
341|7|8|02/02/2018|742||t
343|6|14|03/02/2018|114||t
345|6|13|03/02/2018|447||t
344|6|13|03/02/2018|307||t
320|3|2|30/01/2018|415||t
347|2|1|03/02/2018|782||t
348|9|10|03/02/2018|657||t
349|4|4|03/02/2018|3||t
351|7|8|03/02/2018|781||t
352|9|10|03/02/2018|514||t
353|8|9|05/02/2018|199||t
354|8|9|05/02/2018|169||t
356|7|8|05/02/2018|312||t
357|6|15|05/02/2018|600||t
1336|6|13|15/05/2018|748||t
361|4|4|05/02/2018|-1||f
363|9|10|05/02/2018|538||t
364|9|10|05/02/2018|538||t
365|9|10|05/02/2018|735||t
366|2|2|05/02/2018|751||t
367|7|8|05/02/2018|784||t
369|12|17|06/02/2018|622||t
370|9|10|06/02/2018|561||t
371|9|10|06/02/2018|561||t
372|11|16|06/02/2018|317||t
1347|12|17|16/05/2018|68|Annual Return @ 2018-05-25|t
771|5|6|20/03/2018|515||t
374|11|16|06/02/2018|286|Financial Statement|t
776|8|9|20/03/2018|183||t
781|3|2|20/03/2018|798||t
375|12|17|06/02/2018|68||t
1358|9|10|17/05/2018|514||t
376|11|16|06/02/2018|286||t
378|6|15|06/02/2018|698||t
379|2|1|06/02/2018|137||t
786|12|17|20/03/2018|83|Change of Director|t
790|8|9|20/03/2018|119||t
794|7|8|20/03/2018|328||t
798|8|9|21/03/2018|143||t
673|4|4|12/03/2018|738||t
671|4|4|12/03/2018|738||t
670|4|4|12/03/2018|738||t
651|4|4|08/03/2018|189||t
380|5|6|06/02/2018|552||t
381|8|9|06/02/2018|35||t
649|4|4|08/03/2018|188||t
648|4|4|08/03/2018|188||t
647|4|4|08/03/2018|188||t
631|4|4|07/03/2018|197||t
607|4|4|05/03/2018|193||t
600|4|4|03/03/2018|153||t
592|4|4|02/03/2018|33||t
585|4|4|02/03/2018|54||t
581|4|4|01/03/2018|789||t
568|4|4|27/02/2018|132||t
529|4|4|21/02/2018|789||t
509|4|4|20/02/2018|150||t
497|4|4|15/02/2018|150||t
489|4|4|14/02/2018|111||t
480|4|4|14/02/2018|188||t
1369|3|2|18/05/2018|824||t
1325|4|4|14/05/2018|172||t
257|3|2|23/01/2018|778||t
383|7|8|06/02/2018|717||t
384|12|17|06/02/2018|581||t
385|9|10|06/02/2018|524||t
386|9|10|06/02/2018|524||t
387|9|10|06/02/2018|524||t
1337|8|9|15/05/2018|56||t
391|9|10|07/02/2018|682||t
392|11|16|07/02/2018|422||t
393|2|2|07/02/2018|290||t
463|2|2|13/02/2018|325||t
394|12|17|07/02/2018|534|FS@2017-07-31|t
395|9|10|07/02/2018|497||t
396|11|16|07/02/2018|458||t
397|2|1|07/02/2018|404||t
398|2|1|07/02/2018|778||t
399|7|8|07/02/2018|393||t
400|2|1|07/02/2018|719||t
401|2|1|07/02/2018|719||t
438|5|6|09/02/2018|558||t
402|2|1|07/02/2018|719||t
403|2|1|07/02/2018|719||t
405|2|2|07/02/2018|357||t
406|8|9|07/02/2018|51||t
407|9|10|07/02/2018|586||t
408|9|10|07/02/2018|586||t
1348|8|9|16/05/2018|130||t
412|9|10|08/02/2018|641||t
1359|9|10|17/05/2018|524||t
415|2|1|08/02/2018|137||t
416|7|8|08/02/2018|746||t
417|2|2|08/02/2018|719||t
418|11|16|08/02/2018|399||t
419|9|10|08/02/2018|692||t
420|9|10|08/02/2018|692||t
422|11|16|08/02/2018|774||t
1361|9|10|17/05/2018|516||t
424|11|16|08/02/2018|344||t
425|9|10|08/02/2018|594||t
426|7|8|08/02/2018|221||t
782|6|13|20/03/2018|215||t
777|4|4|20/03/2018|726||t
1370|12|17|18/05/2018|148|FS@2017-12-31|t
772|4|4|20/03/2018|740||t
437|12|17|09/02/2018|572|AR@2018-02-23|t
428|7|8|08/02/2018|219||t
464|9|10|13/02/2018|547||t
429|7|8|09/02/2018|785||t
430|5|6|09/02/2018|515||t
413|5|6|08/02/2018|659||t
411|5|6|07/02/2018|539||t
404|5|6|07/02/2018|698||t
431|12|17|09/02/2018|565||t
499|4|4|19/02/2018|113||t
1379|9|10|21/05/2018|552||t
432|7|8|09/02/2018|785||t
433|7|8|09/02/2018|300||t
434|5|6|09/02/2018|519||t
435|9|10|09/02/2018|671||t
1386|9|10|21/05/2018|688||t
1393|8|9|21/05/2018|154||t
436|12|17|09/02/2018|572|AR@2018-02-23|t
439|5|6|09/02/2018|660||t
440|2|2|09/02/2018|786||t
441|12|17|09/02/2018|507|AR@2018-02-24|t
442|5|6|09/02/2018|661||t
1401|7|8|22/05/2018|269||t
445|11|16|09/02/2018|331||t
446|12|17|09/02/2018|678|AR@2018-02-25|t
447|12|17|12/02/2018|38|AR@2018-03-03|t
448|7|8|12/02/2018|337||t
449|5|6|12/02/2018|600||t
1408|5|6|23/05/2018|656||t
452|2|2|12/02/2018|268||t
453|11|16|12/02/2018|712||t
454|12|17|12/02/2018|683|AR@2018-02-27|t
455|7|8|12/02/2018|460||t
456|8|9|12/02/2018|184||t
457|2|2|12/02/2018|330||t
458|2|2|12/02/2018|315||t
459|11|16|13/02/2018|499||t
1414|7|8|23/05/2018|718||t
1420|5|6|23/05/2018|591||t
465|9|10|13/02/2018|599||t
467|11|16|13/02/2018|402||t
1426|3|2|23/05/2018|211||t
468|9|10|13/02/2018|601||t
469|7|8|13/02/2018|733||t
470|11|16|13/02/2018|414||t
471|12|17|13/02/2018|155|AR@2018-03-16|t
472|11|16|13/02/2018|308||t
1432|11|16|24/05/2018|463||t
473|8|9|13/02/2018|188||t
475|9|10|14/02/2018|616||t
476|9|10|14/02/2018|679||t
477|7|8|14/02/2018|422||t
478|11|16|14/02/2018|382||t
1438|7|8|25/05/2018|761||t
481|11|16|14/02/2018|251||t
482|11|16|14/02/2018|251||t
483|11|16|14/02/2018|448||t
1444|9|10|25/05/2018|604||t
485|11|16|14/02/2018|448||t
1450|8|9|25/05/2018|147||t
1455|8|9|25/05/2018|119||t
1326|4|4|14/05/2018|162||t
486|9|10|14/02/2018|539||t
487|5|6|14/02/2018|722||t
488|12|17|14/02/2018|165|AR@2018-03-16|t
491|2|1|14/02/2018|369||t
492|12|17|14/02/2018|779|AR@2018-03-10|t
493|7|8|14/02/2018|718||t
494|2|1|15/02/2018|763||t
495|12|17|15/02/2018|779|AR@2018-03-10|t
500|11|16|19/02/2018|272||t
501|11|16|19/02/2018|482||t
502|11|16|19/02/2018|272||t
503|11|16|19/02/2018|456||t
504|11|16|19/02/2018|456||t
505|9|10|19/02/2018|589||t
506|9|10|19/02/2018|617||t
507|12|17|20/02/2018|167|AR@2018-03-24|t
508|11|16|20/02/2018|401||t
510|9|10|20/02/2018|540||t
511|12|17|20/02/2018|39|AR@2018-06-02|t
512|5|6|20/02/2018|687||t
513|7|8|20/02/2018|306||t
768|3|2|20/03/2018|290||t
773|11|16|20/03/2018|345||t
514|11|16|20/02/2018|419||t
515|11|16|20/02/2018|419||t
561|6|15|27/02/2018|552||t
516|11|16|20/02/2018|419||t
517|5|6|20/02/2018|524||t
1327|8|9|14/05/2018|136||t
520|7|8|21/02/2018|217||t
521|9|10|21/02/2018|600||t
778|8|9|20/03/2018|178||t
522|7|8|21/02/2018|456||t
523|11|16|21/02/2018|251||t
783|12|17|20/03/2018|157|Changes of Director|t
787|12|17|20/03/2018|165|Change of Directors|t
1338|3|2|15/05/2018|748||t
525|9|10|21/02/2018|529||t
526|5|6|21/02/2018|573||t
528|7|8|21/02/2018|353||t
527|7|8|21/02/2018|437||t
530|6|15|21/02/2018|498||t
531|8|9|21/02/2018|739||t
532|5|6|22/02/2018|498||t
1349|5|6|16/05/2018|572||t
534|5|6|22/02/2018|540||t
791|12|17|20/03/2018|767|CTC|t
536|11|16|22/02/2018|209||t
537|8|9|22/02/2018|64||t
538|8|9|22/02/2018|739||t
539|11|16|22/02/2018|748||t
1360|9|10|17/05/2018|679||t
541|5|6|23/02/2018|657||t
542|6|15|23/02/2018|657||t
543|2|2|23/02/2018|295||t
544|11|16|23/02/2018|408||t
545|12|17|23/02/2018|107|AR @ 2018-03-20|t
546|5|6|23/02/2018|600||t
547|5|6|23/02/2018|529||t
548|5|6|23/02/2018|764||t
549|9|10|26/02/2018|734||t
550|11|16|26/02/2018|448||t
551|7|8|26/02/2018|364||t
552|7|8|26/02/2018|790||t
553|12|17|26/02/2018|117|AR@2018-03-14|t
554|11|16|26/02/2018|440||t
556|5|6|26/02/2018|792||t
795|3|2|20/03/2018|204||t
557|11|16|26/02/2018|396||t
558|2|2|26/02/2018|290||t
559|9|10|27/02/2018|754||t
560|11|16|27/02/2018|727||t
562|5|6|27/02/2018|793||t
1371|6|14|18/05/2018|130||t
799|2|1|21/03/2018|290||t
672|4|4|12/03/2018|738||t
564|11|16|27/02/2018|459||t
565|7|8|27/02/2018|427||t
1387|11|16|21/05/2018|403||t
566|6|14|27/02/2018|726||t
1394|11|16|21/05/2018|452||t
569|12|17|28/02/2018|648||t
570|11|16|28/02/2018|250||t
571|8|9|28/02/2018|58||t
572|11|16|28/02/2018|543||t
1402|9|10|22/05/2018|724||t
574|5|6|01/03/2018|635||t
575|5|6|01/03/2018|794||t
576|7|8|01/03/2018|795||t
577|9|10|01/03/2018|662||t
578|8|9|01/03/2018|49||t
1409|9|10|23/05/2018|692||t
579|7|8|01/03/2018|482||t
580|5|6|01/03/2018|572||t
1415|11|16|23/05/2018|304||t
1421|9|10|23/05/2018|680||t
582|9|10|01/03/2018|725||t
583|5|6|01/03/2018|665||t
584|9|10|01/03/2018|767||t
586|7|8|02/03/2018|727||t
597|9|10|03/03/2018|516||t
587|8|9|02/03/2018|198||t
588|9|10|02/03/2018|735||t
589|5|6|02/03/2018|665||t
590|5|6|02/03/2018|538||t
591|9|10|02/03/2018|549||t
1433|7|8|24/05/2018|755||t
593|2|2|02/03/2018|718||t
594|12|17|03/03/2018|39|AR@2018-06-02|t
595|2|2|03/03/2018|226||t
596|9|10|03/03/2018|797||t
598|9|10|03/03/2018|797||t
599|9|10|03/03/2018|797||t
1427|11|16|23/05/2018|312||t
601|9|10|03/03/2018|611||t
602|9|10|05/03/2018|497||t
603|9|10|05/03/2018|657||t
604|2|2|05/03/2018|318||t
1439|12|17|25/05/2018|9|AR@2018-06-03|t
605|9|10|05/03/2018|519||t
1445|5|6|25/05/2018|588||t
609|7|8|05/03/2018|344||t
1451|3|2|25/05/2018|315||t
610|9|10|05/03/2018|625||t
612|6|13|05/03/2018|376||t
611|6|13|05/03/2018|367||t
613|9|10|05/03/2018|608||t
615|9|10|06/03/2018|688||t
614|8|9|05/03/2018|12||t
616|7|8|06/03/2018|742||t
617|2|2|06/03/2018|430||t
618|6|15|06/03/2018|591||t
619|9|10|06/03/2018|725||t
694|3|2|12/03/2018|805||t
692|3|2|12/03/2018|804||t
639|3|2|08/03/2018|543||t
621|7|8|06/03/2018|475||t
622|7|8|06/03/2018|427||t
623|2|2|06/03/2018|221||t
1328|9|10|14/05/2018|550||t
626|5|6|07/03/2018|800||t
627|9|10|07/03/2018|606||t
628|2|2|07/03/2018|447||t
629|8|9|07/03/2018|64||t
630|7|8|07/03/2018|399||t
632|2|2|07/03/2018|263||t
633|5|6|07/03/2018|767||t
634|2|2|07/03/2018|314||t
635|8|9|07/03/2018|740||t
636|2|2|07/03/2018|214||t
637|7|8|08/03/2018|801||t
638|9|10|08/03/2018|621||t
640|9|10|08/03/2018|711||t
641|5|6|08/03/2018|760||t
642|2|1|08/03/2018|76||t
769|2|17|20/03/2018|138||t
774|8|9|20/03/2018|133||t
702|4|4|13/03/2018|14||t
643|7|8|08/03/2018|307||t
779|8|9|20/03/2018|147||t
784|11|16|20/03/2018|431||t
644|9|10|08/03/2018|617||t
645|9|10|08/03/2018|606||t
646|2|2|08/03/2018|215||t
1339|5|6|15/05/2018|588||t
1350|8|9|16/05/2018|120||t
652|2|2|08/03/2018|219||t
653|9|10|09/03/2018|703||t
654|9|10|09/03/2018|624||t
655|7|8|09/03/2018|727||t
656|7|8|09/03/2018|276||t
657|8|9|09/03/2018|124||t
658|11|16|09/03/2018|287||t
659|6|15|09/03/2018|535||t
660|11|16|09/03/2018|204||t
788|12|17|20/03/2018|155|Change of Directors|t
661|6|13|09/03/2018|376||t
662|9|10|09/03/2018|656||t
792|4|4|20/03/2018|738||t
722|4|4|14/03/2018|738||t
711|4|4|14/03/2018|738||t
663|8|9|09/03/2018|128||t
664|8|9|09/03/2018|128||t
796|3|2|20/03/2018|287||t
737|4|4|15/03/2018|77||t
727|4|4|15/03/2018|789||t
723|4|4|14/03/2018|126||t
665|11|16|09/03/2018|328||t
1362|9|10|17/05/2018|519||t
667|9|10|12/03/2018|792||t
1372|7|8|18/05/2018|386||t
1380|11|16|21/05/2018|354||t
1388|8|9|21/05/2018|836||t
675|11|16|12/03/2018|-1||f
676|11|16|12/03/2018|470||f
677|11|16|12/03/2018|470||f
707|4|4|13/03/2018|789||t
695|4|4|12/03/2018|803||t
685|4|4|12/03/2018|803||t
1395|11|16|21/05/2018|249||t
1403|9|10|22/05/2018|629||t
1410|3|2|23/05/2018|380||t
678|9|10|12/03/2018|633||t
680|11|16|12/03/2018|470||f
1416|9|10|23/05/2018|498||t
1422|5|6|23/05/2018|711||t
682|9|10|12/03/2018|633||t
683|9|10|12/03/2018|597||t
684|7|8|12/03/2018|287||t
1428|11|16|23/05/2018|312||t
686|9|10|12/03/2018|540||t
687|9|10|12/03/2018|540||t
1440|9|10|25/05/2018|656||t
1446|8|9|25/05/2018|157||t
1452|11|16|25/05/2018|359||t
688|7|8|12/03/2018|353||t
1434|4|4|24/05/2018|832||t
689|9|10|12/03/2018|597||t
690|9|10|12/03/2018|704||t
691|9|10|12/03/2018|540||t
693|7|8|12/03/2018|353||t
696|6|13|13/03/2018|307||t
697|12|17|13/03/2018|794|Secretarial Fee|t
716|7|8|14/03/2018|343||t
698|2|1|13/03/2018|549||t
699|8|9|13/03/2018|153||t
700|2|6|13/03/2018|549||t
701|8|9|13/03/2018|50||t
717|9|10|14/03/2018|724||t
704|8|9|13/03/2018|34||t
705|8|9|13/03/2018|34||t
706|9|10|13/03/2018|711||t
708|6|13|13/03/2018|268||t
709|7|8|13/03/2018|316||t
718|11|16|14/03/2018|224||f
710|5|6|14/03/2018|550||t
712|7|8|14/03/2018|253||t
713|7|8|14/03/2018|727||t
714|9|10|14/03/2018|568||t
715|11|16|14/03/2018|316||f
719|7|8|14/03/2018|224||t
731|8|9|15/03/2018|99||t
720|2|1|14/03/2018|40||t
721|2|1|14/03/2018|316||t
725|8|9|14/03/2018|188||t
726|8|9|15/03/2018|189||t
729|7|8|15/03/2018|455||t
730|2|1|15/03/2018|640||t
732|2|1|15/03/2018|432||t
733|8|9|15/03/2018|189||t
734|8|9|15/03/2018|189||t
735|5|6|15/03/2018|568||t
736|7|8|15/03/2018|364||t
738|7|8|15/03/2018|454||t
770|8|9|20/03/2018|56||t
739|8|9|15/03/2018|143||t
740|2|2|15/03/2018|770||t
741|5|6|15/03/2018|556||t
742|5|6|15/03/2018|662||t
743|5|6|15/03/2018|497||t
744|5|6|15/03/2018|807||t
745|2|1|15/03/2018|808||t
747|9|10|16/03/2018|615||t
748|8|9|16/03/2018|67||t
749|2|2|16/03/2018|374||t
815|2|1|21/03/2018|299||t
775|12|17|20/03/2018|139|Change of Directors|t
750|9|10|16/03/2018|552||t
1329|2|6|14/05/2018|669||t
754|8|9|16/03/2018|36||t
756|7|8|16/03/2018|774||t
757|5|6|19/03/2018|665||t
758|9|10|19/03/2018|576||t
759|12|17|19/03/2018|142|AR@2018-04-01|t
760|6|13|19/03/2018|415||t
761|8|9|19/03/2018|45||t
762|8|9|19/03/2018|36||t
763|9|10|19/03/2018|615||t
764|7|8|19/03/2018|785||t
765|12|17|19/03/2018|34|FS@2017-09-30|t
766|12|17|19/03/2018|168|AR@2018-04-01|t
752|4|4|16/03/2018|809||t
780|5|6|20/03/2018|682||t
785|7|8|20/03/2018|224||t
789|8|9|20/03/2018|119||t
793|5|6|20/03/2018|699||t
797|7|8|21/03/2018|470||t
751|4|4|16/03/2018|809||t
681|4|4|12/03/2018|802||t
674|4|4|12/03/2018|738||t
669|4|4|12/03/2018|126||t
668|4|4|12/03/2018|126||t
650|4|4|08/03/2018|189||t
625|4|4|07/03/2018|787||t
624|4|4|07/03/2018|787||t
620|4|4|06/03/2018|738||t
608|4|4|05/03/2018|172||t
606|4|4|05/03/2018|147||t
567|4|4|27/02/2018|8||t
563|4|4|27/02/2018|101||t
555|4|4|26/02/2018|789||t
540|4|4|23/02/2018|788||t
535|4|4|22/02/2018|53||t
533|4|4|22/02/2018|789||t
524|4|4|21/02/2018|198||t
519|4|4|21/02/2018|789||t
498|4|4|19/02/2018|108||t
496|4|4|15/02/2018|150||t
484|4|4|14/02/2018|738||t
479|4|4|14/02/2018|788||t
474|4|4|13/02/2018|726||t
462|4|4|13/02/2018|54||t
461|4|4|13/02/2018|787||t
460|4|4|13/02/2018|38||t
451|4|4|12/02/2018|728||t
450|4|4|12/02/2018|728||t
427|4|4|08/02/2018|108||t
423|4|4|08/02/2018|128||t
421|4|4|08/02/2018|128||t
414|4|4|08/02/2018|777||t
410|4|4|07/02/2018|153||t
409|4|4|07/02/2018|739||t
390|4|4|06/02/2018|198||t
389|4|4|06/02/2018|198||t
388|4|4|06/02/2018|198||t
382|4|4|06/02/2018|198||t
368|4|4|06/02/2018|738||t
362|4|4|05/02/2018|49||t
360|4|4|05/02/2018|51||t
359|4|4|05/02/2018|51||t
358|4|4|05/02/2018|51||t
17|4|4|02/01/2018|171||t
802|4|4|21/03/2018|82||t
801|4|4|21/03/2018|82||t
800|4|4|21/03/2018|82||t
803|11|16|21/03/2018|257||t
804|12|17|21/03/2018|168|AR@2018-04-01|t
808|8|9|21/03/2018|25||t
822|9|10|22/03/2018|514||t
809|8|9|21/03/2018|25||t
810|8|9|21/03/2018|25||t
811|2|1|21/03/2018|299||t
812|2|1|21/03/2018|779||t
813|2|1|21/03/2018|707||t
814|2|1|21/03/2018|408||t
807|6|13|21/03/2018|360||t
806|6|13|21/03/2018|364||t
805|6|13|21/03/2018|408||t
816|3|2|21/03/2018|489||t
817|5|6|21/03/2018|699||t
818|5|6|21/03/2018|610||t
819|3|2|21/03/2018|310||t
820|4|4|21/03/2018|108||t
821|2|1|22/03/2018|177||t
823|7|8|22/03/2018|306||t
824|7|8|22/03/2018|337||t
825|11|16|22/03/2018|213||t
826|9|10|22/03/2018|665||t
827|5|6|22/03/2018|665||t
828|5|6|22/03/2018|659||t
829|8|9|22/03/2018|39||t
830|5|6|22/03/2018|569||t
831|11|16|22/03/2018|326||t
832|12|17|22/03/2018|83|Change of Director|t
833|5|6|22/03/2018|570||t
834|7|8|22/03/2018|755||t
1340|8|9|15/05/2018|172||t
835|5|6|22/03/2018|658||t
836|3|2|22/03/2018|477||t
837|11|16|23/03/2018|405||t
838|11|16|23/03/2018|265||t
839|11|16|23/03/2018|469||t
840|12|17|23/03/2018|141|Annual Return @ 2018-04-26|t
841|2|1|23/03/2018|504||t
842|11|16|23/03/2018|398||t
843|5|6|23/03/2018|606||t
1351|9|10|16/05/2018|817||t
1363|3|2|17/05/2018|307||t
844|9|10|23/03/2018|665||t
845|5|6|23/03/2018|606||t
848|12|17|23/03/2018|95|Annual Return @ 2018-04-15|t
847|4|4|23/03/2018|197||t
1330|2|6|14/05/2018|669||t
850|12|17|23/03/2018|52|Annual Return @ 2018-04-15|t
851|7|8|26/03/2018|213||t
852|9|10|26/03/2018|701||t
896|9|10|29/03/2018|498||t
846|7|8|23/03/2018|397||t
853|7|8|26/03/2018|397||t
854|5|6|26/03/2018|768||t
855|3|2|26/03/2018|374||t
1341|8|9|15/05/2018|182||t
858|9|10|26/03/2018|597||t
856|8|9|26/03/2018|812||t
859|8|9|26/03/2018|187||t
860|12|17|26/03/2018|50|Annual Return @ 2018-04-05|t
861|6|13|26/03/2018|250||t
863|12|17|27/03/2018|35|Annual Return @ 2018-04-10|t
864|11|16|27/03/2018|490||t
865|8|9|27/03/2018|28||t
867|12|17|27/03/2018|186|Annual Return @ 2018-04-12|t
868|2|6|27/03/2018|503||t
869|2|6|27/03/2018|504||t
1352|7|8|16/05/2018|394||t
1364|3|2|17/05/2018|462||t
870|11|16|27/03/2018|273||t
1373|7|8|18/05/2018|253||t
871|2|6|27/03/2018|561||t
872|11|16|27/03/2018|273||t
873|8|9|27/03/2018|118||t
874|8|9|27/03/2018|118||t
875|4|4|27/03/2018|12||t
1381|11|16|21/05/2018|413||t
876|11|16|27/03/2018|423||t
877|11|16|27/03/2018|423||t
878|5|6|27/03/2018|533||t
880|7|8|27/03/2018|393||t
879|4|4|27/03/2018|738||t
866|4|4|27/03/2018|197||t
862|4|4|26/03/2018|128||t
849|4|4|23/03/2018|153||t
1389|5|6|21/05/2018|620||t
882|5|6|27/03/2018|574||t
883|11|16|28/03/2018|733||t
884|7|8|28/03/2018|718||t
885|12|17|28/03/2018|68|FS@2017-07-31|t
886|5|6|28/03/2018|660||t
887|8|9|28/03/2018|152||t
890|3|2|28/03/2018|806||t
891|3|2|28/03/2018|814||t
888|4|4|28/03/2018|813||t
889|4|4|28/03/2018|813||t
881|4|4|27/03/2018|789||t
892|3|2|29/03/2018|263||t
894|9|10|29/03/2018|498||t
895|11|16|29/03/2018|400||t
897|9|10|29/03/2018|513||t
898|9|10|29/03/2018|496||t
899|9|10|29/03/2018|507||t
900|9|10|29/03/2018|553||t
901|9|10|29/03/2018|666||t
902|9|10|29/03/2018|680||t
903|8|9|29/03/2018|45||t
904|6|14|29/03/2018|125||t
893|4|4|29/03/2018|197||t
905|7|8|29/03/2018|224||t
1396|7|8|22/05/2018|412||t
909|12|17|30/03/2018|519|CTC Form 9, 24,44,49 & M&A|t
910|11|16|30/03/2018|275||t
912|3|2|30/03/2018|305||t
913|8|9|30/03/2018|174||t
914|11|16|30/03/2018|262||t
915|7|8|30/03/2018|718||t
916|7|8|30/03/2018|815||t
917|11|16|30/03/2018|488||t
921|11|16|30/03/2018|302||t
1404|7|8|22/05/2018|333||t
1411|3|2|23/05/2018|380||t
922|8|9|30/03/2018|174||t
923|11|16|30/03/2018|351||t
924|3|2|30/03/2018|438||t
1417|8|9|23/05/2018|92||t
925|11|16|30/03/2018|349||t
926|11|16|30/03/2018|349||t
927|11|16|30/03/2018|349||t
939|9|10|02/04/2018|603||t
928|5|6|30/03/2018|591||t
929|5|6|30/03/2018|591||t
930|8|9|30/03/2018|180||t
931|11|16|30/03/2018|261||t
932|11|16|30/03/2018|261||t
933|6|13|30/03/2018|327||t
934|5|6|30/03/2018|610||t
935|11|16|02/04/2018|352||t
936|3|2|02/04/2018|543||t
937|8|9|02/04/2018|2||t
938|8|9|02/04/2018|56||t
940|11|16|02/04/2018|489||t
941|7|8|02/04/2018|421||t
942|9|10|02/04/2018|591||t
943|11|16|02/04/2018|270||t
1423|7|8|23/05/2018|346||t
944|8|9|02/04/2018|83||t
1429|11|16|23/05/2018|206||t
945|9|10|02/04/2018|538||t
946|8|9|02/04/2018|119||t
947|11|16|02/04/2018|211||t
911|4|4|30/03/2018|108||t
906|4|4|29/03/2018|126||t
920|4|4|30/03/2018|180||t
919|4|4|30/03/2018|741||t
918|4|4|30/03/2018|741||t
1435|11|16|24/05/2018|412||t
1441|8|9|25/05/2018|83||t
1447|8|9|25/05/2018|178||t
908|4|14|29/03/2018|155||t
948|8|9|02/04/2018|133||t
949|8|9|02/04/2018|136||t
951|8|9|02/04/2018|178||t
952|8|9|02/04/2018|165||t
953|8|9|02/04/2018|183||t
954|8|9|02/04/2018|157||t
955|8|9|02/04/2018|193||t
956|8|9|03/04/2018|138||t
957|8|9|03/04/2018|147||t
958|8|9|03/04/2018|155||t
959|11|16|03/04/2018|331||t
1331|9|10|15/05/2018|559||t
960|8|9|03/04/2018|139||t
1001|8|9|06/04/2018|41||t
961|5|6|03/04/2018|700||t
962|8|9|03/04/2018|812||t
963|8|9|03/04/2018|84||t
965|12|17|03/04/2018|67|FS @ 2017-12-31|t
964|4|4|03/04/2018|38||t
967|3|2|03/04/2018|307||t
968|3|2|03/04/2018|258||t
969|11|16|04/04/2018|333||t
970|9|10|04/04/2018|816||t
971|12|17|04/04/2018|55|Annual Return @ 2018-04-26|t
972|11|16|04/04/2018|350||t
973|3|2|04/04/2018|742||t
1342|12|17|15/05/2018|675|FS@2017-12-31|t
974|9|10|04/04/2018|816||t
966|4|4|03/04/2018|202||t
976|4|4|04/04/2018|126||t
975|4|4|04/04/2018|788||t
978|7|8|05/04/2018|341||t
979|12|17|05/04/2018|147|Annual Return @ 2018-04-15|t
1353|9|10|16/05/2018|674||t
980|7|8|05/04/2018|412||t
981|12|17|05/04/2018|133|Annual Return @ 2018-04-18|t
982|9|10|05/04/2018|817||t
983|9|10|05/04/2018|817||t
986|11|16|05/04/2018|398||t
987|12|17|05/04/2018|647|True Copy of F9, F24 & F49|t
1365|12|17|17/05/2018|43|FS @ 2017-12-31|t
1374|4|4|18/05/2018|101||t
1382|7|8|21/05/2018|713||t
988|7|8|05/04/2018|284||t
950|4|4|02/04/2018|75||t
989|8|9|06/04/2018|779||t
990|8|9|06/04/2018|108||t
991|8|9|06/04/2018|803||t
992|3|2|06/04/2018|212||t
993|9|10|06/04/2018|518||t
994|8|9|06/04/2018|127||t
995|8|9|06/04/2018|176||t
997|8|9|06/04/2018|163||t
998|8|9|06/04/2018|809||t
999|5|6|06/04/2018|702||t
1000|11|16|06/04/2018|398||t
1397|7|8|22/05/2018|337||t
1002|3|2|06/04/2018|819||t
1003|5|6|07/04/2018|604||t
1004|5|6|07/04/2018|656||t
1005|11|16|07/04/2018|260||t
996|4|4|06/04/2018|124||t
977|4|4|05/04/2018|126||t
1006|8|9|09/04/2018|779||t
1008|3|2|09/04/2018|258||t
1009|5|6|09/04/2018|586||t
1010|12|17|09/04/2018|702|CTC F9, F24, F49, M&A & Audited Accaount 2016.|t
1011|11|16|09/04/2018|353||t
1012|5|6|09/04/2018|494||t
1013|7|8|09/04/2018|219||t
1014|8|9|09/04/2018|128||t
1015|8|9|09/04/2018|126||t
1016|3|2|09/04/2018|340||t
1017|5|6|09/04/2018|690||t
1018|7|8|09/04/2018|399||t
1019|12|17|09/04/2018|596|CTC M&A, F9,F24, F44, F49, F32A & Annual Return 2017|t
1007|4|4|09/04/2018|788||t
1021|12|17|09/04/2018|595|CTC|t
1022|11|16|09/04/2018|483||t
1023|3|2|09/04/2018|336||t
1025|12|17|10/04/2018|518|Annual Return @ 2018-04-03|t
1026|8|9|10/04/2018|44||t
1020|4|4|09/04/2018|159||t
1028|12|17|10/04/2018|531|Annual Return @ 2018-04-07|t
1029|8|9|10/04/2018|135||t
1030|11|16|10/04/2018|398||t
1031|11|16|10/04/2018|354||t
1032|5|6|10/04/2018|725||t
1033|11|16|10/04/2018|359||t
1035|12|17|10/04/2018|523|Annual Return @ 2018-04-30|t
1036|5|6|11/04/2018|800||t
1037|12|17|11/04/2018|528|Annual Return @ 2018-04-30|t
1038|7|8|11/04/2018|820||t
1039|9|10|11/04/2018|817||t
1040|5|6|11/04/2018|604||t
1041|5|6|11/04/2018|656||t
1042|5|6|11/04/2018|638||t
1043|12|17|11/04/2018|680|CTC documents|t
1044|3|2|12/04/2018|287||t
1045|11|16|12/04/2018|272||t
1046|5|6|12/04/2018|591||t
1047|8|9|12/04/2018|43||t
1048|12|17|12/04/2018|625|CTC Doc|t
1049|9|10|12/04/2018|593||t
1050|5|6|12/04/2018|821||t
1051|9|10|12/04/2018|722||t
1052|9|10|12/04/2018|679||t
1053|5|6|12/04/2018|511||t
1054|11|16|12/04/2018|245||t
1055|9|10|12/04/2018|617||t
1056|9|10|13/04/2018|548||t
1057|7|8|13/04/2018|742||t
1024|4|4|09/04/2018|741||t
985|4|4|05/04/2018|818||t
1058|7|8|13/04/2018|211||t
1059|5|6|13/04/2018|656||t
1060|11|16|13/04/2018|355||t
1061|3|2|13/04/2018|415||t
984|4|4|05/04/2018|818||t
1027|4|4|10/04/2018|186||t
1062|8|9|13/04/2018|114||t
1063|9|10|13/04/2018|508||t
1064|12|17|13/04/2018|725|CTC|t
1034|4|4|10/04/2018|163||t
1066|11|16|13/04/2018|309||t
1067|7|8|13/04/2018|795||t
1068|12|17|13/04/2018|655|Annual Return @ 2018-04-15|t
1069|11|16|16/04/2018|290||t
1070|3|2|16/04/2018|211||t
1071|9|10|16/04/2018|535||t
1072|9|10|16/04/2018|644||t
1073|9|10|16/04/2018|697||t
1074|12|17|16/04/2018|505|Annual Return @ 2018-04-17|t
1180|4|4|02/05/2018|184||t
1075|9|10|16/04/2018|539||t
1065|4|4|13/04/2018|198||t
1077|11|16|16/04/2018|339||t
1079|12|17|16/04/2018|580|Annual Return @ 2018-04-18|t
1179|4|4|02/05/2018|197||t
1081|6|15|16/04/2018|606||t
1082|8|9|16/04/2018|740||t
1084|7|8|17/04/2018|406||t
1085|3|2|17/04/2018|402||t
1086|8|9|17/04/2018|130||t
1087|7|8|17/04/2018|295||t
1088|5|6|17/04/2018|639||t
1089|7|8|17/04/2018|295||t
1083|4|4|17/04/2018|750||t
1078|4|4|16/04/2018|40||t
1076|4|4|16/04/2018|12||t
1091|12|17|17/04/2018|202|Annual Return @ 2018-04-19|t
1117|8|9|23/04/2018|808||t
1092|5|6|17/04/2018|625||t
1093|5|6|17/04/2018|625||t
1094|9|10|18/04/2018|625||t
1090|4|4|17/04/2018|739||t
1080|4|4|16/04/2018|24||t
1096|3|2|18/04/2018|228||t
1097|12|17|18/04/2018|670|Annual Return @ 2018-04-18|t
1098|7|8|18/04/2018|381||t
1099|8|9|18/04/2018|25||t
1100|7|8|18/04/2018|394||t
1101|3|2|18/04/2018|398||t
1095|4|4|18/04/2018|163||t
1103|12|17|19/04/2018|515|CTC M&A, F49, S58, F44, F24 & F32A|t
1104|7|8|19/04/2018|268||t
1105|11|16|19/04/2018|338||t
1106|12|17|19/04/2018|492|Annual Return @ 2018-04-18|t
1129|4|9|24/04/2018|73||t
1107|11|16|19/04/2018|390||t
1108|11|16|19/04/2018|390||t
1109|9|10|19/04/2018|506||t
1110|9|10|19/04/2018|625||t
1111|9|10|19/04/2018|559||t
1112|12|17|20/04/2018|533|Annual Return @ 2018-04-19|t
1118|7|8|23/04/2018|306||t
1113|6|13|20/04/2018|367||t
1114|11|16|20/04/2018|280||t
1115|5|6|20/04/2018|823||t
1116|3|2|20/04/2018|819||t
1119|11|16|23/04/2018|321||t
1120|3|2|23/04/2018|804||t
1121|11|16|23/04/2018|434||t
1122|11|16|23/04/2018|288||t
1128|4|9|24/04/2018|73||t
1123|3|2|23/04/2018|367||t
1124|3|2|23/04/2018|367||t
1125|5|6|23/04/2018|559||t
1126|5|6|23/04/2018|558||t
1102|4|4|19/04/2018|159||t
1127|11|16|24/04/2018|353||t
1332|8|9|15/05/2018|136||t
1130|11|16|24/04/2018|437||t
1131|5|6|24/04/2018|591||t
1132|8|9|24/04/2018|112||t
1144|9|10|25/04/2018|537||t
1133|2|4|24/04/2018|141||t
1134|9|10|24/04/2018|592||t
1135|5|6|24/04/2018|539||t
1136|11|16|24/04/2018|365||t
1137|6|15|24/04/2018|539||t
1138|11|16|24/04/2018|366||t
1139|9|10|25/04/2018|677||t
1140|11|16|25/04/2018|366||t
1141|11|16|25/04/2018|341||t
1142|3|2|25/04/2018|230||t
1143|7|8|25/04/2018|543||t
1343|3|2|15/05/2018|543||t
1148|7|8|25/04/2018|231||t
1147|7|8|25/04/2018|419||t
1145|7|8|25/04/2018|368||t
1146|7|8|25/04/2018|473||t
1150|3|2|26/04/2018|824||t
1151|6|15|26/04/2018|541||t
1152|7|8|26/04/2018|825||t
1154|5|6|27/04/2018|626||t
1155|3|2|27/04/2018|380||t
1156|8|9|27/04/2018|747||t
1354|9|10|16/05/2018|674||t
1157|3|2|27/04/2018|804||t
1158|3|2|27/04/2018|804||t
1160|2|1|27/04/2018|827||t
1162|5|6|27/04/2018|515||t
1163|11|16|30/04/2018|413||t
1164|11|16|30/04/2018|231||t
1165|7|8|30/04/2018|306||t
1166|11|16|30/04/2018|230||t
1167|11|16|30/04/2018|368||t
1168|5|6|30/04/2018|828||t
1169|11|16|30/04/2018|491||t
1159|4|4|27/04/2018|186||t
1153|4|4|26/04/2018|174||t
1149|4|4|26/04/2018|57||t
1171|7|8|02/05/2018|804||t
1172|12|17|02/05/2018|693|FS @ 2013-06-30|t
1173|3|2|02/05/2018|290||t
1170|4|4|30/04/2018|812||t
1175|5|6|02/05/2018|515||t
1176|7|8|02/05/2018|718||t
1177|3|2|02/05/2018|830||t
1178|8|9|02/05/2018|153||t
1174|4|4|02/05/2018|787||t
1375|4|4|18/05/2018|38||t
1181|4|4|02/05/2018|197||t
1333|5|6|15/05/2018|611||t
1182|8|9|02/05/2018|55||t
1183|9|10|03/05/2018|596||t
1184|11|16|03/05/2018|293||t
1185|5|6|03/05/2018|515||t
1186|9|10|03/05/2018|595||t
1187|11|16|03/05/2018|269||t
1188|5|6|03/05/2018|538||t
1189|7|8|03/05/2018|268||t
1190|9|10|03/05/2018|558||t
1355|12|17|16/05/2018|607|FS@2018-12-31|t
1191|7|8|03/05/2018|268||t
1366|12|17|17/05/2018|43|FS@2017-12-31|t
1376|3|2|18/05/2018|462||t
1383|11|16|21/05/2018|368||t
1192|11|16|03/05/2018|412||t
1193|11|16|03/05/2018|412||t
1390|11|16|21/05/2018|447||t
1194|7|8|03/05/2018|268||t
1398|9|10|22/05/2018|500||t
1405|9|10|22/05/2018|660||t
1195|9|10|03/05/2018|626||t
1196|6|15|03/05/2018|538||t
1198|5|6|03/05/2018|807||t
1199|5|6|03/05/2018|596||t
1412|9|10|23/05/2018|694||t
1200|9|10|03/05/2018|700||t
1202|5|6|03/05/2018|595||t
1203|12|17|03/05/2018|703|CTC doc|t
1418|9|10|23/05/2018|496||t
1424|11|16|23/05/2018|310||t
1430|5|6|24/05/2018|550||t
1436|3|2|25/05/2018|228||t
1222|8|9|05/05/2018|138||t
1204|7|8|03/05/2018|748||t
1205|8|9|03/05/2018|810||t
1206|12|17|04/05/2018|591|CTC Documents|t
1207|7|8|04/05/2018|398||t
1208|12|17|04/05/2018|810|Annual Return @ 2018-05-02|t
1209|7|8|04/05/2018|815||t
1210|5|6|04/05/2018|548||t
1211|12|17|04/05/2018|154|Annual Return @ 2018-05-02|t
1212|11|16|04/05/2018|211||t
1213|11|16|04/05/2018|346||t
1214|8|9|04/05/2018|808||t
1215|3|2|04/05/2018|-1||f
1442|9|10|25/05/2018|638||t
1448|8|9|25/05/2018|183||t
1216|7|8|04/05/2018|344||t
1217|3|2|04/05/2018|462||t
1218|11|16|04/05/2018|419||t
1219|12|17|04/05/2018|58|Annual Return @ 2018-05-06|t
1220|12|17|05/05/2018|625|CTC Reso, F49, F24, F44 & M&A|t
1221|5|6|05/05/2018|831||t
1197|4|4|03/05/2018|168||t
1453|8|9|25/05/2018|155||t
1456|3|2|25/05/2018|398||t
1458|8|9|25/05/2018|837||t
1242|11|16|07/05/2018|294||t
1243|8|9|07/05/2018|832||t
1244|12|17|07/05/2018|136|Change of Secretary|t
1245|12|17|07/05/2018|2|Appointment of Secretary|t
1246|11|16|07/05/2018|295||t
1247|11|16|07/05/2018|401||t
1248|12|17|07/05/2018|55|Appointment of Secretary|t
1250|12|17|07/05/2018|193|Appointment of Secretary|t
1251|11|16|07/05/2018|321||t
1252|12|17|07/05/2018|172|Appointment of Secretary|t
1253|12|17|07/05/2018|172|Appointment of Secretary|t
1254|12|17|07/05/2018|133||t
1256|12|17|08/05/2018|178|Appointment of Secretary|t
1257|12|17|08/05/2018|183|Appointment of Secretary|t
1258|11|16|08/05/2018|285||t
1259|5|6|08/05/2018|693||t
1260|12|17|08/05/2018|782|Appointment of Secretary|t
1261|12|17|08/05/2018|753|Appointment of Secretary|t
1262|12|17|08/05/2018|812|Appointment of Secretary|t
1263|11|16|08/05/2018|406||t
1264|7|8|08/05/2018|268||t
1265|12|17|08/05/2018|157|Appointment of Secretary|t
1266|12|17|08/05/2018|83|Appointment of Secretary|t
1267|3|2|08/05/2018|377||t
1255|4|4|07/05/2018|108||t
1249|4|4|07/05/2018|126||t
1268|11|16|08/05/2018|377||t
1269|11|16|08/05/2018|284||t
1270|3|2|08/05/2018|290||t
1271|9|10|08/05/2018|588||t
1272|9|10|08/05/2018|520||t
1273|9|10|08/05/2018|521||t
1274|5|6|08/05/2018|506||t
1275|11|16|08/05/2018|-1||f
1276|11|16|08/05/2018|473||t
1277|5|6|08/05/2018|625||t
1278|9|10|08/05/2018|680||t
1279|5|6|08/05/2018|596||t
1280|5|6|08/05/2018|595||t
1281|2|4|08/05/2018|810||t
1282|2|4|08/05/2018|71||t
1283|11|16|10/05/2018|455||t
1284|9|10|10/05/2018|675||t
1285|9|10|10/05/2018|631||t
1286|9|10|10/05/2018|520||t
1287|11|16|10/05/2018|308||t
1288|11|16|10/05/2018|308||t
1289|3|2|10/05/2018|833||t
1290|7|8|10/05/2018|781||t
1291|12|17|10/05/2018|595|CTC Dir IC&Passport, M&A, F9, F24 & F49 and S58|t
1292|12|17|10/05/2018|596|CTC Dir IC & Passport, M&A, F9, F24, F49 & S58|t
1294|11|16|10/05/2018|354||t
1295|11|16|10/05/2018|457||t
1334|7|8|15/05/2018|742||t
1297|7|8|10/05/2018|784||t
1356|12|17|16/05/2018|607|FS@2018-12-31|t
1298|11|16|10/05/2018|248||t
1299|11|16|10/05/2018|248||t
1300|9|10|11/05/2018|605||t
1301|8|9|11/05/2018|170||t
1302|5|6|11/05/2018|565||t
1303|5|6|11/05/2018|-1||f
1304|5|6|11/05/2018|565||t
1306|7|8|11/05/2018|815||t
1307|8|9|11/05/2018|198||t
1367|12|17|17/05/2018|23|FS@2017-12-31|t
1308|7|8|11/05/2018|815||t
1309|8|9|11/05/2018|193||t
1310|9|10|11/05/2018|681||t
1311|9|10|11/05/2018|605||t
1312|9|10|11/05/2018|521||t
1313|9|10|11/05/2018|542||t
1314|9|10|11/05/2018|517||t
1315|12|17|11/05/2018|17|Annual Return @ 2018-05-30|t
1377|3|2|18/05/2018|284||t
1391|12|17|21/05/2018|621|Late Filing Fee AR@2018-03-20|t
1399|9|10|22/05/2018|501||t
1316|7|8|11/05/2018|781||t
1317|3|2|14/05/2018|268||t
1318|3|2|14/05/2018|285||t
1319|9|10|14/05/2018|635||t
1320|3|2|14/05/2018|462||t
1321|7|8|14/05/2018|263||t
1322|8|9|14/05/2018|56||t
1305|4|4|11/05/2018|738||t
1296|4|4|10/05/2018|126||t
1406|9|10|22/05/2018|660||t
1419|12|17|23/05/2018|659|FS@2017-12-31|t
1425|7|8|23/05/2018|346||t
1431|5|6|24/05/2018|556||t
1437|8|9|25/05/2018|2||t
1443|8|9|25/05/2018|133||t
1449|8|9|25/05/2018|165||t
1454|5|6|25/05/2018|610||t
1457|5|6|25/05/2018|625||t
1459|8|9|25/05/2018|813||t
1461|12|17|25/05/2018|139|FS@2017-12-31|t
1460|12|17|25/05/2018|138|FS@2017-12-31|t
1462|6|13|25/05/2018|315||t
1463|5|6|28/05/2018|625||t
1464|8|9|28/05/2018|813||t
1465|8|9|28/05/2018|114||t
1466|12|17|28/05/2018|11|FS@2017-12-31|t
1467|11|16|28/05/2018|824||t
1468|3|2|28/05/2018|751||t
1469|2|4|28/05/2018|182||t
1470|6|13|30/05/2018|268||t
1384|4|4|21/05/2018|147||t
1346|4|4|16/05/2018|38||t
1344|4|4|16/05/2018|835||t
1323|4|4|14/05/2018|162||t
1293|4|4|10/05/2018|102||t
1471|5|6|30/05/2018|660||t
1472|2|1|30/05/2018|838||t
1475|8|9|30/05/2018|33||t
1476|12|17|30/05/2018|77|Annual Return @ 2018-06-19|t
1477|5|6|30/05/2018|722||t
1478|11|16|30/05/2018|444||t
1479|11|16|30/05/2018|306||t
1480|5|6|30/05/2018|624||t
1482|11|16|30/05/2018|255||t
1483|3|2|31/05/2018|268||t
1484|8|9|31/05/2018|36||t
1485|9|10|31/05/2018|506||t
1487|8|9|31/05/2018|740||t
1488|6|13|31/05/2018|378||t
1489|11|16|01/06/2018|243||t
1490|11|16|01/06/2018|276||t
1491|3|2|01/06/2018|314||t
1492|11|16|01/06/2018|268||t
1493|12|17|01/06/2018|201|AR@2018-06-17|t
1494|9|10|01/06/2018|682||t
1495|6|13|01/06/2018|295||t
1496|3|2|01/06/2018|470||t
1497|5|6|04/06/2018|821||t
1499|7|8|04/06/2018|359||t
1498|7|8|04/06/2018|419||t
1500|5|6|04/06/2018|540||t
1501|5|6|04/06/2018|595||t
1502|12|17|04/06/2018|698|PD 2/2017|t
1503|6|13|04/06/2018|708||t
1504|5|6|04/06/2018|839||t
1505|8|9|05/06/2018|197||t
1506|9|10|05/06/2018|626||t
1507|5|6|05/06/2018|604||t
1508|7|8|05/06/2018|420||t
1509|3|2|05/06/2018|840||t
1510|3|2|05/06/2018|448||t
1511|2|1|05/06/2018|75||t
1512|9|10|05/06/2018|583||t
1513|2|1|05/06/2018|41||t
1514|5|6|05/06/2018|510||t
1515|5|6|06/06/2018|550||t
1516|9|10|06/06/2018|817||t
1517|9|10|06/06/2018|723||t
1518|7|8|06/06/2018|284||t
1519|7|8|06/06/2018|284||t
1520|3|2|06/06/2018|841||t
1473|4|4|30/05/2018|835||t
1474|4|4|30/05/2018|812||t
1486|4|4|31/05/2018|763||t
1481|4|4|30/05/2018|188||t
1521|5|6|06/06/2018|556||t
1522|7|8|06/06/2018|291||t
1523|6|14|06/06/2018|130||t
1524|7|8|06/06/2018|244||t
1525|3|2|06/06/2018|806||t
1527|3|2|07/06/2018|543||t
1528|7|8|07/06/2018|748||t
1529|9|10|07/06/2018|608||t
1526|4|4|07/06/2018|198||t
1530|8|9|07/06/2018|128||t
1531|5|6|07/06/2018|703||t
1532|8|9|07/06/2018|127||t
1533|12|17|07/06/2018|658|FS@2017-12-31|t
1534|8|9|07/06/2018|176||t
1535|6|15|07/06/2018|703||t
1536|7|8|07/06/2018|284||t
1537|3|2|07/06/2018|806||t
1538|5|6|07/06/2018|-1||f
1539|5|6|07/06/2018|586||t
1540|3|2|07/06/2018|435||t
1541|8|9|07/06/2018|787||t
1542|3|2|07/06/2018|484||t
1543|4|4|08/06/2018|82||f
1544|5|6|08/06/2018|552||t
1545|5|6|08/06/2018|842||t
1546|5|6|08/06/2018|556||t
1547|3|2|08/06/2018|462||t
1548|9|10|08/06/2018|529||t
1549|5|6|08/06/2018|682||t
1550|12|17|08/06/2018|740|Annual Return @ 2018-06-21|t
1551|12|17|08/06/2018|33|Annual Return @ 2018-06-27|t
1552|7|8|08/06/2018|260||t
1553|5|6|08/06/2018|611||t
1554|9|10|08/06/2018|571||t
1555|3|2|08/06/2018|843||t
1556|5|6|09/06/2018|842||t
1557|9|10|09/06/2018|625||t
1558|9|10|09/06/2018|575||t
1559|7|8|09/06/2018|305||t
1560|12|17|09/06/2018|688|Financial Statement@2017-12-31|t
1561|9|10|09/06/2018|578||t
1562|2|2|09/06/2018|334||t
1563|2|2|09/06/2018|282||t
