perfomabill_id|company_id|perfomabill_entrydate|perfomabill_duedate|perfomabill_duration|perfomabill_createdby|perfomabill_taxrate|perfomabill_totalpayable|perfomabill_confirmed|perfomabill_totaltax|perfomabill_totalamount|invoice_no
1|139|02/01/2018|02/01/2018|0|2|6|85.65|t|4.85|80.8|1
2|504|02/01/2018|02/01/2018|0|2|6|15.9|t|0.9|15|2
4|696|02/01/2018|02/01/2018|0|9|6|200|t|11.32|188.68|4
3|378|02/01/2018|02/01/2018|0|3|6|259.7|t|14.7|245|3
5|695|02/01/2018|02/01/2018|0|9|6|250|t|11.32|238.68|5
8|690|02/01/2018|02/01/2018|0|9|6|300|t|11.32|288.68|8
9|519|03/01/2018|03/01/2018|0|5|6|84.8|t|4.8|80|9
11|661|03/01/2018|03/01/2018|0|9|6|350|t|11.32|338.68|10
12|376|03/01/2018|03/01/2018|0|7|6|121.9|t|6.9|115|11
13|690|03/01/2018|03/01/2018|0|9|6|18|t|0|18|12
14|661|03/01/2018|03/01/2018|0|9|6|3|t|0|3|13
15|600|03/01/2018|03/01/2018|0|5|6|116.6|t|6.6|110|14
17|136|03/01/2018|03/01/2018|0|4|6|98.8|t|5.59|93.21|16
62|25|08/01/2018|08/01/2018|0|10|6|890.4|t|50.4|840|61
16|605|03/01/2018|03/01/2018|0|5|6|116.6|t|6.6|110|15
19|207|04/01/2018|04/01/2018|0|3|6|890.4|t|50.4|840|18
21|408|04/01/2018|04/01/2018|0|7|6|100.7|t|5.7|95|20
22|164|04/01/2018|04/01/2018|0|8|6|415|t|15|400|21
78|629|09/01/2018|09/01/2018|0|3|6|890.4|t|50.4|840|77
84|459|10/01/2018|10/01/2018|0|7|6|250|t|11.32|238.68|83
24|376|04/01/2018|04/01/2018|0|7|6|415|t|15|400|23
25|573|04/01/2018|04/01/2018|0|9|6|200|t|11.32|188.68|24
26|7|04/01/2018|04/01/2018|0|8|6|250|t|11.32|238.68|25
27|623|04/01/2018|04/01/2018|0|5|6|349.8|t|19.8|330|26
29|123|05/01/2018|05/01/2018|0|8|6|415|t|15|400|28
34|573|05/01/2018|05/01/2018|0|9|6|415.52|t|23.52|392|33
61|82|08/01/2018|08/01/2018|0|10|6|890.4|t|50.4|840|60
30|204|05/01/2018|05/01/2018|0|3|6|84.8|t|4.8|80|29
63|360|08/01/2018|08/01/2018|0|10|6|890.4|t|50.4|840|62
31|328|05/01/2018|05/01/2018|0|3|6|53|t|3|50|30
32|470|05/01/2018|05/01/2018|0|3|6|53|t|3|50|31
36|69|05/01/2018|05/01/2018|0|8|6|415|t|15|400|35
37|50|05/01/2018|05/01/2018|0|2|6|890.4|t|50.4|840|36
38|404|05/01/2018|05/01/2018|0|7|6|300.7|t|5.7|295|37
39|725|05/01/2018|05/01/2018|0|5|6|47.7|t|2.7|45|38
28|52|04/01/2018|04/01/2018|0|4|6|85.65|t|4.85|80.8|27
40|52|05/01/2018|05/01/2018|0|4|6|25.45|t|1.44|24.01|39
66|261|08/01/2018|08/01/2018|0|10|6|890.4|t|50.4|840|65
41|448|05/01/2018|05/01/2018|0|3|6|339.2|t|19.2|320|40
43|291|05/01/2018|05/01/2018|0|7|6|668|t|18|650|42
44|701|05/01/2018|05/01/2018|0|9|6|250|t|11.32|238.68|43
45|227|06/01/2018|06/01/2018|0|10|6|890.4|t|50.4|840|44
46|349|06/01/2018|06/01/2018|0|10|6|890.4|t|50.4|840|45
47|650|06/01/2018|06/01/2018|0|10|0|0|t|0|0|46
48|650|06/01/2018|06/01/2018|0|10|6|890.4|t|50.4|840|47
49|307|06/01/2018|06/01/2018|0|7|6|250|t|11.32|238.68|48
33|44|05/01/2018|05/01/2018|0|8|6|558.1|t|31.42|526.68|32
50|228|06/01/2018|06/01/2018|0|10|6|890.4|t|50.4|840|49
51|45|06/01/2018|06/01/2018|0|10|6|455.8|t|25.8|430|50
52|473|06/01/2018|06/01/2018|0|10|6|890.4|t|50.4|840|51
53|677|06/01/2018|06/01/2018|0|10|6|890.4|t|50.4|840|52
54|258|06/01/2018|06/01/2018|0|10|6|890.4|t|50.4|840|53
55|645|06/01/2018|06/01/2018|0|10|6|890.4|t|50.4|840|54
56|346|06/01/2018|06/01/2018|0|3|6|1054.7|t|59.7|995|55
57|590|08/01/2018|08/01/2018|0|9|6|415|t|15|400|56
58|315|08/01/2018|08/01/2018|0|7|6|250|t|11.32|238.68|57
79|654|09/01/2018|09/01/2018|0|3|6|890.4|t|50.4|840|78
35|468|05/01/2018|05/01/2018|0|7|6|434.1|t|16.08|418.02|34
59|515|08/01/2018|08/01/2018|0|5|6|116.6|t|6.6|110|58
67|688|08/01/2018|08/01/2018|0|9|6|415|t|15|400|66
80|660|09/01/2018|09/01/2018|0|3|6|890.4|t|50.4|840|79
69|765|08/01/2018|08/01/2018|0|3|6|1065|t|60.28|1004.72|68
71|617|09/01/2018|09/01/2018|0|9|6|368.46|t|20.86|347.6|70
74|702|09/01/2018|09/01/2018|0|9|6|96.46|t|5.46|91|73
75|702|09/01/2018|09/01/2018|0|5|6|137.8|t|7.8|130|74
76|350|09/01/2018|09/01/2018|0|7|6|250|t|11.32|238.68|75
85|600|10/01/2018|10/01/2018|0|5|6|667.8|t|37.8|630|84
86|449|10/01/2018|10/01/2018|0|7|6|250|t|11.32|238.68|85
77|101|09/01/2018|09/01/2018|0|10|6|890.4|t|50.4|840|76
87|671|10/01/2018|10/01/2018|0|5|6|84.8|t|4.8|80|86
23|483|04/01/2018|04/01/2018|0|3|6|300.8|t|17.03|283.77|22
81|380|09/01/2018|09/01/2018|0|3|6|890.4|t|50.4|840|80
82|400|09/01/2018|09/01/2018|0|10|6|890.4|t|50.4|840|81
83|699|09/01/2018|09/01/2018|0|9|6|415|t|15|400|82
88|373|10/01/2018|10/01/2018|0|7|6|250|t|11.32|238.68|87
89|436|10/01/2018|10/01/2018|0|7|6|613.4|t|23.4|590|88
72|81|09/01/2018|09/01/2018|0|4|6|84.8|t|4.8|80|71
73|84|09/01/2018|09/01/2018|0|4|6|84.8|t|4.8|80|72
90|126|10/01/2018|10/01/2018|0|4|6|236.38|t|13.38|223|89
91|720|10/01/2018|10/01/2018|0|9|6|12|t|0|12|90
92|515|10/01/2018|10/01/2018|0|9|6|200|t|11.32|188.68|91
93|367|10/01/2018|10/01/2018|0|3|6|265|t|15|250|92
94|515|10/01/2018|10/01/2018|0|5|6|84.8|t|4.8|80|93
95|771|10/01/2018|10/01/2018|0|7|6|156|t|6|150|94
96|121|11/01/2018|11/01/2018|0|8|6|415|t|15|400|95
97|662|11/01/2018|11/01/2018|0|5|6|116.6|t|6.6|110|96
98|146|11/01/2018|11/01/2018|0|8|6|415|t|15|400|97
68|468|08/01/2018|08/01/2018|0|7|6|1135.1|t|53.1|1082|67
18|755|04/01/2018|04/01/2018|0|7|6|3000|t|110.38|2889.62|17
6|751|02/01/2018|02/01/2018|0|5|6|3000|t|156.79|2843.21|6
99|515|11/01/2018|11/01/2018|0|5|6|95.4|t|5.4|90|98
100|192|11/01/2018|11/01/2018|0|8|6|135.68|t|7.68|128|99
103|671|12/01/2018|12/01/2018|0|5|6|284.8|t|4.8|280|102
104|597|12/01/2018|12/01/2018|0|5|6|184.8|t|4.8|180|103
105|192|12/01/2018|12/01/2018|0|8|6|135.68|t|7.68|128|104
60|705|08/01/2018|08/01/2018|0|9|6|668|t|18|650|59
161|188|16/01/2018|16/01/2018|0|8|6|415|t|15|400|160
106|313|12/01/2018|12/01/2018|0|7|6|274.6|t|15.54|259.06|105
107|82|12/01/2018|12/01/2018|0|8|6|135.68|t|7.68|128|106
108|25|12/01/2018|12/01/2018|0|8|6|135.68|t|7.68|128|107
109|126|12/01/2018|12/01/2018|0|4|6|4.24|t|0.24|4|108
112|725|12/01/2018|12/01/2018|0|9|6|36.04|t|2.04|34|111
113|693|12/01/2018|12/01/2018|0|5|6|601.34|t|32.34|569|112
114|337|12/01/2018|12/01/2018|0|3|6|890.4|t|50.4|840|113
115|337|12/01/2018|12/01/2018|0|3|6|890.4|t|50.4|840|114
116|337|12/01/2018|12/01/2018|0|3|6|890.4|t|50.4|840|115
117|479|12/01/2018|12/01/2018|0|7|6|116.6|t|6.6|110|116
118|203|12/01/2018|12/01/2018|0|8|6|86.71|t|4.91|81.8|117
119|426|12/01/2018|12/01/2018|0|7|6|415|t|15|400|118
121|153|12/01/2018|12/01/2018|0|4|6|234.79|t|13.29|221.5|120
122|292|12/01/2018|12/01/2018|0|10|6|890.4|t|50.4|840|121
123|460|12/01/2018|12/01/2018|0|10|6|890.4|t|50.4|840|122
124|34|12/01/2018|12/01/2018|0|10|6|890.4|t|50.4|840|123
126|295|12/01/2018|12/01/2018|0|10|6|890.4|t|50.4|840|125
127|327|12/01/2018|12/01/2018|0|10|6|890.4|t|50.4|840|126
120|343|12/01/2018|12/01/2018|0|3|6|480.5|t|25.5|455|119
125|454|12/01/2018|12/01/2018|0|3|6|480.5|t|25.5|455|124
1055|523|10/04/2018|10/04/2018|0|12|6|415|t|15|400|1040
129|261|12/01/2018|12/01/2018|0|7|6|668|t|18|650|128
130|110|15/01/2018|15/01/2018|0|8|6|434.08|t|16.08|418|129
131|625|15/01/2018|15/01/2018|0|9|6|92.22|t|5.22|87|130
132|522|15/01/2018|15/01/2018|0|9|6|31.8|t|1.8|30|131
133|514|15/01/2018|15/01/2018|0|9|6|15.9|t|0.9|15|132
134|519|15/01/2018|15/01/2018|0|9|6|15.9|t|0.9|15|133
135|515|15/01/2018|15/01/2018|0|9|6|15.9|t|0.9|15|134
136|516|15/01/2018|15/01/2018|0|9|6|15.9|t|0.9|15|135
137|517|15/01/2018|15/01/2018|0|9|6|15.9|t|0.9|15|136
138|518|15/01/2018|15/01/2018|0|9|6|15.9|t|0.9|15|137
139|528|15/01/2018|15/01/2018|0|9|6|15.9|t|0.9|15|138
140|524|15/01/2018|15/01/2018|0|9|6|15.9|t|0.9|15|139
141|520|15/01/2018|15/01/2018|0|9|6|15.9|t|0.9|15|140
142|527|15/01/2018|15/01/2018|0|9|6|15.9|t|0.9|15|141
143|542|15/01/2018|15/01/2018|0|9|6|15.9|t|0.9|15|142
144|602|15/01/2018|15/01/2018|0|9|6|15.9|t|0.9|15|143
145|636|15/01/2018|15/01/2018|0|9|6|15.9|t|0.9|15|144
146|521|15/01/2018|15/01/2018|0|9|6|15.9|t|0.9|15|145
147|562|15/01/2018|15/01/2018|0|9|6|15.9|t|0.9|15|146
148|687|15/01/2018|15/01/2018|0|9|6|15.9|t|0.9|15|147
149|679|15/01/2018|15/01/2018|0|9|6|15.9|t|0.9|15|148
150|573|15/01/2018|15/01/2018|0|9|6|15.9|t|0.9|15|149
151|691|15/01/2018|15/01/2018|0|9|6|15.9|t|0.9|15|150
152|378|15/01/2018|15/01/2018|0|3|6|259.7|t|14.7|245|151
153|58|15/01/2018|15/01/2018|0|8|6|250|t|11.32|238.68|152
154|515|15/01/2018|15/01/2018|0|5|6|190.8|t|10.8|180|153
177|132|17/01/2018|17/01/2018|0|3|6|500|t|28.3|471.7|176
156|131|15/01/2018|15/01/2018|0|8|6|415|t|15|400|155
157|448|15/01/2018|15/01/2018|0|6|6|143.1|t|8.1|135|156
158|515|15/01/2018|15/01/2018|0|5|6|137.8|t|7.8|130|157
159|25|16/01/2018|16/01/2018|0|8|6|284.8|t|4.8|280|158
160|123|16/01/2018|16/01/2018|0|2|6|178.08|t|10.08|168|159
162|776|16/01/2018|16/01/2018|0|9|6|500|t|25.47|474.53|161
164|100|16/01/2018|16/01/2018|0|4|6|106|t|6|100|163
165|345|16/01/2018|16/01/2018|0|3|6|241|t|13.64|227.36|164
166|497|16/01/2018|16/01/2018|0|9|6|10.6|t|0.6|10|165
167|623|16/01/2018|16/01/2018|0|9|6|10.6|t|0.6|10|166
168|565|16/01/2018|16/01/2018|0|9|6|10.6|t|0.6|10|167
169|662|16/01/2018|16/01/2018|0|9|6|10.6|t|0.6|10|168
170|402|16/01/2018|16/01/2018|0|3|6|95.4|t|5.4|90|169
171|68|16/01/2018|16/01/2018|0|4|6|362.18|t|9.18|353|170
178|728|17/01/2018|17/01/2018|0|4|6|91.48|t|5.18|86.3|177
179|304|17/01/2018|17/01/2018|0|10|6|890.4|t|50.4|840|178
155|346|15/01/2018|15/01/2018|0|7|6|544|t|22.3|521.7|154
172|346|17/01/2018|17/01/2018|0|6|6|49.82|t|2.82|47|171
111|391|12/01/2018|12/01/2018|0|7|6|434.1|t|16.08|418.02|110
173|520|17/01/2018|17/01/2018|0|9|6|350|t|11.32|338.68|172
174|309|17/01/2018|17/01/2018|0|7|6|90.1|t|5.1|85|173
175|250|17/01/2018|17/01/2018|0|10|6|890.4|t|50.4|840|174
176|245|17/01/2018|17/01/2018|0|7|6|217.3|t|12.3|205|175
180|399|17/01/2018|17/01/2018|0|10|6|890.4|t|50.4|840|179
181|339|17/01/2018|17/01/2018|0|7|6|84.8|t|4.8|80|180
184|110|17/01/2018|17/01/2018|0|10|6|890.4|t|50.4|840|182
185|695|17/01/2018|17/01/2018|0|10|6|890.4|t|50.4|840|183
186|468|17/01/2018|17/01/2018|0|10|6|890.4|t|50.4|840|184
187|598|17/01/2018|17/01/2018|0|10|6|890.4|t|50.4|840|185
188|54|17/01/2018|17/01/2018|0|10|6|890.4|t|50.4|840|186
189|533|17/01/2018|17/01/2018|0|9|6|250|t|11.32|238.68|187
190|720|17/01/2018|17/01/2018|0|9|6|250|t|11.32|238.68|188
191|106|17/01/2018|17/01/2018|0|3|6|890.4|t|50.4|840|189
192|322|17/01/2018|17/01/2018|0|3|6|890.4|t|50.4|840|190
193|355|17/01/2018|17/01/2018|0|7|6|84.8|t|4.8|80|191
194|515|17/01/2018|17/01/2018|0|9|6|169.6|t|9.6|160|192
195|39|18/01/2018|18/01/2018|0|4|6|130.06|t|7.36|122.7|193
163|776|16/01/2018|16/01/2018|0|9|6|2500|t|84.01|2415.99|162
110|453|12/01/2018|12/01/2018|0|7|6|624|t|24|600|109
196|126|18/01/2018|18/01/2018|0|4|6|125.08|t|7.08|118|194
197|157|18/01/2018|18/01/2018|0|8|6|415|t|15|400|195
198|453|18/01/2018|18/01/2018|0|3|6|123|t|6.96|116.04|196
199|183|18/01/2018|18/01/2018|0|8|6|415|t|15|400|197
200|53|18/01/2018|18/01/2018|0|8|6|190.8|t|10.8|180|198
201|375|18/01/2018|18/01/2018|0|3|6|250|t|11.32|238.68|199
202|90|19/01/2018|19/01/2018|0|8|6|250|t|11.32|238.68|200
203|84|19/01/2018|19/01/2018|0|8|6|415|t|15|400|201
204|763|19/01/2018|19/01/2018|0|8|6|250|t|11.32|238.68|202
206|163|19/01/2018|19/01/2018|0|4|6|114.48|t|6.48|108|204
207|591|19/01/2018|19/01/2018|0|6|6|63.6|t|3.6|60|205
208|718|19/01/2018|19/01/2018|0|3|6|127.2|t|7.2|120|206
210|366|19/01/2018|19/01/2018|0|7|6|171.8|t|9.72|162.08|208
212|776|19/01/2018|19/01/2018|0|5|6|15.9|t|0.9|15|210
213|104|19/01/2018|19/01/2018|0|8|6|415|t|15|400|211
214|132|19/01/2018|19/01/2018|0|8|6|250|t|11.32|238.68|212
215|591|19/01/2018|19/01/2018|0|5|6|106|t|6|100|213
216|82|22/01/2018|22/01/2018|0|8|6|284.8|t|4.8|280|214
217|290|22/01/2018|22/01/2018|0|3|6|169.6|t|9.6|160|215
218|185|22/01/2018|22/01/2018|0|8|6|415|t|15|400|216
205|738|19/01/2018|19/01/2018|0|4|6|342.38|t|19.38|323|203
219|677|22/01/2018|22/01/2018|0|9|6|415|t|15|400|217
220|285|22/01/2018|22/01/2018|0|3|6|106|t|6|100|218
221|188|22/01/2018|22/01/2018|0|10|6|890.4|t|50.4|840|219
222|233|22/01/2018|22/01/2018|0|10|6|890.4|t|50.4|840|220
223|495|22/01/2018|22/01/2018|0|10|6|890.4|t|50.4|840|221
224|436|22/01/2018|22/01/2018|0|10|6|890.4|t|50.4|840|222
225|419|22/01/2018|22/01/2018|0|10|6|890.4|t|50.4|840|223
226|688|22/01/2018|22/01/2018|0|10|6|890.4|t|50.4|840|224
227|612|22/01/2018|22/01/2018|0|10|6|890.4|t|50.4|840|225
228|148|22/01/2018|22/01/2018|0|10|6|890.4|t|50.4|840|226
229|274|22/01/2018|22/01/2018|0|3|6|84.8|t|4.8|80|227
230|777|22/01/2018|22/01/2018|0|4|6|500|t|25.47|474.53|228
232|733|22/01/2018|22/01/2018|0|7|6|206.7|t|11.7|195|230
233|778|23/01/2018|23/01/2018|0|3|6|240.8|t|10.8|230|231
234|111|23/01/2018|23/01/2018|0|10|6|890.4|t|50.4|840|232
235|69|23/01/2018|23/01/2018|0|10|6|890.4|t|50.4|840|233
209|477|19/01/2018|19/01/2018|0|7|6|434.1|t|16.08|418.02|207
1056|800|11/04/2018|11/04/2018|0|5|6|143.1|t|8.1|135|1041
42|760|05/01/2018|05/01/2018|0|9|6|1396.02|t|79.02|1317|41
236|497|23/01/2018|23/01/2018|0|9|6|64.66|t|3.66|61|234
237|399|23/01/2018|23/01/2018|0|7|6|415|t|15|400|235
238|439|23/01/2018|23/01/2018|0|3|6|665|t|15|650|236
240|285|23/01/2018|23/01/2018|0|7|6|53|t|3|50|238
241|207|23/01/2018|23/01/2018|0|3|6|95.4|t|5.4|90|239
269|552|26/01/2018|26/01/2018|0|5|6|100|t|0|100|267
243|349|23/01/2018|23/01/2018|0|3|6|335|t|18.96|316.04|241
245|153|23/01/2018|23/01/2018|0|4|6|111.3|t|6.3|105|243
246|613|23/01/2018|23/01/2018|0|9|6|415|t|15|400|244
247|342|23/01/2018|23/01/2018|0|3|6|1134.6|t|24.6|1110|245
248|465|23/01/2018|23/01/2018|0|7|6|148.4|t|8.4|140|246
249|433|23/01/2018|23/01/2018|0|7|6|143.1|t|8.1|135|247
242|351|23/01/2018|23/01/2018|0|3|6|410|t|23.21|386.79|240
250|19|24/01/2018|24/01/2018|0|8|6|415|t|15|400|248
251|591|24/01/2018|24/01/2018|0|9|6|26.5|t|1.5|25|249
252|164|24/01/2018|24/01/2018|0|10|6|890.4|t|50.4|840|250
253|319|24/01/2018|24/01/2018|0|10|6|890.4|t|50.4|840|251
254|519|24/01/2018|24/01/2018|0|6|6|27.56|t|1.56|26|252
255|468|24/01/2018|24/01/2018|0|7|6|164.3|t|9.3|155|253
244|693|23/01/2018|23/01/2018|0|9|6|565|t|15|550|242
256|641|24/01/2018|24/01/2018|0|5|6|249.42|t|12.42|237|254
257|172|24/01/2018|24/01/2018|0|6|6|73.14|t|4.14|69|255
258|228|24/01/2018|24/01/2018|0|3|6|156|t|6|150|256
259|632|25/01/2018|25/01/2018|0|9|6|126.14|t|7.14|119|257
261|203|25/01/2018|25/01/2018|0|10|6|890.4|t|50.4|840|259
263|723|25/01/2018|25/01/2018|0|9|6|3|t|0|3|261
264|199|25/01/2018|25/01/2018|0|4|6|137.8|t|7.8|130|262
265|705|25/01/2018|25/01/2018|0|5|6|465.34|t|26.34|439|263
266|750|25/01/2018|25/01/2018|0|8|6|707|t|27|680|264
267|779|26/01/2018|26/01/2018|0|8|6|250|t|11.32|238.68|265
268|197|26/01/2018|26/01/2018|0|8|6|116.6|t|6.6|110|266
270|643|29/01/2018|29/01/2018|0|9|6|377.2|t|18.52|358.68|268
272|643|29/01/2018|29/01/2018|0|9|6|540.8|t|22.12|518.68|270
271|600|29/01/2018|29/01/2018|0|5|6|258.64|t|14.64|244|269
273|289|29/01/2018|29/01/2018|0|10|6|890.4|t|50.4|840|271
274|683|29/01/2018|29/01/2018|0|10|6|890.4|t|50.4|840|272
275|291|29/01/2018|29/01/2018|0|10|6|890.4|t|50.4|840|273
276|146|29/01/2018|29/01/2018|0|10|6|890.4|t|50.4|840|274
277|391|29/01/2018|29/01/2018|0|10|6|890.4|t|50.4|840|275
278|459|29/01/2018|29/01/2018|0|10|6|890.4|t|50.4|840|276
279|606|29/01/2018|29/01/2018|0|5|6|116.6|t|6.6|110|277
280|600|29/01/2018|29/01/2018|0|6|6|101.76|t|5.76|96|278
281|671|29/01/2018|29/01/2018|0|9|6|350|t|11.32|338.68|279
282|45|30/01/2018|30/01/2018|0|8|6|84.8|t|4.8|80|280
283|780|30/01/2018|30/01/2018|0|7|6|3106|t|116.38|2989.62|281
284|623|30/01/2018|30/01/2018|0|9|6|250|t|11.32|238.68|282
285|497|30/01/2018|30/01/2018|0|9|6|30|t|0|30|283
286|39|30/01/2018|30/01/2018|0|8|6|50|t|0|50|284
287|657|30/01/2018|30/01/2018|0|9|6|137.8|t|7.8|130|285
289|108|30/01/2018|30/01/2018|0|8|6|84.8|t|4.8|80|286
290|415|30/01/2018|30/01/2018|0|3|6|95.4|t|5.4|90|287
291|285|02/02/2018|02/02/2018|0|3|6|250|t|11.32|238.68|288
292|398|02/02/2018|02/02/2018|0|7|6|71.1|t|4.02|67.08|289
293|468|02/02/2018|02/02/2018|0|7|6|189.4|t|10.72|178.68|290
294|295|02/02/2018|02/02/2018|0|7|6|100|t|0|100|291
295|325|02/02/2018|02/02/2018|0|3|6|345.4|t|16.72|328.68|292
300|55|02/02/2018|02/02/2018|0|6|6|46.64|t|2.64|44|297
297|275|02/02/2018|02/02/2018|0|7|6|100.7|t|5.7|95|294
296|553|02/02/2018|02/02/2018|0|9|6|415|t|15|400|293
298|475|02/02/2018|02/02/2018|0|7|6|84.8|t|4.8|80|295
299|333|02/02/2018|02/02/2018|0|3|6|68.9|t|3.9|65|296
301|172|02/02/2018|02/02/2018|0|6|6|21.2|t|1.2|20|298
302|515|02/02/2018|02/02/2018|0|2|6|146.28|t|8.28|138|299
262|460|25/01/2018|25/01/2018|0|7|6|663.4|t|23.4|640|260
239|610|23/01/2018|23/01/2018|0|9|6|121.9|t|6.9|115|237
303|656|02/02/2018|02/02/2018|0|10|6|890.4|t|50.4|840|300
304|12|02/02/2018|02/02/2018|0|10|6|890.4|t|50.4|840|301
305|706|02/02/2018|02/02/2018|0|10|6|890.4|t|50.4|840|302
307|590|02/02/2018|02/02/2018|0|10|6|890.4|t|50.4|840|304
308|539|02/02/2018|02/02/2018|0|10|6|890.4|t|50.4|840|305
309|383|02/02/2018|02/02/2018|0|10|6|890.4|t|50.4|840|306
310|742|02/02/2018|02/02/2018|0|7|6|190.8|t|10.8|180|307
311|207|02/02/2018|02/02/2018|0|3|6|68.9|t|3.9|65|308
312|434|02/02/2018|02/02/2018|0|3|6|107.1|t|6.06|101.04|309
313|114|03/02/2018|03/02/2018|0|6|6|29.68|t|1.68|28|310
314|77|03/02/2018|03/02/2018|0|4|6|84.8|t|4.8|80|311
315|782|03/02/2018|03/02/2018|0|2|6|404.28|t|22.88|381.4|312
1057|820|11/04/2018|11/04/2018|0|7|6|3000|t|110.38|2889.62|1042
317|3|03/02/2018|03/02/2018|0|4|6|200|t|0|200|314
318|422|03/02/2018|03/02/2018|0|7|6|153.7|t|8.7|145|315
1066|591|12/04/2018|12/04/2018|0|5|6|143.1|t|8.1|135|1051
316|307|03/02/2018|03/02/2018|0|3|6|526|t|29.77|496.23|313
319|447|03/02/2018|03/02/2018|0|3|6|314|t|17.77|296.23|316
320|657|03/02/2018|03/02/2018|0|2|6|104.94|t|5.94|99|317
321|781|03/02/2018|03/02/2018|0|7|6|242.4|t|13.72|228.68|318
322|514|03/02/2018|03/02/2018|0|9|6|415|t|15|400|319
323|199|05/02/2018|05/02/2018|0|8|6|116.6|t|6.6|110|320
324|169|05/02/2018|05/02/2018|0|8|6|415|t|15|400|321
325|312|05/02/2018|05/02/2018|0|7|6|250|t|11.32|238.68|322
326|600|05/02/2018|05/02/2018|0|6|6|101.76|t|5.76|96|323
373|357|07/02/2018|07/02/2018|0|3|6|1762|t|68.6|1693.4|363
329|735|05/02/2018|05/02/2018|0|9|6|404.28|t|22.88|381.4|326
330|751|05/02/2018|05/02/2018|0|3|6|344.5|t|19.5|325|327
331|784|05/02/2018|05/02/2018|0|7|6|242.4|t|13.72|228.68|328
332|738|06/02/2018|06/02/2018|0|4|6|135.79|t|7.69|128.1|329
333|622|06/02/2018|06/02/2018|0|12|6|250|t|11.32|238.68|330
380|641|08/02/2018|08/02/2018|0|9|6|200|t|0|200|370
231|777|22/01/2018|22/01/2018|0|4|6|2568.9|t|88.81|2480.09|229
334|561|06/02/2018|06/02/2018|0|9|6|150|t|0|150|331
336|265|06/02/2018|06/02/2018|0|3|6|95.4|t|5.4|90|333
337|286|06/02/2018|06/02/2018|0|11|6|250|t|11.32|238.68|334
338|284|06/02/2018|06/02/2018|0|3|6|45.6|t|2.58|43.02|335
339|698|06/02/2018|06/02/2018|0|6|6|64.66|t|3.66|61|336
340|137|06/02/2018|06/02/2018|0|2|6|172.78|t|9.78|163|337
342|35|06/02/2018|06/02/2018|0|8|6|50|t|0|50|339
343|552|06/02/2018|06/02/2018|0|5|6|127.2|t|7.2|120|340
344|717|06/02/2018|06/02/2018|0|7|6|34|t|1.92|32.08|341
346|524|06/02/2018|06/02/2018|0|9|6|415|t|15|400|343
347|581|06/02/2018|06/02/2018|0|12|6|250|t|11.32|238.68|344
352|422|07/02/2018|07/02/2018|0|11|6|250|t|11.32|238.68|349
354|534|07/02/2018|07/02/2018|0|12|6|250|t|11.32|238.68|351
355|497|07/02/2018|07/02/2018|0|9|6|30|t|0|30|352
353|290|07/02/2018|07/02/2018|0|3|6|333.9|t|18.9|315|350
356|458|07/02/2018|07/02/2018|0|11|6|250|t|11.32|238.68|353
357|393|07/02/2018|07/02/2018|0|7|6|348.4|t|19.72|328.68|354
358|705|07/02/2018|07/02/2018|0|10|6|890.4|t|50.4|840|355
359|14|07/02/2018|07/02/2018|0|10|6|890.4|t|50.4|840|356
360|185|07/02/2018|07/02/2018|0|10|6|890.4|t|50.4|840|357
361|320|07/02/2018|07/02/2018|0|10|6|890.4|t|50.4|840|358
362|84|07/02/2018|07/02/2018|0|10|6|890.4|t|50.4|840|359
327|538|05/02/2018|05/02/2018|0|9|6|604.2|t|34.2|570|324
306|641|02/02/2018|02/02/2018|0|10|6|222.6|t|12.6|210|303
371|698|07/02/2018|07/02/2018|0|5|6|147.34|t|8.34|139|361
375|586|07/02/2018|07/02/2018|0|9|6|415|t|15|400|365
376|51|07/02/2018|07/02/2018|0|8|6|415|t|15|400|366
377|153|07/02/2018|07/02/2018|0|4|6|111.3|t|6.3|105|367
378|739|07/02/2018|07/02/2018|0|4|6|33.92|t|1.92|32|368
379|539|07/02/2018|07/02/2018|0|5|6|121.9|t|6.9|115|369
381|659|08/02/2018|08/02/2018|0|5|6|127.2|t|7.2|120|371
382|777|08/02/2018|08/02/2018|0|4|6|118.9|t|3.9|115|372
383|137|08/02/2018|08/02/2018|0|2|6|707.3|t|27.3|680|373
349|682|07/02/2018|07/02/2018|0|9|6|668|t|18|650|346
384|746|08/02/2018|08/02/2018|0|7|6|415|t|15|400|374
385|51|08/02/2018|08/02/2018|0|8|6|1687.78|t|28.24|1659.54|375
387|399|08/02/2018|08/02/2018|0|11|6|313.6|t|14.92|298.68|377
386|719|08/02/2018|08/02/2018|0|3|6|1100|t|56.6|1043.4|376
388|692|08/02/2018|08/02/2018|0|9|6|415|t|15|400|378
341|68|06/02/2018|06/02/2018|0|12|6|300|t|11.32|288.68|338
389|774|08/02/2018|08/02/2018|0|11|6|250|t|11.32|238.68|379
390|128|08/02/2018|08/02/2018|0|4|6|334.96|t|18.96|316|380
391|344|08/02/2018|08/02/2018|0|11|6|260.6|t|11.92|248.68|381
392|594|08/02/2018|08/02/2018|0|9|6|415|t|15|400|382
395|219|08/02/2018|08/02/2018|0|7|6|111.3|t|6.3|105|385
335|317|06/02/2018|06/02/2018|0|11|6|292.4|t|13.72|278.68|332
396|785|09/02/2018|09/02/2018|0|7|6|50|t|0|50|386
397|565|09/02/2018|09/02/2018|0|12|6|415|t|15|400|387
398|300|09/02/2018|09/02/2018|0|7|6|254|t|14.38|239.62|388
399|515|09/02/2018|09/02/2018|0|5|6|84.8|t|4.8|80|389
394|108|08/02/2018|08/02/2018|0|4|6|188.68|t|10.68|178|384
400|519|09/02/2018|09/02/2018|0|5|6|84.8|t|4.8|80|390
401|558|09/02/2018|09/02/2018|0|5|6|84.8|t|4.8|80|391
402|572|09/02/2018|09/02/2018|0|12|6|415|t|15|400|392
403|660|09/02/2018|09/02/2018|0|5|6|243.8|t|13.8|230|393
404|786|09/02/2018|09/02/2018|0|3|6|3000|t|110.38|2889.62|394
405|507|09/02/2018|09/02/2018|0|12|6|415|t|15|400|395
406|661|09/02/2018|09/02/2018|0|5|6|200|t|0|200|396
345|198|06/02/2018|06/02/2018|0|4|6|419.76|t|23.76|396|342
393|814|28/03/2018|28/03/2018|0|7|6|132.5|t|7.5|125|383
128|705|12/01/2018|12/01/2018|0|5|6|253.34|t|14.34|239|127
410|337|12/02/2018|12/02/2018|0|7|6|1119.2|t|49.2|1070|400
408|678|09/02/2018|09/02/2018|0|12|6|436.2|t|16.2|420|398
411|728|12/02/2018|12/02/2018|0|4|6|103.24|t|5.84|97.4|401
412|268|12/02/2018|12/02/2018|0|3|6|270.3|t|15.3|255|402
413|712|12/02/2018|12/02/2018|0|11|6|415|t|15|400|403
407|331|09/02/2018|09/02/2018|0|11|6|415|t|15|400|397
414|600|12/02/2018|12/02/2018|0|5|6|104.94|t|5.94|99|404
415|683|12/02/2018|12/02/2018|0|12|6|415|t|15|400|405
1058|817|11/04/2018|11/04/2018|0|9|6|137.8|t|7.8|130|1043
417|184|12/02/2018|12/02/2018|0|8|6|81.62|t|4.62|77|406
418|330|12/02/2018|12/02/2018|0|3|6|850|t|45.28|804.72|407
419|315|12/02/2018|12/02/2018|0|3|6|84.8|t|4.8|80|408
420|499|13/02/2018|13/02/2018|0|11|6|415|t|15|400|409
421|38|13/02/2018|13/02/2018|0|4|6|452.6|t|23.92|428.68|410
422|787|13/02/2018|13/02/2018|0|4|6|500|t|25.47|474.53|411
423|54|13/02/2018|13/02/2018|0|4|6|214.12|t|12.12|202|412
424|547|13/02/2018|13/02/2018|0|9|6|250|t|11.32|238.68|413
425|599|13/02/2018|13/02/2018|0|9|6|356|t|17.32|338.68|414
426|422|13/02/2018|13/02/2018|0|3|6|25.1|t|1.08|24.02|415
1067|43|12/04/2018|12/04/2018|0|8|6|352.45|t|19.95|332.5|1052
429|733|13/02/2018|13/02/2018|0|7|6|121.9|t|6.9|115|418
428|402|13/02/2018|13/02/2018|0|11|6|446.8|t|16.8|430|417
430|414|13/02/2018|13/02/2018|0|11|6|415|t|15|400|419
431|155|13/02/2018|13/02/2018|0|12|6|415|t|15|400|420
432|308|13/02/2018|13/02/2018|0|11|6|436.2|t|16.2|420|421
433|188|13/02/2018|13/02/2018|0|8|6|58.3|t|3.3|55|422
434|726|14/02/2018|14/02/2018|0|4|6|241.68|t|13.68|228|423
1075|245|12/04/2018|12/04/2018|0|11|6|710.7|t|35.7|675|1060
480|401|20/02/2018|20/02/2018|0|11|6|415|t|15|400|468
409|38|12/02/2018|12/02/2018|0|12|6|457.4|t|17.4|440|399
437|422|14/02/2018|14/02/2018|0|7|6|249.1|t|14.1|235|425
427|601|13/02/2018|13/02/2018|0|9|6|334.8|t|16.12|318.68|416
438|382|14/02/2018|14/02/2018|0|11|6|250|t|11.32|238.68|426
439|788|14/02/2018|14/02/2018|0|4|6|500|t|25.47|474.53|427
440|188|14/02/2018|14/02/2018|0|4|6|102.82|t|5.82|97|428
443|448|14/02/2018|14/02/2018|0|11|6|260.6|t|11.92|248.68|431
444|448|14/02/2018|14/02/2018|0|11|6|425.6|t|15.6|410|432
445|539|14/02/2018|14/02/2018|0|9|6|250|t|11.32|238.68|433
446|722|14/02/2018|14/02/2018|0|5|6|127.2|t|7.2|120|434
447|165|14/02/2018|14/02/2018|0|12|6|415|t|15|400|435
448|331|14/02/2018|14/02/2018|0|2|6|890.4|t|50.4|840|436
436|679|14/02/2018|14/02/2018|0|9|6|612|t|23.32|588.68|424
449|279|14/02/2018|14/02/2018|0|10|6|890.4|t|50.4|840|437
450|556|14/02/2018|14/02/2018|0|10|6|890.4|t|50.4|840|438
451|682|14/02/2018|14/02/2018|0|10|6|890.4|t|50.4|840|439
453|369|14/02/2018|14/02/2018|0|2|6|890.4|t|50.4|840|441
454|718|14/02/2018|14/02/2018|0|7|6|127.2|t|7.2|120|442
455|763|15/02/2018|15/02/2018|0|2|6|890.4|t|50.4|840|443
456|540|15/02/2018|15/02/2018|0|2|6|890.4|t|50.4|840|444
457|579|15/02/2018|15/02/2018|0|2|6|890.4|t|50.4|840|445
458|644|15/02/2018|15/02/2018|0|2|6|890.4|t|50.4|840|446
459|268|15/02/2018|15/02/2018|0|2|6|890.4|t|50.4|840|447
481|150|20/02/2018|20/02/2018|0|4|6|324.04|t|18.34|305.7|469
461|150|15/02/2018|15/02/2018|0|4|6|204.58|t|11.58|193|449
462|108|19/02/2018|19/02/2018|0|4|6|50.56|t|2.86|47.7|450
463|113|19/02/2018|19/02/2018|0|4|6|138.54|t|7.84|130.7|451
467|589|19/02/2018|19/02/2018|0|9|6|415|t|15|400|455
468|617|19/02/2018|19/02/2018|0|9|6|75.26|t|4.26|71|456
469|209|20/02/2018|20/02/2018|0|2|6|890.4|t|50.4|840|457
470|577|20/02/2018|20/02/2018|0|2|6|890.4|t|50.4|840|458
471|402|20/02/2018|20/02/2018|0|2|6|890.4|t|50.4|840|459
472|417|20/02/2018|20/02/2018|0|2|6|890.4|t|50.4|840|460
473|639|20/02/2018|20/02/2018|0|2|6|890.4|t|50.4|840|461
474|692|20/02/2018|20/02/2018|0|2|6|890.4|t|50.4|840|462
475|594|20/02/2018|20/02/2018|0|2|6|890.4|t|50.4|840|463
476|177|20/02/2018|20/02/2018|0|2|6|890.4|t|50.4|840|464
477|565|20/02/2018|20/02/2018|0|2|6|890.4|t|50.4|840|465
478|169|20/02/2018|20/02/2018|0|2|6|890.4|t|50.4|840|466
482|540|20/02/2018|20/02/2018|0|9|6|415|t|15|400|470
348|198|07/02/2018|07/02/2018|0|4|6|340.26|t|19.26|321|345
484|687|20/02/2018|20/02/2018|0|5|6|421.88|t|23.88|398|472
487|524|20/02/2018|20/02/2018|0|5|6|421.88|t|23.88|398|475
465|272|19/02/2018|19/02/2018|0|11|6|478.6|t|18.6|460|453
483|39|20/02/2018|20/02/2018|0|12|6|436.2|t|16.2|420|471
488|217|21/02/2018|21/02/2018|0|7|6|50|t|0|50|476
486|306|20/02/2018|20/02/2018|0|7|6|1121.5|t|63.48|1058.02|474
490|600|21/02/2018|21/02/2018|0|9|6|377.2|t|18.52|358.68|478
466|456|19/02/2018|19/02/2018|0|11|6|475.6|t|15.6|460|454
491|251|21/02/2018|21/02/2018|0|11|6|655.8|t|25.8|630|479
489|789|21/02/2018|21/02/2018|0|4|6|294.68|t|16.68|278|477
492|198|21/02/2018|21/02/2018|0|4|6|84.8|t|4.8|80|480
493|529|21/02/2018|21/02/2018|0|9|6|250|t|11.32|238.68|481
494|573|21/02/2018|21/02/2018|0|5|6|262.88|t|14.88|248|482
495|353|21/02/2018|21/02/2018|0|7|6|146.3|t|8.28|138.02|483
496|437|21/02/2018|21/02/2018|0|7|6|50.9|t|2.88|48.02|484
497|498|21/02/2018|21/02/2018|0|6|6|101.76|t|5.76|96|485
498|789|21/02/2018|21/02/2018|0|4|6|147.98|t|8.38|139.6|486
500|498|22/02/2018|22/02/2018|0|5|6|253.34|t|14.34|239|488
501|789|22/02/2018|22/02/2018|0|4|6|194.62|t|11.02|183.6|489
502|53|22/02/2018|22/02/2018|0|4|6|84.8|t|4.8|80|490
479|167|20/02/2018|20/02/2018|0|12|6|436.2|t|16.2|420|467
485|419|20/02/2018|20/02/2018|0|11|6|436.2|t|16.2|420|473
452|111|14/02/2018|14/02/2018|0|4|6|153.7|t|8.7|145|440
460|779|15/02/2018|15/02/2018|0|12|6|486.2|t|16.2|470|448
503|209|22/02/2018|22/02/2018|0|11|6|415|t|15|400|491
1059|617|11/04/2018|11/04/2018|0|2|6|890.4|t|50.4|840|1044
505|64|22/02/2018|22/02/2018|0|8|6|169.6|t|9.6|160|493
506|739|22/02/2018|22/02/2018|0|8|6|1642.48|t|84.48|1558|494
507|748|22/02/2018|22/02/2018|0|11|6|415|t|15|400|495
508|788|23/02/2018|23/02/2018|0|4|6|2500|t|84.91|2415.09|496
509|657|23/02/2018|23/02/2018|0|5|6|210.94|t|11.94|199|497
510|295|23/02/2018|23/02/2018|0|3|6|106|t|6|100|498
511|408|23/02/2018|23/02/2018|0|11|6|415|t|15|400|499
512|107|23/02/2018|23/02/2018|0|12|6|415|t|15|400|500
513|572|23/02/2018|23/02/2018|0|2|6|890.4|t|50.4|840|501
514|131|23/02/2018|23/02/2018|0|2|6|890.4|t|50.4|840|502
515|104|23/02/2018|23/02/2018|0|2|6|890.4|t|50.4|840|503
1068|625|12/04/2018|12/04/2018|0|12|6|108.12|t|6.12|102|1053
1076|548|13/04/2018|13/04/2018|0|9|6|415|t|15|400|1061
516|600|23/02/2018|23/02/2018|0|5|6|389.34|t|20.34|369|504
517|529|23/02/2018|23/02/2018|0|5|6|273.8|t|13.8|260|505
518|764|23/02/2018|23/02/2018|0|5|6|359.34|t|20.34|339|506
519|414|26/02/2018|26/02/2018|0|2|6|890.4|t|50.4|840|507
520|162|26/02/2018|26/02/2018|0|2|6|890.4|t|50.4|840|508
1082|415|13/04/2018|13/04/2018|0|3|6|143.1|t|8.1|135|1067
521|19|26/02/2018|26/02/2018|0|2|6|890.4|t|50.4|840|509
442|377|08/05/2018|08/05/2018|0|11|6|500|t|28.3|471.7|430
525|117|26/02/2018|26/02/2018|0|12|6|415|t|15|400|513
526|440|26/02/2018|26/02/2018|0|11|6|415|t|15|400|514
527|792|26/02/2018|26/02/2018|0|5|6|500|t|25.47|474.53|515
562|665|02/03/2018|02/03/2018|0|5|6|190.8|t|10.8|180|550
563|538|02/03/2018|02/03/2018|0|5|6|95.4|t|5.4|90|551
528|792|26/02/2018|26/02/2018|0|5|6|2500|t|84.91|2415.09|516
529|396|26/02/2018|26/02/2018|0|11|6|250|t|11.32|238.68|517
530|290|26/02/2018|26/02/2018|0|3|6|804.2|t|34.2|770|518
531|754|27/02/2018|27/02/2018|0|9|6|26.5|t|1.5|25|519
532|727|27/02/2018|27/02/2018|0|11|6|415|t|15|400|520
533|789|27/02/2018|27/02/2018|0|4|6|163.66|t|9.26|154.4|521
534|552|27/02/2018|27/02/2018|0|6|6|46.64|t|2.64|44|522
535|793|27/02/2018|27/02/2018|0|5|6|2950|t|107.55|2842.45|523
536|459|27/02/2018|27/02/2018|0|11|6|415|t|15|400|524
537|101|27/02/2018|27/02/2018|0|4|6|68.9|t|3|65.9|525
539|726|27/02/2018|27/02/2018|0|6|6|36.04|t|2.04|34|527
540|132|27/02/2018|27/02/2018|0|4|6|21.2|t|1.2|20|528
541|648|28/02/2018|28/02/2018|0|12|6|28.62|t|1.62|27|529
542|58|28/02/2018|28/02/2018|0|8|6|37.1|t|2.1|35|530
543|250|28/02/2018|28/02/2018|0|11|6|634.6|t|24.6|610|531
544|543|28/02/2018|28/02/2018|0|11|6|446.8|t|16.8|430|532
545|8|28/02/2018|28/02/2018|0|4|6|84.8|t|4.8|80|533
546|635|01/03/2018|01/03/2018|0|5|6|95.4|t|5.4|90|534
547|794|01/03/2018|01/03/2018|0|5|6|50|t|0|50|535
548|795|01/03/2018|01/03/2018|0|7|6|500|t|25.47|474.53|536
549|795|01/03/2018|01/03/2018|0|7|6|2500|t|84.91|2415.09|537
550|662|01/03/2018|01/03/2018|0|9|6|415|t|15|400|538
551|572|01/03/2018|01/03/2018|0|5|6|379.8|t|19.8|360|539
464|482|19/02/2018|19/02/2018|0|11|6|624|t|24|600|452
552|789|01/03/2018|01/03/2018|0|4|6|50|t|0|50|540
553|49|01/03/2018|01/03/2018|0|8|6|853.54|t|28.33|825.21|541
441|251|14/02/2018|14/02/2018|0|11|0|0|t|0|0|429
555|665|01/03/2018|01/03/2018|0|5|6|580.88|t|32.88|548|543
556|767|01/03/2018|01/03/2018|0|9|6|26.5|t|1.5|25|544
557|727|02/03/2018|02/03/2018|0|3|6|890.4|t|50.4|840|545
558|54|02/03/2018|02/03/2018|0|4|6|59.57|t|3.37|56.2|546
559|727|02/03/2018|02/03/2018|0|7|6|97.6|t|5.52|92.08|547
554|725|01/03/2018|01/03/2018|0|9|6|288.32|t|16.32|272|542
560|198|02/03/2018|02/03/2018|0|8|6|94.34|t|5.34|89|548
561|735|02/03/2018|02/03/2018|0|9|6|126.14|t|7.14|119|549
564|549|02/03/2018|02/03/2018|0|9|6|415|t|15|400|552
565|33|02/03/2018|02/03/2018|0|4|6|50|t|0|50|553
566|718|02/03/2018|02/03/2018|0|3|6|170|t|9.62|160.38|554
567|226|03/03/2018|03/03/2018|0|3|6|715|t|37.64|677.36|555
568|797|03/03/2018|03/03/2018|0|9|6|500|t|25.47|474.53|556
577|147|05/03/2018|05/03/2018|0|4|6|94.34|t|5.34|89|565
570|516|03/03/2018|03/03/2018|0|9|6|415|t|15|400|558
571|611|03/03/2018|03/03/2018|0|9|6|415|t|15|400|559
572|153|03/03/2018|03/03/2018|0|4|6|153.06|t|8.66|144.4|560
569|797|03/03/2018|03/03/2018|0|9|6|2500|t|84.91|2415.09|557
573|497|05/03/2018|05/03/2018|0|9|6|415|t|15|400|561
575|318|05/03/2018|05/03/2018|0|3|6|412|t|12|400|563
578|193|05/03/2018|05/03/2018|0|4|6|94.34|t|5.34|89|566
579|172|05/03/2018|05/03/2018|0|4|6|94.34|t|5.34|89|567
580|344|05/03/2018|05/03/2018|0|7|6|106|t|6|100|568
581|625|05/03/2018|05/03/2018|0|9|6|51.94|t|2.94|49|569
582|367|05/03/2018|05/03/2018|0|6|6|36.04|t|2.04|34|570
583|608|05/03/2018|05/03/2018|0|9|6|200|t|11.32|188.68|571
584|376|05/03/2018|05/03/2018|0|6|6|10.6|t|0.6|10|572
586|688|06/03/2018|06/03/2018|0|9|6|50|t|0|50|574
587|742|06/03/2018|06/03/2018|0|7|6|415|t|15|400|575
576|519|05/03/2018|05/03/2018|0|9|6|468|t|18|450|564
588|430|06/03/2018|06/03/2018|0|3|6|363.4|t|18.87|344.53|576
589|591|06/03/2018|06/03/2018|0|6|6|226.84|t|12.84|214|577
538|427|27/02/2018|27/02/2018|0|7|6|638.4|t|32.4|606|526
574|657|05/03/2018|05/03/2018|0|9|6|637.6|t|27.6|610|562
504|540|22/02/2018|22/02/2018|0|5|6|273.8|t|13.8|260|492
522|806|28/03/2018|28/03/2018|0|11|6|359|t|9|350|510
523|364|26/02/2018|26/02/2018|0|7|6|1276.5|t|61.5|1215|511
590|725|06/03/2018|06/03/2018|0|9|6|292.56|t|16.56|276|578
591|738|06/03/2018|06/03/2018|0|4|6|103.88|t|5.88|98|579
592|475|06/03/2018|06/03/2018|0|7|6|250|t|11.32|238.68|580
593|221|06/03/2018|06/03/2018|0|3|6|1012.8|t|52.8|960|581
595|787|07/03/2018|07/03/2018|0|4|6|2500|t|84.91|2415.09|583
596|800|07/03/2018|07/03/2018|0|5|6|1683.28|t|95.28|1588|584
597|606|07/03/2018|07/03/2018|0|9|6|116.6|t|6.6|110|585
598|447|07/03/2018|07/03/2018|0|3|6|392.2|t|22.2|370|586
599|64|07/03/2018|07/03/2018|0|8|6|50.88|t|2.88|48|587
600|263|07/03/2018|07/03/2018|0|3|6|339.2|t|19.2|320|588
601|767|07/03/2018|07/03/2018|0|5|6|169.6|t|9.6|160|589
602|197|07/03/2018|07/03/2018|0|4|6|44.41|t|2.51|41.9|590
603|314|07/03/2018|07/03/2018|0|3|6|500|t|28.3|471.7|591
604|740|07/03/2018|07/03/2018|0|8|6|1267.76|t|71.76|1196|592
605|214|07/03/2018|07/03/2018|0|3|6|598|t|29.32|568.68|593
606|801|08/03/2018|08/03/2018|0|7|6|500|t|25.47|474.53|594
607|621|08/03/2018|08/03/2018|0|9|6|415|t|15|400|595
1060|604|11/04/2018|11/04/2018|0|5|6|68.9|t|3.9|65|1045
609|543|08/03/2018|08/03/2018|0|3|6|137.8|t|7.8|130|597
608|801|08/03/2018|08/03/2018|0|7|6|3030|t|114.91|2915.09|596
1069|593|12/04/2018|12/04/2018|0|9|6|415|t|15|400|1054
1077|742|13/04/2018|13/04/2018|0|7|6|159|t|9|150|1062
610|711|08/03/2018|08/03/2018|0|9|6|250|t|11.32|238.68|598
648|524|12/03/2018|12/03/2018|0|10|6|890.4|t|50.4|840|636
649|523|12/03/2018|12/03/2018|0|10|6|890.4|t|50.4|840|637
611|760|08/03/2018|08/03/2018|0|5|6|450|t|8.49|441.51|599
612|76|08/03/2018|08/03/2018|0|2|6|164.3|t|9.3|155|600
1083|114|13/04/2018|13/04/2018|0|8|6|138.54|t|7.84|130.7|1068
613|307|08/03/2018|08/03/2018|0|7|6|292.9|t|14.88|278.02|601
614|617|08/03/2018|08/03/2018|0|9|6|169.6|t|9.6|160|602
616|215|08/03/2018|08/03/2018|0|3|6|390.4|t|20.4|370|604
617|188|08/03/2018|08/03/2018|0|4|6|292.56|t|16.56|276|605
619|188|08/03/2018|08/03/2018|0|4|6|586.18|t|33.18|553|607
620|189|08/03/2018|08/03/2018|0|4|6|180.2|t|10.2|170|608
621|219|08/03/2018|08/03/2018|0|3|6|693.4|t|34.72|658.68|609
622|703|09/03/2018|09/03/2018|0|9|6|415|t|15|400|610
623|624|09/03/2018|09/03/2018|0|9|6|415|t|15|400|611
625|276|09/03/2018|09/03/2018|0|7|6|50|t|0|50|613
626|124|09/03/2018|09/03/2018|0|8|6|84.8|t|4.8|80|614
628|535|09/03/2018|09/03/2018|0|6|6|110.24|t|6.24|104|616
630|130|09/03/2018|09/03/2018|0|2|6|890.4|t|50.4|840|618
631|592|09/03/2018|09/03/2018|0|2|6|890.4|t|50.4|840|619
632|541|09/03/2018|09/03/2018|0|2|6|890.4|t|50.4|840|620
633|573|09/03/2018|09/03/2018|0|2|6|890.4|t|50.4|840|621
634|303|09/03/2018|09/03/2018|0|2|6|890.4|t|50.4|840|622
635|656|09/03/2018|09/03/2018|0|9|6|39.22|t|2.22|37|623
636|376|09/03/2018|09/03/2018|0|6|6|44.52|t|2.52|42|624
637|265|09/03/2018|09/03/2018|0|2|6|890.4|t|50.4|840|625
638|788|09/03/2018|09/03/2018|0|2|6|890.4|t|50.4|840|626
639|128|09/03/2018|09/03/2018|0|8|6|137.8|t|7.8|130|627
640|257|09/03/2018|09/03/2018|0|10|6|890.4|t|50.4|840|628
641|586|09/03/2018|09/03/2018|0|10|6|890.4|t|50.4|840|629
642|662|09/03/2018|09/03/2018|0|10|6|890.4|t|50.4|840|630
644|152|12/03/2018|12/03/2018|0|10|6|890.4|t|50.4|840|632
645|515|12/03/2018|12/03/2018|0|10|6|890.4|t|50.4|840|633
646|792|12/03/2018|12/03/2018|0|9|6|84.8|t|4.8|80|634
647|525|12/03/2018|12/03/2018|0|10|6|890.4|t|50.4|840|635
650|520|12/03/2018|12/03/2018|0|10|6|890.4|t|50.4|840|638
651|522|12/03/2018|12/03/2018|0|10|6|890.4|t|50.4|840|639
652|123|12/03/2018|12/03/2018|0|10|6|890.4|t|50.4|840|640
653|135|12/03/2018|12/03/2018|0|10|6|890.4|t|50.4|840|641
654|668|12/03/2018|12/03/2018|0|10|6|890.4|t|50.4|840|642
655|709|12/03/2018|12/03/2018|0|10|6|890.4|t|50.4|840|643
656|126|12/03/2018|12/03/2018|0|4|6|156.88|t|8.88|148|644
657|514|12/03/2018|12/03/2018|0|10|6|890.4|t|50.4|840|645
658|517|12/03/2018|12/03/2018|0|10|6|890.4|t|50.4|840|646
659|516|12/03/2018|12/03/2018|0|10|6|890.4|t|50.4|840|647
660|519|12/03/2018|12/03/2018|0|10|6|890.4|t|50.4|840|648
661|636|12/03/2018|12/03/2018|0|10|6|890.4|t|50.4|840|649
662|687|12/03/2018|12/03/2018|0|10|6|890.4|t|50.4|840|650
663|562|12/03/2018|12/03/2018|0|10|6|890.4|t|50.4|840|651
664|527|12/03/2018|12/03/2018|0|10|6|890.4|t|50.4|840|652
667|633|12/03/2018|12/03/2018|0|9|6|415|t|15|400|655
666|738|12/03/2018|12/03/2018|0|4|6|242.74|t|13.74|229|654
670|597|12/03/2018|12/03/2018|0|9|6|415|t|15|400|658
594|813|07/03/2018|07/03/2018|0|4|6|1176.6|t|66.6|1110|582
665|738|12/03/2018|12/03/2018|0|4|6|279.84|t|14.14|265.7|653
669|470|12/03/2018|12/03/2018|0|11|6|251.8|t|11.42|240.38|657
671|540|12/03/2018|12/03/2018|0|9|6|79.5|t|4.5|75|659
677|805|12/03/2018|12/03/2018|0|3|6|2500|t|84.91|2415.09|665
673|540|12/03/2018|12/03/2018|0|9|6|159|t|9|150|661
674|804|12/03/2018|12/03/2018|0|3|6|1000|t|53.77|946.23|662
675|805|12/03/2018|12/03/2018|0|3|6|500|t|25.47|474.53|663
672|353|12/03/2018|12/03/2018|0|7|6|164.3|t|9.3|155|660
676|704|12/03/2018|12/03/2018|0|9|6|415|t|15|400|664
679|153|13/03/2018|13/03/2018|0|8|6|134.62|t|7.62|127|667
678|794|13/03/2018|13/03/2018|0|12|0|0|t|0|0|666
681|307|13/03/2018|13/03/2018|0|3|6|308|t|17.43|290.57|669
668|802|12/03/2018|12/03/2018|0|4|6|200|t|11.32|188.68|656
618|188|08/03/2018|08/03/2018|0|4|6|164.3|t|9.13|155.17|606
624|727|09/03/2018|09/03/2018|0|7|6|3088.4|t|8.4|3080|612
629|204|09/03/2018|09/03/2018|0|11|6|674|t|33.62|640.38|617
682|14|13/03/2018|13/03/2018|0|4|6|97.31|t|5.51|91.8|670
683|34|13/03/2018|13/03/2018|0|8|6|250|t|11.32|238.68|671
1061|656|11/04/2018|11/04/2018|0|5|6|68.9|t|3.9|65|1046
684|803|13/03/2018|13/03/2018|0|4|6|170.66|t|9.66|161|672
686|789|13/03/2018|13/03/2018|0|4|6|170.87|t|9.67|161.2|674
687|316|13/03/2018|13/03/2018|0|11|6|415|t|15|400|675
688|268|13/03/2018|13/03/2018|0|6|6|46.64|t|2.64|44|676
689|550|14/03/2018|14/03/2018|0|5|6|359.34|t|20.34|339|677
690|738|14/03/2018|14/03/2018|0|4|6|59.47|t|3.37|56.1|678
685|711|13/03/2018|13/03/2018|0|9|6|446.8|t|16.8|430|673
691|568|14/03/2018|14/03/2018|0|9|6|54.06|t|3.06|51|679
1070|821|12/04/2018|12/04/2018|0|5|6|1249.74|t|70.74|1179|1055
524|727|26/02/2018|26/02/2018|0|7|6|156|t|6|150|512
1078|211|13/04/2018|13/04/2018|0|7|6|132.5|t|7.5|125|1063
695|549|14/03/2018|14/03/2018|0|2|6|890.4|t|50.4|840|682
696|40|14/03/2018|14/03/2018|0|2|6|890.4|t|50.4|840|683
697|316|14/03/2018|14/03/2018|0|2|6|890.4|t|50.4|840|684
698|253|14/03/2018|14/03/2018|0|7|6|527.7|t|29.7|498|685
735|142|19/03/2018|19/03/2018|0|12|6|415|t|15|400|723
701|215|14/03/2018|14/03/2018|0|3|6|254.4|t|14.4|240|688
702|188|14/03/2018|14/03/2018|0|8|6|135.68|t|7.68|128|689
703|189|15/03/2018|15/03/2018|0|8|6|409.06|t|21.46|387.6|690
700|126|14/03/2018|14/03/2018|0|4|6|50.24|t|2.84|47.4|687
705|462|15/03/2018|15/03/2018|0|3|6|227.9|t|12.9|215|692
1084|508|13/04/2018|13/04/2018|0|9|6|250|t|11.32|238.68|1069
706|789|15/03/2018|15/03/2018|0|4|6|47.7|t|2.7|45|693
699|738|14/03/2018|14/03/2018|0|4|6|200|t|5.32|194.68|686
707|455|15/03/2018|15/03/2018|0|11|6|415|t|15|400|694
708|640|15/03/2018|15/03/2018|0|2|6|890.4|t|50.4|840|695
709|432|15/03/2018|15/03/2018|0|2|6|890.4|t|50.4|840|696
704|99|15/03/2018|15/03/2018|0|8|6|284.8|t|4.8|280|697
1087|610|13/04/2018|13/04/2018|0|2|6|890.4|t|50.4|840|1072
1090|655|16/04/2018|16/04/2018|0|12|6|415|t|15|400|1075
1093|535|16/04/2018|16/04/2018|0|9|6|250|t|11.32|238.68|1078
838|153|23/03/2018|23/03/2018|0|4|6|57.24|t|3.24|54|825
712|568|15/03/2018|15/03/2018|0|5|6|84.8|t|4.8|80|700
713|77|15/03/2018|15/03/2018|0|4|6|117.02|t|6.62|110.4|701
715|770|15/03/2018|15/03/2018|0|3|6|344.5|t|19.5|325|703
717|556|15/03/2018|15/03/2018|0|5|6|359.34|t|20.34|339|705
718|662|15/03/2018|15/03/2018|0|5|6|121.9|t|6.9|115|706
719|497|15/03/2018|15/03/2018|0|5|6|164.3|t|9.3|155|707
720|447|15/03/2018|15/03/2018|0|3|6|503.8|t|1.8|502|708
714|143|15/03/2018|15/03/2018|0|8|6|162.82|t|9.22|153.6|702
721|189|15/03/2018|15/03/2018|0|8|6|801.36|t|45.36|756|709
722|807|15/03/2018|15/03/2018|0|5|6|1249.74|t|70.74|1179|710
723|808|15/03/2018|15/03/2018|0|2|6|1176.6|t|66.6|1110|711
724|765|16/03/2018|16/03/2018|0|3|6|249.1|t|14.1|235|712
725|615|16/03/2018|16/03/2018|0|9|6|307.58|t|14.58|293|713
728|552|16/03/2018|16/03/2018|0|9|6|15.9|t|0.9|15|716
737|415|19/03/2018|19/03/2018|0|6|6|29.68|t|1.68|28|725
738|413|19/03/2018|19/03/2018|0|2|6|890.4|t|50.4|840|726
729|67|16/03/2018|16/03/2018|0|8|6|1100|t|56.6|1043.4|717
739|45|19/03/2018|19/03/2018|0|8|6|250|t|11.32|238.68|727
692|343|14/03/2018|14/03/2018|0|11|6|634.6|t|24.6|610|680
730|724|16/03/2018|16/03/2018|0|9|6|478.6|t|18.6|460|718
731|774|19/03/2018|19/03/2018|0|7|6|824.9|t|44.82|780.08|719
732|665|19/03/2018|19/03/2018|0|5|6|10|t|0|10|720
734|809|19/03/2018|19/03/2018|0|4|6|1409.8|t|79.8|1330|722
740|41|19/03/2018|19/03/2018|0|2|6|890.4|t|50.4|840|728
769|738|20/03/2018|20/03/2018|0|4|6|37.1|t|2.1|35|757
741|615|20/03/2018|20/03/2018|0|9|6|51.94|t|2.94|49|729
742|552|20/03/2018|20/03/2018|0|5|6|349.8|t|19.8|330|730
743|138|20/03/2018|20/03/2018|0|2|6|205.85|t|11.65|194.2|731
744|515|20/03/2018|20/03/2018|0|5|6|84.8|t|4.8|80|732
745|345|20/03/2018|20/03/2018|0|11|6|415|t|15|400|733
746|740|20/03/2018|20/03/2018|0|4|6|103.88|t|5.88|98|734
747|726|20/03/2018|20/03/2018|0|4|6|36.04|t|2.04|34|735
748|56|20/03/2018|20/03/2018|0|8|6|186.77|t|10.57|176.2|736
749|178|20/03/2018|20/03/2018|0|8|6|186.77|t|10.57|176.2|737
750|133|20/03/2018|20/03/2018|0|8|6|186.77|t|10.57|176.2|738
751|183|20/03/2018|20/03/2018|0|8|6|186.77|t|10.57|176.2|739
752|682|20/03/2018|20/03/2018|0|5|6|363.56|t|20.58|342.98|740
753|147|20/03/2018|20/03/2018|0|8|6|186.77|t|10.57|176.2|741
733|576|19/03/2018|19/03/2018|0|9|6|568|t|18|550|721
716|454|15/03/2018|15/03/2018|0|7|6|612|t|23.32|588.68|704
755|798|20/03/2018|20/03/2018|0|3|6|751.2|t|31.2|720|743
758|157|20/03/2018|20/03/2018|0|12|6|144.37|t|8.17|136.2|746
756|139|20/03/2018|20/03/2018|0|12|6|144.37|t|8.17|136.2|744
754|215|20/03/2018|20/03/2018|0|6|6|79.5|t|4.5|75|742
757|785|20/03/2018|20/03/2018|0|7|6|74.2|t|4.2|70|745
759|431|20/03/2018|20/03/2018|0|11|6|250|t|11.32|238.68|747
760|224|20/03/2018|20/03/2018|0|7|6|250|t|11.32|238.68|748
761|224|20/03/2018|20/03/2018|0|2|6|890.4|t|50.4|840|749
762|36|20/03/2018|20/03/2018|0|2|6|890.4|t|50.4|840|750
763|298|20/03/2018|20/03/2018|0|2|6|890.4|t|50.4|840|751
764|453|20/03/2018|20/03/2018|0|2|6|890.4|t|50.4|840|752
765|155|20/03/2018|20/03/2018|0|12|6|186.77|t|10.57|176.2|753
766|165|20/03/2018|20/03/2018|0|12|6|186.77|t|10.57|176.2|754
767|83|20/03/2018|20/03/2018|0|12|6|186.77|t|10.57|176.2|755
768|119|20/03/2018|20/03/2018|0|8|6|186.77|t|10.57|176.2|756
770|767|20/03/2018|20/03/2018|0|12|6|28.62|t|1.62|27|758
615|606|08/03/2018|08/03/2018|0|9|6|415|t|15|400|603
727|374|16/03/2018|16/03/2018|0|3|6|774.3|t|39.3|735|715
736|36|19/03/2018|19/03/2018|0|8|6|103.88|t|5.88|98|724
694|224|14/03/2018|14/03/2018|0|7|6|478.6|t|18.6|460|681
1062|638|11/04/2018|11/04/2018|0|5|6|68.9|t|3.9|65|1047
1071|722|12/04/2018|12/04/2018|0|9|6|415|t|15|400|1056
1079|656|13/04/2018|13/04/2018|0|5|6|70|t|3.06|66.94|1064
1085|725|13/04/2018|13/04/2018|0|12|6|128.26|t|7.26|121|1070
771|699|20/03/2018|20/03/2018|0|5|6|898.88|t|50.88|848|759
643|328|09/03/2018|09/03/2018|0|11|6|705.8|t|35.42|670.38|631
772|143|21/03/2018|21/03/2018|0|8|6|47.7|t|2.7|45|760
773|290|21/03/2018|21/03/2018|0|2|6|890.4|t|50.4|840|761
774|280|21/03/2018|21/03/2018|0|2|6|890.4|t|50.4|840|762
775|72|21/03/2018|21/03/2018|0|2|6|890.4|t|50.4|840|763
776|469|21/03/2018|21/03/2018|0|2|6|890.4|t|50.4|840|764
777|243|21/03/2018|21/03/2018|0|2|6|890.4|t|50.4|840|765
778|340|21/03/2018|21/03/2018|0|2|6|890.4|t|50.4|840|766
779|257|21/03/2018|21/03/2018|0|11|6|415|t|15|400|767
780|364|21/03/2018|21/03/2018|0|2|6|890.4|t|50.4|840|768
781|155|21/03/2018|21/03/2018|0|2|6|890.4|t|50.4|840|769
782|168|21/03/2018|21/03/2018|0|12|6|415|t|15|400|770
784|121|21/03/2018|21/03/2018|0|2|6|890.4|t|50.4|840|772
835|606|23/03/2018|23/03/2018|0|5|6|1325|t|75|1250|822
785|345|21/03/2018|21/03/2018|0|2|6|890.4|t|50.4|840|773
786|107|21/03/2018|21/03/2018|0|2|6|890.4|t|50.4|840|774
787|621|21/03/2018|21/03/2018|0|2|6|890.4|t|50.4|840|775
788|117|21/03/2018|21/03/2018|0|2|6|890.4|t|50.4|840|776
789|779|21/03/2018|21/03/2018|0|2|6|890.4|t|50.4|840|777
790|707|21/03/2018|21/03/2018|0|2|6|296.8|t|16.8|280|778
791|408|21/03/2018|21/03/2018|0|2|6|890.4|t|50.4|840|779
783|299|21/03/2018|21/03/2018|0|2|6|890.4|t|50.4|840|771
793|364|21/03/2018|21/03/2018|0|6|6|75.26|t|4.26|71|781
794|360|21/03/2018|21/03/2018|0|6|6|81.62|t|4.62|77|782
796|408|21/03/2018|21/03/2018|0|7|6|66.78|t|3.78|63|784
800|489|21/03/2018|21/03/2018|0|3|6|333.9|t|18.9|315|787
836|197|23/03/2018|23/03/2018|0|4|6|151.58|t|8.58|143|823
801|699|21/03/2018|21/03/2018|0|5|6|389.34|t|20.34|369|788
802|610|21/03/2018|21/03/2018|0|5|6|84.8|t|4.8|80|789
803|310|21/03/2018|21/03/2018|0|3|6|1083.7|t|38.7|1045|790
804|108|21/03/2018|21/03/2018|0|4|6|96.46|t|5.46|91|791
837|95|23/03/2018|23/03/2018|0|12|6|415|t|15|400|824
805|389|22/03/2018|22/03/2018|0|2|6|890.4|t|50.4|840|792
806|634|22/03/2018|22/03/2018|0|2|6|890.4|t|50.4|840|793
807|165|22/03/2018|22/03/2018|0|2|6|890.4|t|50.4|840|794
808|624|22/03/2018|22/03/2018|0|2|6|890.4|t|50.4|840|795
809|703|22/03/2018|22/03/2018|0|2|6|890.4|t|50.4|840|796
810|177|22/03/2018|22/03/2018|0|2|6|890.4|t|50.4|840|797
811|514|22/03/2018|22/03/2018|0|9|6|50|t|0|50|798
812|306|22/03/2018|22/03/2018|0|7|6|100.7|t|5.7|95|799
813|337|22/03/2018|22/03/2018|0|7|6|90.1|t|5.1|85|800
815|665|22/03/2018|22/03/2018|0|9|6|3|t|0|3|802
816|659|22/03/2018|22/03/2018|0|5|6|485.8|t|25.8|460|803
817|39|22/03/2018|22/03/2018|0|8|6|103.88|t|5.88|98|804
818|569|22/03/2018|22/03/2018|0|5|6|379.8|t|19.8|360|805
795|25|21/03/2018|21/03/2018|0|8|6|27247.47|t|46.27|27201.2|783
819|570|22/03/2018|22/03/2018|0|5|6|379.8|t|19.8|360|806
820|755|22/03/2018|22/03/2018|0|7|6|540.6|t|30.6|510|807
850|490|27/03/2018|27/03/2018|0|11|6|250|t|11.32|238.68|837
799|82|21/03/2018|21/03/2018|0|4|6|1987.47|t|46.27|1941.2|786
821|658|22/03/2018|22/03/2018|0|5|6|379.8|t|19.8|360|808
822|477|22/03/2018|22/03/2018|0|3|6|1100|t|56.6|1043.4|809
823|326|23/03/2018|23/03/2018|0|11|6|415|t|15|400|810
824|405|23/03/2018|23/03/2018|0|11|6|415|t|15|400|811
825|265|23/03/2018|23/03/2018|0|11|6|425.6|t|15.6|410|812
826|141|23/03/2018|23/03/2018|0|12|6|415|t|15|400|813
827|469|23/03/2018|23/03/2018|0|11|6|415|t|15|400|814
828|673|23/03/2018|23/03/2018|0|2|6|890.4|t|50.4|840|815
829|497|23/03/2018|23/03/2018|0|2|6|890.4|t|50.4|840|816
830|167|23/03/2018|23/03/2018|0|2|6|890.4|t|50.4|840|817
831|504|23/03/2018|23/03/2018|0|2|6|47.7|t|2.7|45|818
833|606|23/03/2018|23/03/2018|0|5|6|50|t|0|50|820
832|398|23/03/2018|23/03/2018|0|11|6|521|t|21|500|819
840|701|26/03/2018|26/03/2018|0|9|6|415|t|15|400|827
851|28|27/03/2018|27/03/2018|0|8|6|415|t|15|400|838
842|768|26/03/2018|26/03/2018|0|5|6|527.88|t|29.88|498|829
834|665|23/03/2018|23/03/2018|0|9|6|568|t|18|550|821
814|213|22/03/2018|22/03/2018|0|11|6|621|t|21|600|801
843|812|26/03/2018|26/03/2018|0|8|6|500|t|25.47|474.53|830
844|187|26/03/2018|26/03/2018|0|8|6|415|t|15|400|831
845|50|26/03/2018|26/03/2018|0|12|6|436.2|t|16.2|420|832
839|52|23/03/2018|23/03/2018|0|12|6|499.8|t|19.8|480|826
846|12|26/03/2018|26/03/2018|0|4|6|143.1|t|8.1|135|833
847|250|26/03/2018|26/03/2018|0|6|6|72.08|t|4.08|68|834
841|397|26/03/2018|26/03/2018|0|7|6|1404.9|t|56.88|1348.02|828
848|128|26/03/2018|26/03/2018|0|4|6|90.1|t|5.1|85|835
849|35|27/03/2018|27/03/2018|0|12|6|415|t|15|400|836
853|186|27/03/2018|27/03/2018|0|12|6|415|t|15|400|840
859|118|27/03/2018|27/03/2018|0|8|6|434.08|t|16.08|418|846
854|503|27/03/2018|27/03/2018|0|2|6|1590|t|90|1500|841
855|504|27/03/2018|27/03/2018|0|2|6|5088|t|288|4800|842
856|561|27/03/2018|27/03/2018|0|2|6|5088|t|288|4800|843
857|197|27/03/2018|27/03/2018|0|4|6|390.61|t|22.11|368.5|844
858|273|27/03/2018|27/03/2018|0|11|6|250|t|11.32|238.68|845
852|804|27/03/2018|27/03/2018|0|3|6|3183.2|t|115.09|3068.11|839
792|543|02/04/2018|02/04/2018|0|6|6|222.6|t|12.6|210|780
861|738|27/03/2018|27/03/2018|0|4|6|114.48|t|6.48|108|848
627|287|09/03/2018|09/03/2018|0|11|6|1109.8|t|49.8|1060|615
862|533|27/03/2018|27/03/2018|0|5|6|1733.96|t|87.96|1646|849
863|393|27/03/2018|27/03/2018|0|7|6|563.4|t|23.4|540|850
860|423|27/03/2018|27/03/2018|0|11|6|487.1|t|19.08|468.02|847
865|574|27/03/2018|27/03/2018|0|5|6|575.06|t|24.06|551|852
864|789|27/03/2018|27/03/2018|0|4|6|202.92|t|10.92|192|851
866|733|28/03/2018|28/03/2018|0|11|6|48.8|t|2.76|46.04|853
868|381|28/03/2018|28/03/2018|0|10|6|890.4|t|50.4|840|855
869|471|28/03/2018|28/03/2018|0|10|6|890.4|t|50.4|840|856
870|611|28/03/2018|28/03/2018|0|10|6|890.4|t|50.4|840|857
871|405|28/03/2018|28/03/2018|0|10|6|890.4|t|50.4|840|858
872|401|28/03/2018|28/03/2018|0|10|6|890.4|t|50.4|840|859
873|669|28/03/2018|28/03/2018|0|10|6|890.4|t|50.4|840|860
874|421|28/03/2018|28/03/2018|0|10|6|890.4|t|50.4|840|861
875|698|28/03/2018|28/03/2018|0|10|6|890.4|t|50.4|840|862
876|710|28/03/2018|28/03/2018|0|10|6|890.4|t|50.4|840|863
877|597|28/03/2018|28/03/2018|0|2|6|890.4|t|50.4|840|864
878|660|28/03/2018|28/03/2018|0|5|6|474.88|t|26.88|448|865
867|718|28/03/2018|28/03/2018|0|7|6|3102.6|t|162.6|2940|854
879|247|28/03/2018|28/03/2018|0|10|6|890.4|t|50.4|840|866
880|124|28/03/2018|28/03/2018|0|10|6|890.4|t|50.4|840|867
881|197|29/03/2018|29/03/2018|0|4|6|110.24|t|6.24|104|868
882|400|29/03/2018|29/03/2018|0|11|6|710.7|t|35.7|675|869
883|498|29/03/2018|29/03/2018|0|9|6|203.52|t|11.52|192|870
884|263|29/03/2018|29/03/2018|0|3|6|116.6|t|6.6|110|871
1063|680|11/04/2018|11/04/2018|0|12|6|170.66|t|9.66|161|1048
885|513|29/03/2018|29/03/2018|0|9|6|203.52|t|11.52|192|872
886|496|29/03/2018|29/03/2018|0|9|6|203.52|t|11.52|192|873
887|507|29/03/2018|29/03/2018|0|9|6|203.52|t|11.52|192|874
888|553|29/03/2018|29/03/2018|0|9|6|203.52|t|11.52|192|875
889|666|29/03/2018|29/03/2018|0|9|6|203.52|t|11.52|192|876
890|680|29/03/2018|29/03/2018|0|9|6|203.52|t|11.52|192|877
891|45|29/03/2018|29/03/2018|0|8|6|1100|t|56.6|1043.4|878
892|125|29/03/2018|29/03/2018|0|6|6|100.7|t|5.7|95|879
893|126|29/03/2018|29/03/2018|0|4|6|90.1|t|5.1|85|880
895|155|29/03/2018|29/03/2018|0|4|6|63.6|t|3.6|60|882
896|275|30/03/2018|30/03/2018|0|11|6|250|t|11.32|238.68|883
897|519|30/03/2018|30/03/2018|0|12|6|33.92|t|1.92|32|884
898|305|30/03/2018|30/03/2018|0|3|6|127.2|t|7.2|120|885
899|108|30/03/2018|30/03/2018|0|4|6|259.7|t|14.7|245|886
1072|679|12/04/2018|12/04/2018|0|9|6|50|t|0|50|1057
901|262|30/03/2018|30/03/2018|0|11|6|250|t|11.32|238.68|888
902|718|30/03/2018|30/03/2018|0|7|6|121.9|t|6.9|115|889
903|815|30/03/2018|30/03/2018|0|7|6|190.8|t|10.8|180|890
904|488|30/03/2018|30/03/2018|0|11|6|250|t|11.32|238.68|891
905|741|30/03/2018|30/03/2018|0|4|6|250|t|11.32|238.68|892
906|302|30/03/2018|30/03/2018|0|11|6|250|t|11.32|238.68|893
907|174|30/03/2018|30/03/2018|0|8|6|200|t|0|200|894
908|351|30/03/2018|30/03/2018|0|11|6|250|t|11.32|238.68|895
909|438|30/03/2018|30/03/2018|0|3|6|1256|t|66|1190|896
910|349|30/03/2018|30/03/2018|0|11|6|260.6|t|11.92|248.68|897
911|591|30/03/2018|30/03/2018|0|5|6|243.8|t|13.8|230|898
912|261|30/03/2018|30/03/2018|0|11|6|260.6|t|11.92|248.68|899
914|327|30/03/2018|30/03/2018|0|6|6|87.98|t|4.98|83|901
915|610|30/03/2018|30/03/2018|0|5|6|37.1|t|2.1|35|902
918|603|02/04/2018|02/04/2018|0|9|6|415|t|15|400|905
919|489|02/04/2018|02/04/2018|0|11|6|281.8|t|13.12|268.68|906
1086|309|13/04/2018|13/04/2018|0|11|6|710.7|t|35.7|675|1071
1088|361|13/04/2018|13/04/2018|0|2|6|890.4|t|50.4|840|1073
1091|290|16/04/2018|16/04/2018|0|11|6|39.3|t|2.22|37.08|1076
923|270|02/04/2018|02/04/2018|0|11|6|362.7|t|17.7|345|910
1094|644|16/04/2018|16/04/2018|0|9|6|250|t|11.32|238.68|1079
1096|539|16/04/2018|16/04/2018|0|9|6|446.8|t|16.8|430|1081
1098|12|16/04/2018|16/04/2018|0|4|6|127.2|t|7.2|120|1083
370|719|07/02/2018|07/02/2018|0|2|0|0|t|0|0|360
1099|339|16/04/2018|16/04/2018|0|11|6|710.7|t|35.7|675|1084
1101|95|16/04/2018|16/04/2018|0|2|6|890.4|t|50.4|840|1086
925|538|02/04/2018|02/04/2018|0|9|6|415|t|15|400|912
1103|606|16/04/2018|16/04/2018|0|2|6|890.4|t|50.4|840|1088
1105|606|16/04/2018|16/04/2018|0|6|6|72.08|t|4.08|68|1090
1107|24|16/04/2018|16/04/2018|0|4|6|200|t|11.32|188.68|1092
930|75|02/04/2018|02/04/2018|0|4|6|135|t|4.81|130.19|917
1109|406|17/04/2018|17/04/2018|0|7|6|100.7|t|5.7|95|1094
936|290|02/04/2018|02/04/2018|0|3|6|50|t|0|50|923
1111|130|17/04/2018|17/04/2018|0|8|6|169.6|t|9.6|160|1096
940|331|03/04/2018|03/04/2018|0|11|6|383.9|t|18.9|365|927
927|211|02/04/2018|02/04/2018|0|11|6|405.1|t|20.1|385|914
941|700|03/04/2018|03/04/2018|0|5|6|137.8|t|7.8|130|928
894|738|29/03/2018|29/03/2018|0|4|6|76.32|t|4.32|72|881
946|67|03/04/2018|03/04/2018|0|12|6|250|t|11.32|238.68|932
944|84|03/04/2018|03/04/2018|0|8|6|50|t|0|50|930
939|155|03/04/2018|03/04/2018|0|8|6|153.7|t|8.7|145|926
945|38|03/04/2018|03/04/2018|0|4|6|139.92|t|7.92|132|931
933|183|02/04/2018|02/04/2018|0|8|6|142.04|t|8.04|134|920
932|165|02/04/2018|02/04/2018|0|8|6|142.04|t|8.04|134|919
928|133|02/04/2018|02/04/2018|0|8|6|142.04|t|8.04|134|915
938|147|03/04/2018|03/04/2018|0|8|6|142.04|t|8.04|134|925
917|2|02/04/2018|02/04/2018|0|8|6|142.04|t|8.04|134|904
922|591|02/04/2018|02/04/2018|0|9|6|563.4|t|23.4|540|909
942|812|03/04/2018|03/04/2018|0|8|6|3000|t|110.38|2889.62|929
920|56|02/04/2018|02/04/2018|0|8|6|142.04|t|8.04|134|907
934|157|02/04/2018|02/04/2018|0|8|6|142.04|t|8.04|134|921
921|421|02/04/2018|02/04/2018|0|7|6|478.6|t|18.6|460|908
916|352|02/04/2018|02/04/2018|0|11|6|365.9|t|17.88|348.02|903
913|180|30/03/2018|30/03/2018|0|8|6|1100|t|56.6|1043.4|900
926|119|02/04/2018|02/04/2018|0|8|6|142.04|t|8.04|134|913
924|83|02/04/2018|02/04/2018|0|8|6|142.04|t|8.04|134|911
947|202|03/04/2018|03/04/2018|0|4|6|190.8|t|10.8|180|933
935|193|02/04/2018|02/04/2018|0|8|6|142.04|t|8.04|134|922
937|138|03/04/2018|03/04/2018|0|8|6|142.04|t|8.04|134|924
929|136|02/04/2018|02/04/2018|0|8|6|142.04|t|8.04|134|916
948|307|03/04/2018|03/04/2018|0|3|6|121.9|t|6.9|115|934
931|178|02/04/2018|02/04/2018|0|8|6|142.04|t|8.04|134|918
949|139|03/04/2018|03/04/2018|0|8|6|142.04|t|8.04|134|935
950|258|03/04/2018|03/04/2018|0|3|6|374.4|t|18.36|356.04|936
951|333|04/04/2018|04/04/2018|0|11|6|368|t|18|350|937
952|816|04/04/2018|04/04/2018|0|9|6|500|t|25.47|474.53|938
953|350|04/04/2018|04/04/2018|0|11|6|415|t|15|400|939
954|55|04/04/2018|04/04/2018|0|12|6|415|t|15|400|940
955|742|04/04/2018|04/04/2018|0|3|6|190.8|t|10.8|180|941
991|364|06/04/2018|06/04/2018|0|7|6|3|t|0|3|977
956|741|04/04/2018|04/04/2018|0|4|6|1200|t|62.26|1137.74|942
957|229|04/04/2018|04/04/2018|0|2|6|890.4|t|50.4|840|943
958|724|04/04/2018|04/04/2018|0|2|6|890.4|t|50.4|840|944
959|603|04/04/2018|04/04/2018|0|2|6|890.4|t|50.4|840|945
960|144|04/04/2018|04/04/2018|0|2|6|890.4|t|50.4|840|946
961|423|04/04/2018|04/04/2018|0|2|6|890.4|t|50.4|840|947
962|38|04/04/2018|04/04/2018|0|2|6|890.4|t|50.4|840|948
963|626|04/04/2018|04/04/2018|0|2|6|890.4|t|50.4|840|949
964|212|04/04/2018|04/04/2018|0|2|6|890.4|t|50.4|840|950
965|142|04/04/2018|04/04/2018|0|2|6|890.4|t|50.4|840|951
966|748|04/04/2018|04/04/2018|0|2|6|890.4|t|50.4|840|952
967|312|04/04/2018|04/04/2018|0|2|6|890.4|t|50.4|840|953
968|168|04/04/2018|04/04/2018|0|2|6|890.4|t|50.4|840|954
969|591|04/04/2018|04/04/2018|0|2|6|890.4|t|50.4|840|955
970|393|04/04/2018|04/04/2018|0|2|6|890.4|t|50.4|840|956
971|326|04/04/2018|04/04/2018|0|2|6|890.4|t|50.4|840|957
972|28|04/04/2018|04/04/2018|0|2|6|890.4|t|50.4|840|958
973|518|04/04/2018|04/04/2018|0|2|6|890.4|t|50.4|840|959
1006|41|06/04/2018|06/04/2018|0|8|6|2359.6|t|18.6|2341|991
1073|511|12/04/2018|12/04/2018|0|5|6|84.8|t|4.8|80|1058
1064|528|12/04/2018|12/04/2018|0|12|6|446.8|t|16.8|430|1049
996|518|06/04/2018|06/04/2018|0|9|6|446.8|t|16.8|430|981
1011|739|09/04/2018|09/04/2018|0|8|6|220|t|12.45|207.55|996
1001|163|06/04/2018|06/04/2018|0|8|6|146.28|t|8.28|138|986
974|816|04/04/2018|04/04/2018|0|9|6|2500|t|84.91|2415.09|960
975|126|04/04/2018|04/04/2018|0|4|6|84.8|t|4.8|80|961
976|788|04/04/2018|04/04/2018|0|4|6|84.8|t|4.8|80|962
977|809|04/04/2018|04/04/2018|0|4|6|15.9|t|0.9|15|963
978|147|05/04/2018|05/04/2018|0|12|6|436.2|t|16.2|420|964
1017|290|09/04/2018|09/04/2018|0|3|6|2196|t|124.3|2071.7|1002
980|126|05/04/2018|05/04/2018|0|4|6|318.32|t|16.32|302|966
981|171|05/04/2018|05/04/2018|0|4|6|318.32|t|16.32|302|967
1019|494|09/04/2018|09/04/2018|0|5|6|243.8|t|13.8|230|1004
986|818|05/04/2018|05/04/2018|0|4|6|500|t|25.47|474.53|972
987|818|05/04/2018|05/04/2018|0|4|6|2500|t|84.91|2415.09|973
989|647|05/04/2018|05/04/2018|0|12|6|34.98|t|1.98|33|975
1005|398|06/04/2018|06/04/2018|0|11|6|83.74|t|4.74|79|990
990|284|05/04/2018|05/04/2018|0|7|6|286.2|t|16.2|270|976
993|108|06/04/2018|06/04/2018|0|8|6|117.66|t|6.66|111|978
994|803|06/04/2018|06/04/2018|0|8|6|85.86|t|4.86|81|979
982|412|05/04/2018|05/04/2018|0|7|6|993|t|34.98|958.02|968
979|341|05/04/2018|05/04/2018|0|7|6|918|t|34.98|883.02|965
995|212|06/04/2018|06/04/2018|0|3|6|254.4|t|14.4|240|980
997|127|06/04/2018|06/04/2018|0|8|6|28.62|t|1.62|27|982
999|176|06/04/2018|06/04/2018|0|8|6|79.5|t|4.5|75|983
998|817|06/04/2018|06/04/2018|0|9|6|3000|t|110.38|2889.62|984
1000|124|06/04/2018|06/04/2018|0|4|6|96.88|t|5.48|91.4|985
1002|809|06/04/2018|06/04/2018|0|8|6|100.7|t|5.7|95|987
1003|702|06/04/2018|06/04/2018|0|5|6|137.8|t|7.8|130|988
1004|388|06/04/2018|06/04/2018|0|3|6|68.9|t|3.9|65|989
1007|819|06/04/2018|06/04/2018|0|3|6|3000|t|110.38|2889.62|992
1008|604|07/04/2018|07/04/2018|0|5|6|686.88|t|38.88|648|993
1009|656|07/04/2018|07/04/2018|0|5|6|137.8|t|7.8|130|994
1010|260|07/04/2018|07/04/2018|0|11|6|37.1|t|2.1|35|995
1012|788|09/04/2018|09/04/2018|0|4|6|84.8|t|4.8|80|997
1013|258|09/04/2018|09/04/2018|0|3|6|491.1|t|26.1|465|998
1014|586|09/04/2018|09/04/2018|0|5|6|84.8|t|4.8|80|999
1016|702|09/04/2018|09/04/2018|0|12|6|90.1|t|5.1|85|1001
1015|353|09/04/2018|09/04/2018|0|11|6|489.2|t|19.2|470|1000
1020|219|09/04/2018|09/04/2018|0|7|6|100.7|t|5.7|95|1005
1021|128|09/04/2018|09/04/2018|0|8|6|28.62|t|1.62|27|1006
1022|126|09/04/2018|09/04/2018|0|8|6|28.62|t|1.62|27|1007
1023|340|09/04/2018|09/04/2018|0|3|6|265|t|15|250|1008
1024|690|09/04/2018|09/04/2018|0|5|6|100.7|t|3|97.7|1009
1025|596|09/04/2018|09/04/2018|0|12|6|73.14|t|4.14|69|1010
1026|399|09/04/2018|09/04/2018|0|7|6|1029|t|55.98|973.02|1011
1027|483|09/04/2018|09/04/2018|0|11|6|47.7|t|2.7|45|1012
1028|159|09/04/2018|09/04/2018|0|4|6|100.7|t|5.7|95|1013
1029|595|09/04/2018|09/04/2018|0|12|6|83.74|t|4.74|79|1014
1030|272|09/04/2018|09/04/2018|0|2|6|890.4|t|50.4|840|1015
1031|353|09/04/2018|09/04/2018|0|2|6|890.4|t|50.4|840|1016
1032|593|09/04/2018|09/04/2018|0|2|6|890.4|t|50.4|840|1017
1033|139|09/04/2018|09/04/2018|0|2|6|890.4|t|50.4|840|1018
1034|251|09/04/2018|09/04/2018|0|2|6|890.4|t|50.4|840|1019
1035|336|09/04/2018|09/04/2018|0|3|6|386.2|t|16.2|370|1020
983|133|05/04/2018|05/04/2018|0|12|6|521|t|21|500|969
1065|272|12/04/2018|12/04/2018|0|11|6|710.7|t|35.7|675|1050
1138|50|13/03/2018|13/03/2018|0|3|6|200|t|11.32|188.68|668
1045|135|10/04/2018|10/04/2018|0|8|6|242.92|t|10.92|232|1030
1139|533|20/04/2018|20/04/2018|0|12|6|415|t|15|400|1123
988|398|05/04/2018|05/04/2018|0|11|6|83.74|t|4.74|79|974
1038|44|10/04/2018|10/04/2018|0|8|6|32.86|t|1.86|31|1023
1140|367|20/04/2018|20/04/2018|0|6|6|66.78|t|3.78|63|1124
1039|531|10/04/2018|10/04/2018|0|12|6|415|t|15|400|1024
1074|617|12/04/2018|12/04/2018|0|9|6|415|t|15|400|1059
1040|137|10/04/2018|10/04/2018|0|2|6|890.4|t|50.4|840|1025
1041|424|10/04/2018|10/04/2018|0|2|6|890.4|t|50.4|840|1026
1042|159|10/04/2018|10/04/2018|0|2|6|890.4|t|50.4|840|1027
1043|365|10/04/2018|10/04/2018|0|2|6|890.4|t|50.4|840|1028
1044|308|10/04/2018|10/04/2018|0|2|6|890.4|t|50.4|840|1029
1081|355|13/04/2018|13/04/2018|0|11|6|710.7|t|35.7|675|1066
1141|280|20/04/2018|20/04/2018|0|11|6|415|t|15|400|1125
1036|198|13/04/2018|13/04/2018|0|4|6|68.9|t|3.9|65|1021
1046|722|10/04/2018|10/04/2018|0|2|6|890.4|t|50.4|840|1031
1047|288|10/04/2018|10/04/2018|0|2|6|890.4|t|50.4|840|1032
1048|543|10/04/2018|10/04/2018|0|2|6|890.4|t|50.4|840|1033
1049|665|10/04/2018|10/04/2018|0|2|6|890.4|t|50.4|840|1034
1050|35|10/04/2018|10/04/2018|0|2|6|890.4|t|50.4|840|1035
1142|823|20/04/2018|20/04/2018|0|5|6|500|t|25.47|474.53|1126
1051|398|10/04/2018|10/04/2018|0|11|6|274.5|t|15.54|258.96|1036
1052|354|10/04/2018|10/04/2018|0|11|6|415|t|15|400|1037
1053|725|10/04/2018|10/04/2018|0|5|6|185.5|t|10.5|175|1038
1054|359|10/04/2018|10/04/2018|0|11|6|415|t|15|400|1039
65|163|10/04/2018|10/04/2018|0|4|6|160|t|7.36|152.64|64
1089|795|13/04/2018|13/04/2018|0|7|6|441|t|24.96|416.04|1074
1092|211|16/04/2018|16/04/2018|0|3|6|84.8|t|4.8|80|1077
1095|697|16/04/2018|16/04/2018|0|9|6|250|t|11.32|238.68|1080
1097|505|16/04/2018|16/04/2018|0|12|6|415|t|15|400|1082
1018|290|09/04/2018|09/04/2018|0|3|6|7420|t|31.7|7388.3|1003
1100|52|16/04/2018|16/04/2018|0|2|6|890.4|t|50.4|840|1085
1102|583|16/04/2018|16/04/2018|0|2|6|890.4|t|50.4|840|1087
585|40|05/03/2018|05/03/2018|0|8|6|101.76|t|5.76|96|573
1104|580|16/04/2018|16/04/2018|0|12|6|415|t|15|400|1089
1106|740|16/04/2018|16/04/2018|0|8|6|143.31|t|8.11|135.2|1091
1108|750|17/04/2018|17/04/2018|0|4|6|74.2|t|4.2|70|1093
1143|823|20/04/2018|20/04/2018|0|5|6|2500|t|84.91|2415.09|1127
1110|402|17/04/2018|17/04/2018|0|3|6|116.6|t|6.6|110|1095
1112|639|17/04/2018|17/04/2018|0|5|6|113.42|t|6.42|107|1097
1113|295|17/04/2018|17/04/2018|0|3|6|117.7|t|6.66|111.04|1098
1114|505|17/04/2018|17/04/2018|0|2|6|890.4|t|50.4|840|1099
1115|202|17/04/2018|17/04/2018|0|12|6|521|t|21|500|1100
1116|625|17/04/2018|17/04/2018|0|5|6|243.8|t|13.8|230|1101
1117|625|18/04/2018|18/04/2018|0|9|6|47.7|t|2.7|45|1102
1144|819|20/04/2018|20/04/2018|0|3|6|421.7|t|23.7|398|1128
1145|808|23/04/2018|23/04/2018|0|8|6|415|t|15|400|1129
1146|306|23/04/2018|23/04/2018|0|7|6|121.9|t|6.9|115|1130
1119|670|18/04/2018|18/04/2018|0|2|6|890.4|t|50.4|840|1104
1120|492|18/04/2018|18/04/2018|0|2|6|890.4|t|50.4|840|1105
1118|163|18/04/2018|18/04/2018|0|4|6|59.5|t|2.8|56.7|1103
1121|228|18/04/2018|18/04/2018|0|3|6|95.4|t|5.4|90|1106
1122|228|18/04/2018|18/04/2018|0|3|6|156|t|6|150|1107
1123|670|18/04/2018|18/04/2018|0|12|6|457.4|t|17.4|440|1108
1124|381|18/04/2018|18/04/2018|0|7|6|314.9|t|17.82|297.08|1109
1125|25|18/04/2018|18/04/2018|0|8|6|159|t|9|150|1110
1126|398|18/04/2018|18/04/2018|0|3|6|212|t|12|200|1111
1127|394|18/04/2018|18/04/2018|0|7|6|414.5|t|23.46|391.04|1112
1128|159|19/04/2018|19/04/2018|0|4|6|392.2|t|22.2|370|1113
1129|515|19/04/2018|19/04/2018|0|12|6|295.74|t|16.74|279|1114
1130|268|19/04/2018|19/04/2018|0|7|6|233.2|t|13.2|220|1115
1131|338|19/04/2018|19/04/2018|0|11|6|425.6|t|15.6|410|1116
1147|321|23/04/2018|23/04/2018|0|11|6|425.6|t|15.6|410|1131
1037|186|09/04/2018|09/04/2018|0|4|6|1012.3|t|57.3|955|1022
1133|202|19/04/2018|19/04/2018|0|2|6|890.4|t|50.4|840|1118
1134|390|19/04/2018|19/04/2018|0|11|6|415|t|15|400|1119
1135|506|19/04/2018|19/04/2018|0|9|6|190.8|t|10.8|180|1120
1136|625|19/04/2018|19/04/2018|0|9|6|190.8|t|10.8|180|1121
1137|559|19/04/2018|19/04/2018|0|9|6|116.6|t|6.6|110|1122
1158|73|24/04/2018|24/04/2018|0|4|6|1003.54|t|28.33|975.21|1142
1149|804|23/04/2018|23/04/2018|0|3|6|243.8|t|13.8|230|1133
1148|434|23/04/2018|23/04/2018|0|11|6|634.6|t|24.6|610|1132
1150|288|23/04/2018|23/04/2018|0|11|6|415|t|15|400|1134
1151|559|23/04/2018|23/04/2018|0|5|6|253.34|t|14.34|239|1135
1152|367|23/04/2018|23/04/2018|0|3|6|471.7|t|26.7|445|1136
1154|558|23/04/2018|23/04/2018|0|5|6|1200|t|60.46|1139.54|1138
1155|353|24/04/2018|24/04/2018|0|11|6|507|t|27|480|1139
1156|533|24/04/2018|24/04/2018|0|5|6|50|t|0|50|1140
1157|437|24/04/2018|24/04/2018|0|11|6|507|t|27|480|1141
1159|591|24/04/2018|24/04/2018|0|5|6|68.9|t|3.9|65|1143
1160|112|24/04/2018|24/04/2018|0|8|6|250|t|11.32|238.68|1144
1161|141|24/04/2018|24/04/2018|0|2|6|890.4|t|50.4|840|1145
1162|592|24/04/2018|24/04/2018|0|9|6|250|t|11.32|238.68|1146
1163|539|24/04/2018|24/04/2018|0|5|6|70|t|3.06|66.94|1147
1165|539|24/04/2018|24/04/2018|0|6|6|107.06|t|6.06|101|1149
1164|365|24/04/2018|24/04/2018|0|11|6|425.6|t|15.6|410|1148
1167|511|25/04/2018|25/04/2018|0|5|6|100|t|0|100|1151
1168|366|25/04/2018|25/04/2018|0|11|6|250|t|11.32|238.68|1152
1169|677|25/04/2018|25/04/2018|0|9|6|250|t|11.32|238.68|1153
1170|341|25/04/2018|25/04/2018|0|11|6|507|t|27|480|1154
1171|338|25/04/2018|25/04/2018|0|2|6|890.4|t|50.4|840|1155
1172|116|25/04/2018|25/04/2018|0|2|6|890.4|t|50.4|840|1156
1132|492|19/04/2018|19/04/2018|0|12|6|568|t|18|550|1117
1173|681|25/04/2018|25/04/2018|0|2|6|890.4|t|50.4|840|1157
1174|701|25/04/2018|25/04/2018|0|2|6|890.4|t|50.4|840|1158
1175|455|25/04/2018|25/04/2018|0|2|6|890.4|t|50.4|840|1159
1176|359|25/04/2018|25/04/2018|0|2|6|890.4|t|50.4|840|1160
1177|100|25/04/2018|25/04/2018|0|2|6|445.2|t|25.2|420|1161
1178|461|25/04/2018|25/04/2018|0|2|6|890.4|t|50.4|840|1162
1179|538|25/04/2018|25/04/2018|0|2|6|890.4|t|50.4|840|1163
1180|239|25/04/2018|25/04/2018|0|2|6|890.4|t|50.4|840|1164
1181|230|25/04/2018|25/04/2018|0|3|6|68.9|t|3.9|65|1165
1182|543|25/04/2018|25/04/2018|0|7|6|259.7|t|14.7|245|1166
1183|537|25/04/2018|25/04/2018|0|9|6|392.2|t|22.2|370|1167
1184|231|25/04/2018|25/04/2018|0|7|6|138.9|t|7.86|131.04|1168
1185|419|25/04/2018|25/04/2018|0|7|6|138.9|t|7.86|131.04|1169
1186|473|25/04/2018|25/04/2018|0|7|6|149.5|t|8.46|141.04|1170
1187|368|25/04/2018|25/04/2018|0|7|6|149.5|t|8.46|141.04|1171
1240|269|03/05/2018|03/05/2018|0|11|6|250|t|11.32|238.68|1224
1241|538|03/05/2018|03/05/2018|0|5|6|116.6|t|6.6|110|1225
1188|57|26/04/2018|26/04/2018|0|4|6|1000|t|56.6|943.4|1172
1189|57|26/04/2018|26/04/2018|0|4|6|1000|t|33.96|966.04|1173
1190|824|26/04/2018|26/04/2018|0|3|6|500|t|25.47|474.53|1174
1191|36|26/04/2018|26/04/2018|0|4|6|63.6|t|3.6|60|1175
1192|541|26/04/2018|26/04/2018|0|6|6|76.32|t|4.32|72|1176
1193|825|26/04/2018|26/04/2018|0|7|6|500|t|25.47|474.53|1177
1194|174|26/04/2018|26/04/2018|0|4|6|30|t|0|30|1178
1195|825|26/04/2018|26/04/2018|0|7|6|2550|t|84.91|2465.09|1179
1196|626|27/04/2018|27/04/2018|0|5|6|190.8|t|10.8|180|1180
1197|380|27/04/2018|27/04/2018|0|3|6|1035.1|t|50.1|985|1181
1198|747|27/04/2018|27/04/2018|0|8|6|1267.76|t|71.76|1196|1182
1199|804|27/04/2018|27/04/2018|0|3|6|51.8|t|2.93|48.87|1183
1153|310|23/04/2018|23/04/2018|0|3|6|639.05|t|0|639.05|1137
1200|827|27/04/2018|27/04/2018|0|2|6|15.9|t|0.9|15|1184
1201|807|27/04/2018|27/04/2018|0|5|6|117.66|t|6.66|111|1185
1202|515|27/04/2018|27/04/2018|0|5|6|84.8|t|4.8|80|1186
1203|413|30/04/2018|30/04/2018|0|11|6|507|t|27|480|1187
1204|25|30/04/2018|30/04/2018|0|4|6|20.14|t|1.14|19|1188
1205|231|30/04/2018|30/04/2018|0|11|6|507|t|27|480|1189
1206|230|30/04/2018|30/04/2018|0|11|6|507|t|27|480|1190
1080|186|27/04/2018|27/04/2018|0|2|6|197|t|10.58|186.42|1065
1207|368|30/04/2018|30/04/2018|0|11|6|507|t|27|480|1191
1208|306|30/04/2018|30/04/2018|0|7|6|521|t|21|500|1192
1209|828|30/04/2018|30/04/2018|0|5|6|3000|t|110.38|2889.62|1193
1210|390|30/04/2018|30/04/2018|0|2|6|890.4|t|50.4|840|1194
1211|491|30/04/2018|30/04/2018|0|11|6|155.3|t|8.79|146.51|1195
1212|55|30/04/2018|30/04/2018|0|2|6|890.4|t|50.4|840|1196
1213|812|30/04/2018|30/04/2018|0|4|6|483|t|27|456|1197
1214|804|02/05/2018|02/05/2018|0|7|6|243.8|t|13.8|230|1198
1215|693|02/05/2018|02/05/2018|0|12|6|250|t|11.32|238.68|1199
1216|824|02/05/2018|02/05/2018|0|3|6|2500|t|84.91|2415.09|1200
1217|290|02/05/2018|02/05/2018|0|3|6|16963.2|t|28.48|16934.72|1201
1219|515|02/05/2018|02/05/2018|0|5|6|84.8|t|4.8|80|1203
1220|548|02/05/2018|02/05/2018|0|2|6|890.4|t|50.4|840|1204
1221|118|02/05/2018|02/05/2018|0|2|6|890.4|t|50.4|840|1205
1222|321|02/05/2018|02/05/2018|0|2|6|890.4|t|50.4|840|1206
1223|440|02/05/2018|02/05/2018|0|2|6|890.4|t|50.4|840|1207
1224|396|02/05/2018|02/05/2018|0|2|6|890.4|t|50.4|840|1208
1225|426|02/05/2018|02/05/2018|0|2|6|890.4|t|50.4|840|1209
1226|528|02/05/2018|02/05/2018|0|2|6|890.4|t|50.4|840|1210
1227|613|02/05/2018|02/05/2018|0|2|6|890.4|t|50.4|840|1211
1228|718|02/05/2018|02/05/2018|0|7|6|15297.1|t|32.1|15265|1212
1229|830|02/05/2018|02/05/2018|0|3|6|68.9|t|3.9|65|1213
1230|153|02/05/2018|02/05/2018|0|8|6|43.46|t|2.46|41|1214
1231|12|02/05/2018|02/05/2018|0|4|6|122.96|t|6.96|116|1215
1218|787|02/05/2018|02/05/2018|0|4|6|68.9|t|3.9|65|1202
1233|55|02/05/2018|02/05/2018|0|8|6|250|t|11.32|238.68|1217
1234|184|03/05/2018|03/05/2018|0|4|6|848|t|48|800|1218
1235|596|03/05/2018|03/05/2018|0|9|6|415|t|15|400|1219
1236|197|03/05/2018|03/05/2018|0|4|6|84.8|t|4.8|80|1220
1237|293|03/05/2018|03/05/2018|0|11|6|250|t|11.32|238.68|1221
1238|515|03/05/2018|03/05/2018|0|5|6|137.8|t|7.8|130|1222
1239|595|03/05/2018|03/05/2018|0|9|6|415|t|15|400|1223
1243|558|03/05/2018|03/05/2018|0|9|6|415|t|15|400|1227
1244|268|03/05/2018|03/05/2018|0|7|6|275.6|t|15.6|260|1228
1245|804|03/05/2018|03/05/2018|0|3|6|500|t|0|500|1229
1246|412|03/05/2018|03/05/2018|0|11|6|884.9|t|39.9|845|1230
1247|626|03/05/2018|03/05/2018|0|9|6|415|t|15|400|1231
1248|538|03/05/2018|03/05/2018|0|6|6|93.28|t|5.28|88|1232
1249|168|03/05/2018|03/05/2018|0|4|6|36.04|t|2.04|34|1233
1242|268|03/05/2018|03/05/2018|0|7|6|766.7|t|41.7|725|1226
1250|807|03/05/2018|03/05/2018|0|5|6|70|t|3.96|66.04|1234
1251|596|03/05/2018|03/05/2018|0|5|6|379.8|t|19.8|360|1235
1252|188|03/05/2018|03/05/2018|0|4|6|449.44|t|25.44|424|1236
1253|700|03/05/2018|03/05/2018|0|9|6|415|t|15|400|1237
1255|595|03/05/2018|03/05/2018|0|5|6|379.8|t|19.8|360|1239
1256|703|03/05/2018|03/05/2018|0|12|6|30.74|t|1.74|29|1240
1254|172|03/05/2018|03/05/2018|0|4|6|148.4|t|8.4|140|1238
1257|748|03/05/2018|03/05/2018|0|7|6|170.7|t|9.66|161.04|1241
1258|810|03/05/2018|03/05/2018|0|8|6|352.45|t|19.95|332.5|1242
1259|591|04/05/2018|04/05/2018|0|12|6|51.94|t|2.94|49|1243
1260|398|04/05/2018|04/05/2018|0|7|6|116.6|t|6.6|110|1244
1261|810|04/05/2018|04/05/2018|0|12|6|415|t|15|400|1245
1262|815|04/05/2018|04/05/2018|0|7|6|90.1|t|5.1|85|1246
1263|154|04/05/2018|04/05/2018|0|12|6|415|t|15|400|1247
1310|588|08/05/2018|08/05/2018|0|9|6|415|t|15|400|1294
1264|548|04/05/2018|04/05/2018|0|5|6|1200|t|62.27|1137.73|1248
1265|211|04/05/2018|04/05/2018|0|11|6|507|t|27|480|1249
1266|808|04/05/2018|04/05/2018|0|8|6|103.88|t|5.88|98|1250
1267|346|04/05/2018|04/05/2018|0|11|6|560|t|30|530|1251
1268|462|04/05/2018|04/05/2018|0|3|6|424|t|24|400|1252
1269|344|04/05/2018|04/05/2018|0|7|6|50|t|0|50|1253
1270|419|04/05/2018|04/05/2018|0|11|6|507|t|27|480|1254
1232|197|02/05/2018|02/05/2018|0|4|6|808.78|t|45.78|763|1216
1271|625|05/05/2018|05/05/2018|0|12|6|92.22|t|5.22|87|1255
1272|58|05/05/2018|05/05/2018|0|12|6|415|t|15|400|1256
1273|138|05/05/2018|05/05/2018|0|8|6|142.04|t|8.04|134|1257
1274|831|05/05/2018|05/05/2018|0|5|6|1396.02|t|79.02|1317|1258
1275|215|07/05/2018|07/05/2018|0|3|6|100|t|0|100|1259
1276|294|07/05/2018|07/05/2018|0|11|6|507|t|27|480|1260
1277|832|07/05/2018|07/05/2018|0|8|6|196.1|t|11.1|185|1261
1278|56|07/05/2018|07/05/2018|0|12|6|142.04|t|8.04|134|1262
1279|136|07/05/2018|07/05/2018|0|12|6|142.04|t|8.04|134|1263
1280|456|07/05/2018|07/05/2018|0|3|6|50|t|0|50|1264
1281|448|07/05/2018|07/05/2018|0|3|6|50|t|0|50|1265
1282|2|07/05/2018|07/05/2018|0|12|6|142.04|t|8.04|134|1266
1283|251|07/05/2018|07/05/2018|0|3|6|50|t|0|50|1267
1284|295|07/05/2018|07/05/2018|0|11|6|507|t|27|480|1268
1285|401|07/05/2018|07/05/2018|0|11|6|507|t|27|480|1269
1286|55|07/05/2018|07/05/2018|0|12|6|142.04|t|8.04|134|1270
1287|126|07/05/2018|07/05/2018|0|4|6|68.9|t|3.9|65|1271
1288|321|07/05/2018|07/05/2018|0|11|6|100|t|5.66|94.34|1272
1289|193|07/05/2018|07/05/2018|0|12|6|142.04|t|8.04|134|1273
1291|133|07/05/2018|07/05/2018|0|12|6|142.04|t|8.04|134|1275
1292|108|07/05/2018|07/05/2018|0|4|6|235.32|t|13.32|222|1276
1293|178|08/05/2018|08/05/2018|0|12|6|142.04|t|8.04|134|1277
1311|655|08/05/2018|08/05/2018|0|2|6|890.4|t|50.4|840|1295
1295|183|08/05/2018|08/05/2018|0|12|6|142.04|t|8.04|134|1279
1294|285|08/05/2018|08/05/2018|0|11|6|52|t|2.94|49.06|1278
1296|782|08/05/2018|08/05/2018|0|12|6|142.04|t|8.04|134|1280
1297|693|08/05/2018|08/05/2018|0|5|6|2000|t|87.74|1912.26|1281
1298|753|08/05/2018|08/05/2018|0|12|6|142.04|t|8.04|134|1282
1299|812|08/05/2018|08/05/2018|0|12|6|142.04|t|8.04|134|1283
1301|139|08/05/2018|08/05/2018|0|12|6|142.04|t|8.04|134|1285
1300|406|08/05/2018|08/05/2018|0|11|6|824.3|t|42.13|782.17|1284
1302|268|08/05/2018|08/05/2018|0|7|6|88|t|4.98|83.02|1286
1303|157|08/05/2018|08/05/2018|0|12|6|142.04|t|8.04|134|1287
1304|165|08/05/2018|08/05/2018|0|12|6|142.04|t|8.04|134|1288
1305|83|08/05/2018|08/05/2018|0|12|6|142.04|t|8.04|134|1289
1306|119|08/05/2018|08/05/2018|0|12|6|142.04|t|8.04|134|1290
1307|377|08/05/2018|08/05/2018|0|11|6|373.3|t|18.3|355|1291
1308|284|08/05/2018|08/05/2018|0|11|6|38.2|t|2.16|36.04|1292
1309|290|08/05/2018|08/05/2018|0|3|6|1047.65|t|59.3|988.35|1293
1313|596|08/05/2018|08/05/2018|0|2|6|890.4|t|50.4|840|1297
1314|714|08/05/2018|08/05/2018|0|2|6|890.4|t|50.4|840|1298
1316|506|08/05/2018|08/05/2018|0|5|6|116.6|t|6.6|110|1300
1317|473|08/05/2018|08/05/2018|0|11|6|507|t|27|480|1301
1318|625|08/05/2018|08/05/2018|0|5|6|116.6|t|6.6|110|1302
1315|620|08/05/2018|08/05/2018|0|2|6|890.4|t|50.4|840|1303
1319|342|08/05/2018|08/05/2018|0|2|6|890.4|t|50.4|840|1304
1321|58|08/05/2018|08/05/2018|0|2|6|890.4|t|50.4|840|1306
1322|386|08/05/2018|08/05/2018|0|2|6|890.4|t|50.4|840|1307
1320|596|08/05/2018|08/05/2018|0|5|6|222.6|t|12.6|210|1305
1323|314|08/05/2018|08/05/2018|0|2|6|1272|t|72|1200|1308
1324|595|08/05/2018|08/05/2018|0|5|6|222.6|t|12.6|210|1309
1326|810|08/05/2018|08/05/2018|0|2|6|890.4|t|50.4|840|1311
1327|71|08/05/2018|08/05/2018|0|2|6|890.4|t|50.4|840|1312
1328|455|10/05/2018|10/05/2018|0|11|6|507|t|27|480|1313
1332|308|10/05/2018|10/05/2018|0|11|6|507|t|27|480|1317
1333|833|10/05/2018|10/05/2018|0|3|6|1160.7|t|65.7|1095|1318
1335|595|10/05/2018|10/05/2018|0|12|6|47.7|t|2.7|45|1320
1336|596|10/05/2018|10/05/2018|0|12|6|45.58|t|2.58|43|1321
1337|354|10/05/2018|10/05/2018|0|11|6|507|t|27|480|1322
1338|102|10/05/2018|10/05/2018|0|4|6|250|t|11.32|238.68|1323
1339|457|10/05/2018|10/05/2018|0|11|6|507|t|27|480|1324
1340|126|10/05/2018|10/05/2018|0|4|6|318|t|18|300|1325
1341|784|10/05/2018|10/05/2018|0|7|6|710.7|t|35.7|675|1326
1342|248|10/05/2018|10/05/2018|0|11|6|507|t|27|480|1327
1343|605|11/05/2018|11/05/2018|0|9|6|324.2|t|15.52|308.68|1328
1344|170|11/05/2018|11/05/2018|0|8|6|415|t|15|400|1329
1345|565|11/05/2018|11/05/2018|0|5|6|643.42|t|36.42|607|1330
1346|198|11/05/2018|11/05/2018|0|8|6|415|t|15|400|1331
1347|815|11/05/2018|11/05/2018|0|7|6|810|t|34.53|775.47|1332
1348|815|11/05/2018|11/05/2018|0|7|6|710.7|t|35.7|675|1333
1349|193|11/05/2018|11/05/2018|0|8|6|250|t|11.32|238.68|1334
1329|675|10/05/2018|10/05/2018|0|9|6|665|t|26.32|638.68|1314
1330|631|10/05/2018|10/05/2018|0|9|6|665|t|26.32|638.68|1315
1351|681|11/05/2018|11/05/2018|0|9|6|521|t|21|500|1335
1352|605|11/05/2018|11/05/2018|0|9|6|478.6|t|18.6|460|1336
1353|521|11/05/2018|11/05/2018|0|9|6|415|t|15|400|1337
1354|542|11/05/2018|11/05/2018|0|9|6|415|t|15|400|1338
1355|517|11/05/2018|11/05/2018|0|9|6|415|t|15|400|1339
1325|680|08/05/2018|08/05/2018|0|9|6|763.4|t|23.4|740|1310
1356|17|11/05/2018|11/05/2018|0|12|6|415|t|15|400|1340
1334|781|10/05/2018|10/05/2018|0|7|6|1120.4|t|50.4|1070|1319
1358|285|14/05/2018|14/05/2018|0|3|6|95.4|t|5.4|90|1342
1360|462|14/05/2018|14/05/2018|0|3|6|900|t|50.94|849.06|1344
1361|263|14/05/2018|14/05/2018|0|7|6|90.1|t|5.1|85|1345
1362|520|14/05/2018|14/05/2018|0|9|6|415|t|15|400|1346
1290|162|07/05/2018|07/05/2018|0|12|6|1200|t|62.26|1137.74|1274
1367|595|14/05/2018|14/05/2018|0|2|6|890.4|t|50.4|840|1351
1368|154|14/05/2018|14/05/2018|0|2|6|890.4|t|50.4|840|1352
1369|487|14/05/2018|14/05/2018|0|2|6|890.4|t|50.4|840|1353
1370|454|14/05/2018|14/05/2018|0|2|6|890.4|t|50.4|840|1354
1371|150|14/05/2018|14/05/2018|0|2|6|890.4|t|50.4|840|1355
1372|521|14/05/2018|14/05/2018|0|2|6|890.4|t|50.4|840|1356
1373|542|14/05/2018|14/05/2018|0|2|6|890.4|t|50.4|840|1357
1374|717|14/05/2018|14/05/2018|0|2|6|890.4|t|50.4|840|1358
1375|208|14/05/2018|14/05/2018|0|2|6|890.4|t|50.4|840|1359
1376|550|14/05/2018|14/05/2018|0|9|6|250|t|11.32|238.68|1360
1378|39|14/05/2018|14/05/2018|0|4|6|415|t|15|400|1362
1379|559|15/05/2018|15/05/2018|0|9|6|70|t|3.96|66.04|1363
1380|834|15/05/2018|15/05/2018|0|2|6|61.5|t|3.48|58.02|1364
1366|136|14/05/2018|14/05/2018|0|8|0|0|t|0|0|1350
1381|136|15/05/2018|15/05/2018|0|8|6|665|t|26.32|638.68|1365
1382|611|15/05/2018|15/05/2018|0|5|6|474.88|t|26.88|448|1366
1359|635|14/05/2018|14/05/2018|0|9|6|436.2|t|16.2|420|1343
1383|742|15/05/2018|15/05/2018|0|7|6|710.7|t|35.7|675|1367
1357|380|15/05/2018|15/05/2018|0|3|6|84|t|0|84|1341
1385|56|15/05/2018|15/05/2018|0|8|6|665|t|26.32|638.68|1369
1384|748|15/05/2018|15/05/2018|0|6|6|349.8|t|19.8|330|1368
1386|343|15/05/2018|15/05/2018|0|2|6|890.4|t|50.4|840|1370
1387|588|15/05/2018|15/05/2018|0|2|6|890.4|t|50.4|840|1371
1388|172|15/05/2018|15/05/2018|0|8|6|665|t|26.32|638.68|1372
1389|588|15/05/2018|15/05/2018|0|5|6|690.78|t|27.78|663|1373
1390|182|15/05/2018|15/05/2018|0|8|6|250|t|11.32|238.68|1374
1391|172|15/05/2018|15/05/2018|0|2|6|890.4|t|50.4|840|1375
1392|543|15/05/2018|15/05/2018|0|3|6|670.6|t|30.6|640|1376
1393|438|15/05/2018|15/05/2018|0|3|6|1439|t|1.13|1437.87|1377
1365|38|14/05/2018|14/05/2018|0|8|6|415|t|15|400|1349
1396|835|16/05/2018|16/05/2018|0|4|6|3000|t|110.38|2889.62|1380
1397|130|16/05/2018|16/05/2018|0|8|6|250|t|11.32|238.68|1381
1395|68|16/05/2018|16/05/2018|0|12|6|468|t|18|450|1379
1398|572|16/05/2018|16/05/2018|0|5|6|250|t|11.32|238.68|1382
1399|120|16/05/2018|16/05/2018|0|8|6|250|t|11.32|238.68|1383
1400|394|16/05/2018|16/05/2018|0|7|6|66.8|t|3.78|63.02|1384
1401|674|16/05/2018|16/05/2018|0|9|6|250|t|11.32|238.68|1385
1402|817|16/05/2018|16/05/2018|0|9|6|530|t|30|500|1386
1403|674|16/05/2018|16/05/2018|0|9|6|372.06|t|21.06|351|1387
1394|607|16/05/2018|16/05/2018|0|12|6|686.2|t|27.52|658.68|1378
1404|524|17/05/2018|17/05/2018|0|9|6|50|t|0|50|1388
1405|679|17/05/2018|17/05/2018|0|9|6|50|t|0|50|1389
1406|516|17/05/2018|17/05/2018|0|9|6|50|t|0|50|1390
1407|519|17/05/2018|17/05/2018|0|9|6|50|t|0|50|1391
1364|162|14/05/2018|14/05/2018|0|4|6|250|t|11.32|238.68|1348
1408|307|17/05/2018|17/05/2018|0|3|6|482.3|t|27.3|455|1392
1409|462|17/05/2018|17/05/2018|0|3|6|529|t|29.94|499.06|1393
1410|43|17/05/2018|17/05/2018|0|12|6|250|t|11.32|238.68|1394
1411|23|17/05/2018|17/05/2018|0|12|6|250|t|11.32|238.68|1395
1412|262|18/05/2018|18/05/2018|0|7|6|90.1|t|5.1|85|1396
1413|824|18/05/2018|18/05/2018|0|3|6|84.8|t|4.8|80|1397
1414|148|18/05/2018|18/05/2018|0|12|6|250|t|11.32|238.68|1398
1415|130|18/05/2018|18/05/2018|0|6|6|173.84|t|9.84|164|1399
1416|386|18/05/2018|18/05/2018|0|7|6|613.4|t|23.4|590|1400
1417|253|18/05/2018|18/05/2018|0|7|6|415|t|15|400|1401
1418|101|18/05/2018|18/05/2018|0|4|6|101.76|t|5.76|96|1402
1419|38|18/05/2018|18/05/2018|0|4|6|130|t|7.36|122.64|1403
1420|462|18/05/2018|18/05/2018|0|3|6|580|t|15.85|564.15|1404
1421|284|18/05/2018|18/05/2018|0|3|6|291.5|t|16.5|275|1405
