paymentitem_id|payment_id|billingitem_id|payment_amount|payment_tax|payment_total|payment_taxrate|payment_balance
1|2|140|26.5|0|26.5|6|26.5
2|2|136|350|21|371|6|371
3|2|137|840|50.4|890.4|6|890.4
4|2|138|27|1.62|28.62|6|28.62
5|2|139|75|4.5|79.5|6|79.5
6|3|26|140|8.4|148.4|6|148.4
7|3|27|27|1.62|28.62|6|28.62
8|3|28|21.68|1.3|22.98|6|22.98
9|3|29|50|0|50|6|50
10|3|30|50|0|50|6|50
11|3|42|18|0|18|6|18
12|3|-2|2|0|2|0|0
13|4|50|1000|0|1000|6|1000
14|4|60|15.9|0|15.9|6|15.9
15|4|46|160|9.6|169.6|6|169.6
16|4|48|150|9|159|6|159
17|4|51|10.6|0|10.6|6|10.6
18|4|61|50|0|50|6|50
19|4|44|1390|83.4|1473.4|6|1473.4
20|4|58|89.62|5.38|95|6|95
21|4|59|26.5|0|26.5|6|26.5
22|5|74|70|4.2|74.2|6|74.2
23|5|78|45|2.7|47.7|6|47.7
24|5|77|15|0.9|15.9|6|15.9
25|5|75|80|4.8|84.8|6|84.8
26|5|79|29.77|1.79|31.56|6|31.56
27|5|76|44|2.64|46.64|6|46.64
28|6|121|200|12|212|6|212
29|6|124|150|0|150|6|150
30|6|122|27|1.62|28.62|6|28.62
31|6|123|23|1.38|24.38|6|24.38
32|7|130|30|1.8|31.8|6|31.8
33|7|131|15|0.9|15.9|6|15.9
34|8|68|25|1.5|26.5|6|26.5
35|8|69|20|1.2|21.2|6|21.2
36|8|67|50|3|53|6|53
37|9|229|840|50.4|890.4|6|890.4
38|10|212|50|3|53|6|53
39|10|213|15|0.9|15.9|6|15.9
40|10|215|15|0.9|15.9|6|15.9
41|11|216|50|3|53|6|53
42|11|217|15|0.9|15.9|6|15.9
43|11|218|15|0.9|15.9|6|15.9
44|12|227|21.68|1.3|22.98|6|22.98
45|12|228|50|0|50|6|50
46|12|224|140|8.4|148.4|6|148.4
47|12|226|27|1.62|28.62|6|28.62
48|13|283|80|4.8|84.8|6|84.8
49|13|284|15|0.9|15.9|6|15.9
50|13|286|15|0.9|15.9|6|15.9
51|14|418|50|3|53|6|53
52|14|419|15|0.9|15.9|6|15.9
53|14|420|15|0.9|15.9|6|15.9
54|14|421|200|0|200|6|200
55|15|15|2000|120|2120|6|2120
56|15|17|33|1.98|34.98|6|34.98
57|15|18|33|1.98|34.98|6|34.98
58|15|19|200|0|200|6|200
59|15|20|106|0|106|6|106
60|15|21|30|0|30|6|30
61|15|22|15.9|0|15.9|6|15.9
62|15|16|432.21|25.93|458.14|6|458.14
63|16|441|100|6|106|6|106
64|17|233|840|50.4|890.4|6|890.4
65|18|87|140|8.4|148.4|6|148.4
66|18|89|21.68|1.3|22.98|6|22.98
67|18|88|27|1.62|28.62|6|28.62
68|18|90|50|0|50|6|50
69|19|428|330|19.8|349.8|6|349.8
70|19|429|35|2.1|37.1|6|37.1
71|19|430|59.53|3.57|63.1|6|63.1
72|19|431|50|0|50|6|50
73|20|328|24|1.44|25.44|6|25.44
74|20|329|15|0.9|15.9|6|15.9
75|20|330|30|0|30|6|30
76|20|326|200|12|212|6|212
77|20|327|300|18|318|6|318
78|21|47|18.21|1.09|19.3|6|19.3
79|21|45|50|3|53|6|53
80|21|49|25|1.5|26.5|6|26.5
81|22|184|840|50.4|890.4|6|890.4
82|23|262|142|8.52|150.52|6|150.52
83|23|263|66|3.96|69.96|6|69.96
84|23|264|15|0.9|15.9|6|15.9
85|24|331|840|50.4|890.4|6|890.4
86|24|332|840|50.4|890.4|6|890.4
87|24|333|397.55|23.85|421.4|6|890.4
88|25|357|840|50.4|890.4|6|890.4
89|26|60|15|0.9|15.9|6|15.9
90|26|50|1000|0|1000|6|1000
91|26|48|150|9|159|6|159
92|26|58|89.62|5.38|95|6|95
93|26|61|50|0|50|6|50
94|26|44|1390|83.4|1473.4|6|1473.4
95|26|59|25|1.5|26.5|6|26.5
96|26|51|10|0.6|10.6|6|10.6
97|26|46|160|9.6|169.6|6|169.6
98|27|202|110|6.6|116.6|6|116.6
99|27|203|840|50.4|890.4|6|890.4
100|27|204|35|2.1|37.1|6|37.1
101|28|204|35|2.1|37.1|6|37.1
102|28|205|19.72|1.18|20.9|6|20.9
103|28|202|110|6.6|116.6|6|116.6
104|28|203|840|50.4|890.4|6|890.4
105|29|475|400|24|424|6|424
106|29|477|21.7|1.3|23|6|23
107|29|476|50|3|53|6|53
108|30|15|2000|120|2120|6|2120
109|30|17|33|1.98|34.98|6|34.98
110|30|18|33|1.98|34.98|6|34.98
111|30|19|200|0|200|6|200
112|30|21|30|0|30|6|30
113|30|20|100|6|106|6|106
114|30|22|15|0.9|15.9|6|15.9
115|30|16|432.21|25.93|458.14|6|458.14
116|31|440|160|9.6|169.6|6|169.6
117|31|435|840|50.4|890.4|6|890.4
118|31|433|80|4.8|84.8|6|84.8
119|31|436|1000|0|1000|6|1000
120|31|434|94.25|5.66|99.91|6|99.91
121|31|432|190.84|11.45|202.29|6|202.29
122|31|437|10|0.6|10.6|6|10.6
123|31|438|25|1.5|26.5|6|26.5
124|31|439|15|0.9|15.9|6|15.9
125|32|240|15|0.9|15.9|6|15.9
126|32|238|600|36|636|6|636
127|32|239|15|0.9|15.9|6|15.9
128|33|537|140|8.4|148.4|6|148.4
129|33|538|27|1.62|28.62|6|28.62
130|33|539|21.68|1.3|22.98|6|22.98
131|33|540|50|0|50|6|50
132|34|128|20|1.2|21.2|6|21.2
133|34|129|200|0|200|6|200
134|34|126|50|3|53|6|53
135|34|127|25|1.5|26.5|6|26.5
136|35|305|50|3|53|6|53
137|35|306|15|0.9|15.9|6|15.9
138|35|307|15|0.9|15.9|6|15.9
139|35|308|100|0|100|6|100
140|36|451|50|3|53|6|53
141|36|452|25|1.5|26.5|6|26.5
142|36|453|15|0.9|15.9|6|15.9
143|37|579|15|0.9|15.9|6|15.9
144|37|580|200|0|200|6|200
145|37|577|50|3|53|6|53
146|37|578|15|0.9|15.9|6|15.9
147|38|394|200|12|212|6|212
148|38|395|25|1.5|26.5|6|26.5
149|38|400|20|1.2|21.2|6|21.2
150|39|557|90|5.4|95.4|6|95.4
151|39|560|15|0.9|15.9|6|15.9
152|39|559|15|0.9|15.9|6|15.9
153|40|152|140|8.4|148.4|6|148.4
154|40|153|27|1.62|28.62|6|28.62
155|40|154|21.68|1.3|22.98|6|22.98
156|40|155|50|0|50|6|50
157|41|610|59.53|3.57|63.1|6|63.1
158|41|608|330|19.8|349.8|6|349.8
159|41|609|35|2.1|37.1|6|37.1
160|41|611|50|0|50|6|50
161|42|191|840|50.4|890.4|6|890.4
162|43|594|50|3|53|6|53
163|43|595|35|2.1|37.1|6|37.1
164|43|596|15|0.9|15.9|6|15.9
165|44|641|27|1.62|28.62|6|28.62
166|44|640|200|12|212|6|212
167|44|642|23|1.38|24.38|6|24.38
168|44|644|50|0|50|6|50
169|44|643|150|0|150|6|150
170|44|645|200|0|200|6|200
171|45|278|27|1.62|28.62|6|28.62
172|45|277|200|12|212|6|212
173|45|279|23|1.38|24.38|6|24.38
174|45|280|150|0|150|6|150
175|46|316|140|8.4|148.4|6|148.4
176|46|317|27|1.62|28.62|6|28.62
177|46|320|50|0|50|6|50
178|46|319|33|1.98|34.98|6|34.98
179|46|522|36|2.16|38.16|6|38.16
180|46|523|50|3|53|6|53
181|46|524|15|0.9|15.9|6|15.9
182|46|525|15.04|0.9|15.94|6|15.94
183|46|513|200|12|212|6|212
184|46|514|150|0|150|6|150
185|47|661|50|3|53|6|53
186|48|344|20|1.2|21.2|6|21.2
187|48|340|300|18|318|6|318
188|48|341|70|4.2|74.2|6|74.2
189|48|342|35|2.1|37.1|6|37.1
190|48|359|30|0|30|6|30
191|49|353|300|18|318|6|318
192|49|354|70|4.2|74.2|6|74.2
193|49|355|35|2.1|37.1|6|37.1
194|49|356|20|1.2|21.2|6|21.2
195|49|360|30|0|30|6|30
196|50|679|260|15.6|275.6|6|275.6
197|50|684|100|6|106|6|106
198|50|680|27|1.62|28.62|6|28.62
199|50|681|23|1.38|24.38|6|24.38
200|50|682|500|0|500|6|500
201|50|685|200|0|200|6|200
202|51|424|200|12|212|6|212
203|51|425|27|1.62|28.62|6|28.62
204|51|427|150|0|150|6|150
205|51|426|23|1.38|24.38|6|24.38
206|52|586|200|12|212|6|212
207|52|587|23|1.38|24.38|6|24.38
208|52|588|27|1.62|28.62|6|28.62
209|52|589|150|0|150|6|150
210|53|242|27|1.62|28.62|6|28.62
211|53|243|21.68|1.3|22.98|6|22.98
212|53|244|50|0|50|6|50
213|53|241|140|8.4|148.4|6|148.4
214|54|600|840|50.4|890.4|6|890.4
215|55|259|23|1.38|24.38|6|24.38
216|55|260|150|0|150|6|150
217|55|261|50|0|50|6|50
218|55|257|140|8.4|148.4|6|148.4
219|55|258|27|1.62|28.62|6|28.62
220|55|256|200|12|212|6|212
221|56|530|150|9|159|6|159
222|56|531|15|0.9|15.9|6|15.9
223|56|532|15|0.9|15.9|6|15.9
224|57|246|27|1.62|28.62|6|28.62
225|57|245|140|8.4|148.4|6|148.4
226|57|247|21.68|1.3|22.98|6|22.98
227|57|248|50|0|50|6|50
228|58|134|25|1.5|26.5|6|26.5
229|58|132|250|15|265|6|265
230|58|133|45|2.7|47.7|6|47.7
231|58|413|100|6|106|6|106
232|58|414|35|2.1|37.1|6|37.1
233|59|561|23|1.38|24.38|6|24.38
234|59|556|200|12|212|6|212
235|59|558|27|1.62|28.62|6|28.62
236|59|562|150|0|150|6|150
237|59|632|18.02|1.08|19.1|6|19.1
238|60|114|200|12|212|6|212
239|60|116|23|1.38|24.38|6|24.38
240|60|117|150|0|150|6|150
241|60|115|27|1.62|28.62|6|28.62
242|60|174|18.02|1.08|19.1|6|19.1
243|60|189|350|21|371|6|371
244|60|190|90|5.4|95.4|6|95.4
245|60|198|50|3|53|6|53
246|60|199|35|2.1|37.1|6|37.1
247|60|200|30|0|30|6|30
248|60|201|147|0|147|6|147
249|60|192|130|7.8|137.8|6|137.8
250|60|197|230|13.8|243.8|6|243.8
251|60|581|20|0|20|6|20
252|61|467|840|50.4|890.4|6|890.4
253|62|39|70|4.2|74.2|6|74.2
254|62|40|25|1.5|26.5|6|26.5
255|62|41|20|1.2|21.2|6|21.2
256|62|80|200|12|212|6|212
257|62|82|23|1.38|24.38|6|24.38
258|62|81|27|1.62|28.62|6|28.62
259|62|83|150|0|150|6|150
260|63|442|80|4.8|84.8|6|84.8
261|63|443|80|4.8|84.8|6|84.8
262|63|444|22|1.32|23.32|6|23.32
263|63|446|20.36|1.22|21.58|6|21.58
264|63|445|25|1.5|26.5|6|26.5
265|64|170|140|8.4|148.4|6|148.4
266|64|171|27|1.62|28.62|6|28.62
267|64|172|21.68|1.3|22.98|6|22.98
268|64|173|50|0|50|6|50
269|65|160|840|50.4|890.4|6|890.4
270|66|717|80|4.8|84.8|6|84.8
271|66|718|24|1.44|25.44|6|25.44
272|66|719|15|0.9|15.9|6|15.9
273|67|100|23|1.38|24.38|6|24.38
274|67|98|200|12|212|6|212
275|67|99|27|1.62|28.62|6|28.62
276|67|101|150|0|150|6|150
277|68|145|140|8.4|148.4|6|148.4
278|68|147|21.68|1.3|22.98|6|22.98
279|68|146|27|1.62|28.62|6|28.62
280|68|148|50|0|50|6|50
281|69|497|840|50.4|890.4|6|890.4
282|70|488|840|50.4|890.4|6|890.4
283|71|220|64|3.84|67.84|6|67.84
284|71|221|27|1.62|28.62|6|28.62
285|72|709|177|10.62|187.62|6|187.62
286|72|710|30|0|30|6|30
287|72|711|15|0.9|15.9|6|15.9
288|72|712|15|0.9|15.9|6|15.9
289|73|590|200|12|212|6|212
290|73|591|27|1.62|28.62|6|28.62
291|73|592|23|1.38|24.38|6|24.38
292|73|593|150|0|150|6|150
293|74|747|100|0|100|6|100
294|75|141|200|12|212|6|212
295|75|142|27|1.62|28.62|6|28.62
296|75|144|150|0|150|6|150
297|75|143|23|1.38|24.38|6|24.38
298|75|118|50|3|53|6|53
299|75|120|200|0|200|6|200
300|75|763|840|50.4|890.4|6|890.4
301|76|668|200|12|212|6|212
302|76|669|27|1.62|28.62|6|28.62
303|76|670|23|1.38|24.38|6|24.38
304|76|671|150|0|150|6|150
305|76|672|150|0|150|6|150
306|77|765|840|50.4|890.4|6|890.4
307|77|323|23|1.38|24.38|6|24.38
308|77|324|150|0|150|6|150
309|77|321|200|12|212|6|212
310|77|322|27|1.62|28.62|6|28.62
311|77|404|18.02|1.08|19.1|6|19.1
312|78|813|100|0|100|6|100
313|79|635|200|12|212|6|212
314|79|637|27|1.62|28.62|6|28.62
315|79|638|23|1.38|24.38|6|24.38
316|79|639|150|0|150|6|150
317|80|222|100|6|106|6|106
318|80|223|15|0.9|15.9|6|15.9
319|80|225|15|0.9|15.9|6|15.9
320|81|921|23.1|1.39|24.49|6|24.49
321|81|922|15|0.9|15.9|6|15.9
322|81|919|90|5.4|95.4|6|95.4
323|81|-2|||0.01|0|0
324|82|509|50|3|53|6|53
325|82|511|26.7|1.6|28.3|6|28.3
326|82|510|22|1.32|23.32|6|23.32
327|82|512|24|1.44|25.44|6|25.44
328|83|713|54|3.24|57.24|6|57.24
329|83|714|15|0.9|15.9|6|15.9
330|84|568|27|1.62|28.62|6|28.62
331|84|569|23|1.38|24.38|6|24.38
332|84|570|150|0|150|6|150
333|84|567|200|12|212|6|212
334|85|157|430|25.8|455.8|6|455.8
335|86|1047|200|0|200|6|200
336|87|776|50|3|53|6|53
337|87|777|15|0.9|15.9|6|15.9
338|87|778|15|0.9|15.9|6|15.9
339|88|693|54|3.24|57.24|6|57.24
340|88|694|42|2.52|44.52|6|44.52
341|88|695|34|2.04|36.04|6|36.04
342|88|890|80|4.8|84.8|6|84.8
343|88|891|15|0.9|15.9|6|15.9
344|88|892|15|0.9|15.9|6|15.9
345|89|176|27|1.62|28.62|6|28.62
346|89|175|200|12|212|6|212
347|89|177|23|1.38|24.38|6|24.38
348|89|178|150|0|150|6|150
349|89|291|50|3|53|6|53
350|89|310|200|0|200|6|200
351|89|362|15|0.9|15.9|6|15.9
352|89|363|24|1.44|25.44|6|25.44
353|89|361|200|12|212|6|212
354|89|734|24|1.44|25.44|6|25.44
355|89|735|15|0.9|15.9|6|15.9
356|89|733|400|24|424|6|424
357|89|1001|840|50.4|890.4|6|890.4
358|90|675|200|12|212|6|212
359|90|676|27|1.62|28.62|6|28.62
360|90|677|23|1.38|24.38|6|24.38
361|90|678|150|0|150|6|150
362|91|1135|1390|83.4|1473.4|6|1473.4
363|91|1142|15|0.9|15.9|6|15.9
364|91|1136|160|9.6|169.6|6|169.6
365|91|1137|150|9|159|6|159
366|91|1138|89.62|5.38|95|6|95
367|91|1141|25|1.5|26.5|6|26.5
368|91|1139|1000|0|1000|6|1000
369|91|1140|10|0.6|10.6|6|10.6
370|91|1143|50|0|50|6|50
371|92|156|840|50.4|890.4|6|890.4
372|92|716|50|0|50|6|50
373|92|715|100|6|106|6|106
374|93|868|50|3|53|6|53
375|93|869|15|0.9|15.9|6|15.9
376|93|870|15|0.9|15.9|6|15.9
377|94|601|840|50.4|890.4|6|890.4
378|95|526|200|12|212|6|212
379|95|528|23|1.38|24.38|6|24.38
380|95|527|27|1.62|28.62|6|28.62
381|95|529|150|0|150|6|150
382|96|519|27|1.62|28.62|6|28.62
383|96|521|150|0|150|6|150
384|96|518|200|12|212|6|212
385|96|520|23|1.38|24.38|6|24.38
386|97|396|140|8.4|148.4|6|148.4
387|97|398|27|1.62|28.62|6|28.62
388|97|397|21.68|1.3|22.98|6|22.98
389|97|399|50|0|50|6|50
390|98|63|200|12|212|6|212
391|98|64|27|1.62|28.62|6|28.62
392|98|65|23|1.38|24.38|6|24.38
393|98|66|150|0|150|6|150
394|98|364|18|1.08|19.08|6|19.08
395|99|350|840|50.4|890.4|6|890.4
396|100|149|840|50.4|890.4|6|890.4
397|101|646|50|3|53|6|53
398|101|647|27|1.62|28.62|6|28.62
399|101|648|23|1.38|24.38|6|24.38
400|101|726|15|0.9|15.9|6|15.9
401|102|1215|59.53|3.57|63.1|6|63.1
402|102|1216|35|2.1|37.1|6|37.1
403|102|1217|50|0|50|6|50
404|102|1214|330|19.8|349.8|6|349.8
405|103|63|200|12|212|6|212
406|103|64|27|1.62|28.62|6|28.62
407|103|65|23|1.38|24.38|6|24.38
408|103|66|150|0|150|6|150
409|103|364|18|1.08|19.08|6|19.08
410|103|484|389.08|23.35|412.43|6|890.4
411|104|11|140|8.4|148.4|6|148.4
412|104|12|27|1.62|28.62|6|28.62
413|104|13|21.68|1.3|22.98|6|22.98
414|104|14|50|0|50|6|50
415|105|893|200|12|212|6|212
416|105|894|23|1.38|24.38|6|24.38
417|105|895|27|1.62|28.62|6|28.62
418|105|896|150|0|150|6|150
419|106|801|50|3|53|6|53
420|106|802|25|1.5|26.5|6|26.5
421|106|803|15|0.9|15.9|6|15.9
422|107|804|140|8.4|148.4|6|148.4
423|107|805|27|1.62|28.62|6|28.62
424|107|806|21.68|1.3|22.98|6|22.98
425|107|807|50|0|50|6|50
426|108|779|1490|89.4|1579.4|6|1579.4
427|108|780|160|9.6|169.6|6|169.6
428|108|781|150|9|159|6|159
429|108|782|89.62|5.38|95|6|95
430|108|783|1000|0|1000|6|1000
431|108|784|10|0.6|10.6|6|10.6
432|108|785|25|1.5|26.5|6|26.5
433|108|787|15|0.9|15.9|6|15.9
434|108|786|50|0|50|6|50
435|109|819|200|12|212|6|212
436|109|820|27|1.62|28.62|6|28.62
437|109|821|23|1.38|24.38|6|24.38
438|109|822|150|0|150|6|150
439|110|819|200|12|212|6|212
440|110|820|27|1.62|28.62|6|28.62
441|110|821|23|1.38|24.38|6|24.38
442|110|822|150|0|150|6|150
443|111|830|50|3|53|6|53
444|111|831|15|0.9|15.9|6|15.9
445|112|951|50|0|50|6|50
446|113|703|840|50.4|890.4|6|890.4
447|113|71|27|1.62|28.62|6|28.62
448|113|72|23|1.38|24.38|6|24.38
449|113|70|200|12|212|6|212
450|113|73|150|0|150|6|150
451|114|968|15|0.9|15.9|6|15.9
452|114|967|34|2.04|36.04|6|36.04
453|114|966|272|16.32|288.32|6|288.32
454|115|955|270|16.2|286.2|6|286.2
455|115|957|50|3|53|6|53
456|115|956|76|4.56|80.56|6|80.56
457|116|1151|23|1.38|24.38|6|24.38
458|116|1152|150|0|150|6|150
459|116|1149|200|12|212|6|212
460|116|1150|27|1.62|28.62|6|28.62
461|116|1310|840|50.4|890.4|6|890.4
462|117|909|310|18.6|328.6|6|328.6
463|117|910|51|3.06|54.06|6|54.06
464|117|911|20.4|1.22|21.62|6|21.62
465|118|107|250|15|265|6|265
466|118|110|3|0|3|6|3
467|118|108|27.64|1.66|29.3|6|29.3
468|118|106|180|10.8|190.8|6|190.8
469|118|109|66.04|3.96|70|6|70
470|119|1399|50|3|53|6|53
471|119|1403|50|3|53|6|53
472|119|1396|330|19.8|349.8|6|349.8
473|119|1393|100|6|106|6|106
474|119|1394|90|5.4|95.4|6|95.4
475|119|1412|69|4.14|73.14|6|73.14
476|119|1413|69.02|4.14|73.16|6|73.16
477|119|1395|250|15|265|6|265
478|119|1397|50|3|53|6|53
479|120|265|12|0|12|6|12
480|120|493|140|8.4|148.4|6|148.4
481|120|494|27|1.62|28.62|6|28.62
482|120|495|21.68|1.3|22.98|6|22.98
483|120|496|50|0|50|6|50
484|121|485|601.32|36.08|637.4|6|890.4
485|122|489|140|8.4|148.4|6|148.4
486|122|490|27|1.62|28.62|6|28.62
487|122|491|21.68|1.3|22.98|6|22.98
488|122|492|50|0|50|6|50
489|123|732|3|0|3|6|3
490|124|1290|135|8.1|143.1|6|159
491|125|5|200|12|212|6|212
492|125|6|25|1.5|26.5|6|26.5
493|125|7|20|1.2|21.2|6|21.2
494|126|728|200|12|212|6|212
495|126|729|27|1.62|28.62|6|28.62
496|126|730|23|1.38|24.38|6|24.38
497|126|731|150|0|150|6|150
498|126|1193|50|0|50|6|50
499|126|1189|50|0|50|6|50
500|126|1190|140|8.4|148.4|6|148.4
501|127|790|21.68|1.3|22.98|6|22.98
502|127|788|140|8.4|148.4|6|148.4
503|127|789|27|1.62|28.62|6|28.62
504|127|791|50|0|50|6|50
505|128|1336|17.7|1.06|18.76|6|18.76
506|128|1337|24|1.44|25.44|6|25.44
507|128|1335|6|0.36|6.36|6|6.36
508|129|1205|15|0.9|15.9|6|15.9
509|129|1204|15|0.9|15.9|6|15.9
510|129|1203|50|3|53|6|53
511|130|1099|27|1.62|28.62|6|28.62
512|130|1100|150|0|150|6|150
513|130|1098|200|12|212|6|212
514|130|1101|23|1.38|24.38|6|24.38
515|130|1366|840|50.4|890.4|6|890.4
516|131|619|25|1.5|26.5|6|26.5
517|131|617|1000|0|1000|6|1000
518|131|614|160|9.6|169.6|6|169.6
519|131|615|115|6.9|121.9|6|121.9
520|131|618|10|0.6|10.6|6|10.6
521|131|612|270|16.2|286.2|6|286.2
522|131|613|840|50.4|890.4|6|890.4
523|131|616|45.09|2.71|47.8|6|47.8
524|131|620|15|0.9|15.9|6|15.9
525|131|1051|50|3|53|6|53
526|131|1052|50|0|50|6|50
527|131|1053|15|0.9|15.9|6|15.9
528|132|485|235.85|14.15|250|6|253
529|133|920|140|8.4|148.4|6|148.4
530|133|923|27|1.62|28.62|6|28.62
531|133|924|21.68|1.3|22.98|6|22.98
532|133|925|50|0|50|6|50
533|134|949|90|5.4|95.4|6|95.4
534|134|950|15|0.9|15.9|6|15.9
535|134|952|15|0.9|15.9|6|15.9
536|135|1470|80|4.8|84.8|6|84.8
537|135|1471|15|0.9|15.9|6|15.9
538|135|1472|15|0.9|15.9|6|15.9
539|135|1469|50|3|53|6|53
540|136|1248|23|1.38|24.38|6|24.38
541|136|1249|150|0|150|6|150
542|136|1246|200|12|212|6|212
543|136|1247|27|1.62|28.62|6|28.62
544|137|1305|200|12|212|6|212
545|137|1306|27|1.62|28.62|6|28.62
546|137|1307|23|1.38|24.38|6|24.38
547|137|1308|150|0|150|6|150
548|138|897|140|8.4|148.4|6|148.4
549|138|898|27|1.62|28.62|6|28.62
550|138|899|21.68|1.3|22.98|6|22.98
551|138|900|50|0|50|6|50
552|139|1065|250|15|265|6|265
553|139|1066|24.6|1.48|26.08|6|26.08
554|139|1067|66.04|3.96|70|6|70
555|139|1035|200|12|212|6|212
556|139|1068|100|0|100|6|100
557|139|1036|23|1.38|24.38|6|24.38
558|139|1069|899|0|899|6|899
559|139|1070|89.9|0|89.9|6|89.9
560|139|1071|100|0|100|6|100
561|139|1039|27|1.62|28.62|6|28.62
562|139|1041|150|0|150|6|150
563|139|1064|130|7.8|137.8|6|137.8
564|140|1313|840|50.4|890.4|6|890.4
565|141|1037|42|2.52|44.52|6|44.52
566|141|1038|24|1.44|25.44|6|25.44
567|141|1040|39|2.34|41.34|6|41.34
568|142|1537|330|19.8|349.8|6|349.8
569|142|1538|35|2.1|37.1|6|37.1
570|142|1539|59.53|3.57|63.1|6|63.1
571|142|1540|50|0|50|6|50
572|142|1546|500|0|500|6|1000
573|143|759|150|0|150|6|150
574|143|749|27|1.62|28.62|6|28.62
575|143|750|21.68|1.3|22.98|6|22.98
576|143|748|260|15.6|275.6|6|275.6
577|143|751|50|0|50|6|50
578|143|756|320|19.2|339.2|6|339.2
579|143|757|27|1.62|28.62|6|28.62
580|143|758|21.68|1.3|22.98|6|22.98
581|144|1546|500|0|500|6|500
582|144|1550|94.25|5.66|99.91|6|99.91
583|144|1543|840|50.4|890.4|6|890.4
584|144|1544|160|9.6|169.6|6|169.6
585|144|1547|10|0.6|10.6|6|10.6
586|144|1549|15|0.9|15.9|6|15.9
587|144|1548|25|1.5|26.5|6|26.5
588|144|1545|80|4.8|84.8|6|84.8
589|144|1542|190.84|11.45|202.29|6|202.29
590|145|571|140|8.4|148.4|6|148.4
591|145|573|27|1.62|28.62|6|28.62
592|145|574|50|0|50|6|50
593|145|572|21.68|1.3|22.98|6|22.98
594|146|1592|20|1.2|21.2|6|21.2
595|147|1515|300|18|318|6|318
596|147|1516|24|1.44|25.44|6|25.44
597|147|1517|15|0.9|15.9|6|15.9
598|148|1028|200|12|212|6|212
599|148|1032|27|1.62|28.62|6|28.62
600|149|1194|50|3|53|6|53
601|149|1199|15|0.9|15.9|6|15.9
602|149|1200|35|2.1|37.1|6|37.1
603|149|1202|50|0|50|6|50
604|149|1195|190|11.4|201.4|6|201.4
605|149|1196|50|3|53|6|53
606|149|1197|250|15|265|6|265
607|149|1201|24.72|1.48|26.2|6|26.2
608|149|1198|140|8.4|148.4|6|148.4
609|150|333|442.45|26.55|469|6|469
610|150|1167|30|1.8|31.8|6|31.8
611|150|1168|150|0|150|6|150
612|150|1169|100|0|100|6|100
613|150|1161|200|12|212|6|212
614|150|1162|100|6|106|6|106
615|150|1163|90|5.4|95.4|6|95.4
616|150|1164|250|15|265|6|265
617|150|1165|100|6|106|6|106
618|150|1166|50|3|53|6|53
619|151|1564|23|1.38|24.38|6|24.38
620|151|1565|150|0|150|6|150
621|151|1562|200|12|212|6|212
622|151|1563|27|1.62|28.62|6|28.62
623|152|339|23|1.38|24.38|6|24.38
624|152|337|200|12|212|6|212
625|152|338|27|1.62|28.62|6|28.62
626|152|343|150|0|150|6|150
627|153|281|200|12|212|6|212
628|153|285|23|1.38|24.38|6|24.38
629|153|287|150|0|150|6|150
630|153|282|27|1.62|28.62|6|28.62
631|153|764|840|50.4|890.4|6|890.4
632|154|697|200|12|212|6|212
633|154|699|27|1.62|28.62|6|28.62
634|154|700|150|0|150|6|150
635|154|698|23|1.38|24.38|6|24.38
636|155|988|140|8.4|148.4|6|148.4
637|155|989|27|1.62|28.62|6|28.62
638|155|990|21.68|1.3|22.98|6|22.98
639|155|991|50|0|50|6|50
640|156|1224|50|0|50|6|50
641|156|1221|140|8.4|148.4|6|148.4
642|156|1222|27|1.62|28.62|6|28.62
643|156|1223|21.68|1.3|22.98|6|22.98
644|157|1326|840|50.4|890.4|6|890.4
645|157|1177|110|6.6|116.6|6|116.6
646|157|1179|80|4.8|84.8|6|84.8
647|157|1182|15|0.9|15.9|6|15.9
648|157|1180|35|2.1|37.1|6|37.1
649|157|1181|15|0.9|15.9|6|15.9
650|158|1613|50|0|50|6|50
651|159|1479|840|50.4|890.4|6|890.4
652|159|1478|220|13.2|233.2|6|233.2
653|159|1480|160|9.6|169.6|6|169.6
654|159|1481|115|6.9|121.9|6|121.9
655|159|1484|10|0.6|10.6|6|10.6
656|159|1482|30.09|1.81|31.9|6|31.9
657|159|1485|25|1.5|26.5|6|26.5
658|159|1486|15|0.9|15.9|6|15.9
659|159|1483|1000|0|1000|6|1000
660|160|1275|330|19.8|349.8|6|349.8
661|160|1276|59.53|3.57|63.1|6|63.1
662|160|1277|35|2.1|37.1|6|37.1
663|160|1278|50|0|50|6|50
664|161|1617|50|0|50|6|50
665|161|1614|330|19.8|349.8|6|349.8
666|161|1615|35|2.1|37.1|6|37.1
667|161|1616|59.53|3.57|63.1|6|63.1
668|162|1691|330|19.8|349.8|6|349.8
669|162|1693|59.53|3.57|63.1|6|63.1
670|162|1694|50|0|50|6|50
671|162|1692|35|2.1|37.1|6|37.1
672|163|464|50|3|53|6|53
673|163|465|20|1.2|21.2|6|21.2
674|163|466|15|0.9|15.9|6|15.9
675|164|499|50|3|53|6|53
676|164|500|15|0.9|15.9|6|15.9
677|164|501|15|0.9|15.9|6|15.9
678|165|481|50|3|53|6|53
679|165|482|15|0.9|15.9|6|15.9
680|165|483|15|0.9|15.9|6|15.9
681|166|471|50|3|53|6|53
682|166|473|25|1.5|26.5|6|26.5
683|166|472|110|6.6|116.6|6|116.6
684|166|474|20|1.2|21.2|6|21.2
685|167|848|130|7.8|137.8|6|137.8
686|167|849|27|1.62|28.62|6|28.62
687|167|850|23|1.38|24.38|6|24.38
688|168|882|50|3|53|6|53
689|168|883|130|7.8|137.8|6|137.8
690|168|884|27|1.62|28.62|6|28.62
691|168|885|21.68|1.3|22.98|6|22.98
692|169|915|50|3|53|6|53
693|169|916|130|7.8|137.8|6|137.8
694|169|917|27|1.62|28.62|6|28.62
695|169|918|21.68|1.3|22.98|6|22.98
696|170|745|15|0.9|15.9|6|15.9
697|170|744|80|4.8|84.8|6|84.8
698|170|746|15|0.9|15.9|6|15.9
699|171|1191|62|3.72|65.72|6|65.72
700|171|1192|15|0.9|15.9|6|15.9
701|172|597|840|50.4|890.4|6|890.4
702|172|1254|40|2.4|42.4|6|42.4
703|172|1255|15|0.9|15.9|6|15.9
704|172|1279|40|2.4|42.4|6|42.4
705|172|1280|33|1.98|34.98|6|34.98
706|172|1281|24|1.44|25.44|6|25.44
707|173|1144|200|12|212|6|212
708|173|1145|27|1.62|28.62|6|28.62
709|173|1146|23|1.38|24.38|6|24.38
710|173|1147|150|0|150|6|150
711|174|1235|53|3.18|56.18|6|56.18
712|174|1231|200|12|212|6|212
713|174|1362|840|50.4|890.4|6|890.4
714|174|1232|27|1.62|28.62|6|28.62
715|174|1237|150|0|150|6|150
716|175|1674|23|1.38|24.38|6|24.38
717|175|1675|150|0|150|6|150
718|175|1672|200|12|212|6|212
719|175|1673|27|1.62|28.62|6|28.62
720|176|1381|200|12|212|6|212
721|176|1382|27|1.62|28.62|6|28.62
722|176|1384|23|1.38|24.38|6|24.38
723|176|1385|150|0|150|6|150
724|176|1458|200|12|212|6|212
725|176|1467|15|0.9|15.9|6|15.9
726|178|1506|840|50.4|890.4|6|890.4
727|178|1242|200|12|212|6|212
728|178|1244|23|1.38|24.38|6|24.38
729|178|1243|27|1.62|28.62|6|28.62
730|178|1245|1.6|0|1.6|6|150
731|179|993|140|8.4|148.4|6|148.4
732|179|994|27|1.62|28.62|6|28.62
733|179|995|21.68|1.3|22.98|6|22.98
734|179|996|50|0|50|6|50
735|180|934|140|8.4|148.4|6|148.4
736|180|935|27|1.62|28.62|6|28.62
737|180|936|21.68|1.3|22.98|6|22.98
738|180|937|50|0|50|6|50
739|181|1360|840|50.4|890.4|6|890.4
740|181|1464|23|1.38|24.38|6|24.38
741|181|1462|200|12|212|6|212
742|181|1463|27|1.62|28.62|6|28.62
743|181|1465|150|0|150|6|150
744|181|-2|70.9|0|70.9|0|0
745|182|1256|134|8.04|142.04|6|142.04
746|182|1257|70|4.2|74.2|6|74.2
747|182|1258|24|1.44|25.44|6|25.44
748|182|1590|10|0.6|10.6|6|10.6
749|182|1591|24|1.44|25.44|6|25.44
750|183|1106|24|1.44|25.44|6|25.44
751|183|1105|130|7.8|137.8|6|137.8
752|183|1107|24|1.44|25.44|6|25.44
753|184|383|15|0.9|15.9|6|15.9
754|185|1060|200|12|212|6|212
755|185|1061|27|1.62|28.62|6|28.62
756|185|1062|23|1.38|24.38|6|24.38
757|185|1063|150|0|150|6|150
758|186|1723|150|9|159|6|159
759|186|1724|27|1.62|28.62|6|28.62
760|186|1725|23|1.38|24.38|6|24.38
761|186|1726|200|0|200|6|200
762|187|928|27|1.62|28.62|6|28.62
763|187|929|21.68|1.3|22.98|6|22.98
764|187|930|50|0|50|6|50
765|187|927|180|10.8|190.8|6|190.8
766|188|1618|1060|63.6|1123.6|6|1123.6
767|188|1619|160|9.6|169.6|6|169.6
768|188|1620|115|6.9|121.9|6|121.9
769|188|1621|30.09|1.81|31.9|6|31.9
770|188|1622|1000|0|1000|6|1000
771|188|1623|10|0.6|10.6|6|10.6
772|188|1624|25|1.5|26.5|6|26.5
773|188|1625|15|0.9|15.9|6|15.9
774|189|162|100|6|106|6|106
775|189|163|840|50.4|890.4|6|890.4
776|189|164|30|1.8|31.8|6|31.8
777|189|165|25|1.5|26.5|6|26.5
778|189|458|32|1.92|33.92|6|33.92
779|189|459|15|0.9|15.9|6|15.9
780|189|405|300|18|318|6|318
781|189|406|27|1.62|28.62|6|28.62
782|189|408|150|0|150|6|150
783|189|407|44.7|2.68|47.38|6|47.38
784|190|1175|200|12|212|6|212
785|190|1176|27|1.62|28.62|6|28.62
786|190|1178|23|1.38|24.38|6|24.38
787|190|1183|150|0|150|6|150
788|191|1207|27|1.62|28.62|6|28.62
789|191|1208|23|1.38|24.38|6|24.38
790|191|1209|150|0|150|6|150
791|191|1206|200|12|212|6|212
792|192|8|140|8.4|148.4|6|148.4
793|192|9|27|1.62|28.62|6|28.62
794|192|10|21.68|1.3|22.98|6|22.98
795|193|1477|150|0|150|6|150
796|193|1474|200|12|212|6|212
797|193|1475|27|1.62|28.62|6|28.62
798|193|1476|23|1.38|24.38|6|24.38
799|194|1596|200|12|212|6|212
800|194|1598|34|2.04|36.04|6|36.04
801|194|1595|140|8.4|148.4|6|148.4
802|194|1597|36|2.16|38.16|6|38.16
803|194|1599|50|0|50|6|50
918|218|2014|24|1.44|25.44|6|25.44
804|194|1600|150|0|150|6|150
805|195|1451|100|6|106|6|106
806|195|1452|100|6|106|6|106
807|195|1441|96|5.76|101.76|6|101.76
808|195|1453|24|1.44|25.44|6|25.44
809|195|1454|15|0.9|15.9|6|15.9
810|196|1445|280|16.8|296.8|6|296.8
811|196|1448|43.25|2.6|45.85|6|45.58
812|196|1449|45|2.7|47.7|6|47.7
813|196|1450|150|0|150|6|150
814|196|1473|840|50.4|890.4|6|890.4
815|196|1446|200|12|212|6|212
816|197|584|15|0.9|15.9|6|15.9
817|197|583|50|3|53|6|53
818|197|585|15|0.9|15.9|6|15.9
819|197|982|35|2.1|37.1|6|37.1
820|197|983|15|0.9|15.9|6|15.9
821|197|984|70|4.2|74.2|6|74.2
822|197|986|95|5.7|100.7|6|100.7
823|197|582|80|4.8|84.8|6|84.8
824|197|980|100|6|106|6|106
825|197|1560|25|1.5|26.5|6|26.5
826|197|1557|150|0|150|6|150
827|197|1558|50|0|50|6|50
828|197|1555|300|18|318|6|318
829|197|1556|200|12|212|6|212
830|197|1559|45|2.7|47.7|6|47.7
831|198|1798|300|18|318|6|318
832|198|1799|840|50.4|890.4|6|890.4
833|198|1802|24|1.44|25.44|6|25.44
834|198|1800|400|24|424|6|424
835|198|1801|24|1.44|25.44|6|25.44
836|199|1748|140|8.4|148.4|6|148.4
837|199|1749|27|1.62|28.62|6|28.62
838|199|1750|21.68|1.3|22.98|6|22.98
839|200|1459|50|3|53|6|53
840|200|1460|15|0.9|15.9|6|15.9
841|200|1461|15|0.9|15.9|6|15.9
842|201|1837|330|19.8|349.8|6|349.8
843|201|1841|35|2.1|37.1|6|37.1
844|201|1839|59.53|3.57|63.1|6|63.1
845|201|1840|50|0|50|6|50
846|202|1562|200|12|212|6|212
847|202|1564|23|1.38|24.38|6|24.38
848|202|1565|150|0|150|6|150
849|202|1563|27|1.62|28.62|6|28.62
850|202|2115|100|6|106|6|106
851|202|2116|25.68|0|25.68|6|50
852|203|2049|96.23|5.77|102|6|102
853|203|2045|700|42|742|6|742
854|203|2050|100|6|106|6|106
855|203|2051|50|0|50|6|50
856|204|1497|23|1.38|24.38|6|24.38
857|204|1498|150|0|150|6|150
858|204|1495|200|12|212|6|212
859|204|1496|27|1.62|28.62|6|28.62
860|205|1846|1060|63.6|1123.6|6|1123.6
861|205|1847|160|9.6|169.6|6|169.6
862|205|1848|115|6.9|121.9|6|121.9
863|205|1849|30.09|1.81|31.9|6|31.9
864|205|1850|1000|0|1000|6|1000
865|205|1851|10|0.6|10.6|6|10.6
866|205|1852|25|1.5|26.5|6|26.5
867|205|1853|15|0.9|15.9|6|15.9
868|205|1857|500|30|530|6|530
869|206|2028|200|0|200|6|200
870|207|2053|330|19.8|349.8|6|349.8
871|207|2055|59.53|3.57|63.1|6|63.1
872|207|2056|50|0|50|6|50
873|207|2054|35|2.1|37.1|6|37.1
874|208|1153|200|12|212|6|212
875|208|1155|43|2.58|45.58|6|45.58
876|208|1156|150|0|150|6|150
877|208|1154|27|1.62|28.62|6|28.62
878|209|1398|200|12|212|6|212
879|209|1400|27|1.62|28.62|6|28.62
880|209|1401|43|2.58|45.58|6|45.58
881|209|1402|98.96|0|98.96|6|150
882|210|1252|23|1.38|24.38|6|24.38
883|210|1250|220|13.2|233.2|6|233.2
884|210|1251|27|1.62|28.62|6|28.62
885|210|1253|150|0|150|6|150
886|211|1607|50|3|53|6|53
887|211|1608|15|0.9|15.9|6|15.9
888|211|1609|15|0.9|15.9|6|15.9
889|212|1415|27|1.62|28.62|6|28.62
890|212|1417|50|0|50|6|50
891|212|1414|260|15.6|275.6|6|275.6
892|212|1507|300|18|318|6|318
893|212|1508|30|0|30|6|30
894|212|1509|24|1.44|25.44|6|25.44
895|212|1510|15|0.9|15.9|6|15.9
896|212|1416|21.68|1.3|22.98|6|22.98
897|213|1225|240|14.4|254.4|6|254.4
898|213|1226|27|1.62|28.62|6|28.62
899|213|1227|21.68|1.3|22.98|6|22.98
900|213|1228|50|0|50|6|50
901|214|1234|27|1.62|28.62|6|28.62
902|214|1238|50|0|50|6|50
903|214|1236|21.68|1.3|22.98|6|22.98
904|214|1233|220|13.2|233.2|6|233.2
905|215|1505|391.51|23.49|415|6|890.4
906|216|1944|100|6|106|6|106
907|216|1945|15|0.9|15.9|6|15.9
908|216|1946|15|0.9|15.9|6|15.9
909|217|1789|220|13.2|233.2|6|233.2
910|217|1791|160|9.6|169.6|6|169.6
911|217|1792|115|6.9|121.9|6|121.9
912|217|1793|30.09|1.81|31.9|6|31.9
913|217|1795|10|0.6|10.6|6|10.6
914|217|1796|25|1.5|26.5|6|26.5
915|217|1797|15|0.9|15.9|6|15.9
916|217|1794|1000|0|1000|6|1000
917|217|1790|840|50.4|890.4|6|890.4
919|218|2011|50|3|53|6|53
920|218|2012|50|3|53|6|53
921|218|2013|24|1.44|25.44|6|25.44
922|219|1772|50|0|50|6|50
923|219|1769|140|8.4|148.4|6|148.4
924|219|1770|27|1.62|28.62|6|28.62
925|219|1771|21.68|1.3|22.98|6|22.98
926|220|2067|10|0.6|10.6|6|10.6
927|220|2069|15|0.9|15.9|6|15.9
928|220|2062|1060|63.6|1123.6|6|1123.6
929|220|2063|160|9.6|169.6|6|169.6
930|220|2064|115|6.9|121.9|6|121.9
931|220|2066|1000|0|1000|6|1000
932|220|2065|30.09|1.81|31.9|6|31.9
933|220|2068|25|1.5|26.5|6|26.5
934|221|702|15|0.9|15.9|6|15.9
935|221|701|10|0.6|10.6|6|10.6
936|221|555|60|3.6|63.6|6|63.6
937|221|575|100|6|106|6|106
938|222|2137|50|3|53|6|53
939|222|2138|106|0|106|6|106
940|222|2156|38.68|2.32|41|6|41
941|223|1094|150|9|159|6|159
942|223|1095|27|1.62|28.62|6|28.62
943|223|1096|21.68|1.3|22.98|6|22.98
944|223|1097|50|0|50|6|50
945|223|1740|60|3.6|63.6|6|63.6
946|223|1742|20|1.2|21.2|6|21.2
947|223|1741|20|1.2|21.2|6|21.2
948|224|1429|27|1.62|28.62|6|28.62
949|224|1430|21.68|1.3|22.98|6|22.98
950|224|1431|50|0|50|6|50
951|224|1512|30|0|30|6|30
952|224|1514|15|0.9|15.9|6|15.9
953|224|1428|140|8.4|148.4|6|148.4
954|224|1511|200|12|212|6|212
955|224|1513|15|0.9|15.9|6|15.9
956|225|793|90|5.4|95.4|6|95.4
957|225|1219|45|2.7|47.7|6|47.7
958|225|1218|52|3.12|55.12|6|55.12
959|225|1220|15|0.9|15.9|6|15.9
960|225|1656|10|0.6|10.6|6|10.6
961|225|1657|22.2|1.33|23.53|6|23.53
962|225|1658|24|1.44|25.44|6|25.44
963|226|1920|50|3|53|6|53
964|226|1921|15|0.9|15.9|6|15.9
965|226|1922|15|0.9|15.9|6|15.9
966|227|1698|80|4.8|84.8|6|84.8
967|227|1697|160|9.6|169.6|6|169.6
968|227|1699|94.25|5.66|99.91|6|99.91
969|227|1701|10|0.6|10.6|6|10.6
970|227|1702|15|0.9|15.9|6|15.9
971|227|1703|25|1.5|26.5|6|26.5
972|227|1695|1030.84|61.85|1092.69|6|1092.69
973|227|1700|1000|0|1000|6|1000
974|228|1890|90|5.4|95.4|6|95.4
975|228|1891|47.17|2.83|50|6|50
976|228|1887|210|12.6|222.6|6|222.6
977|228|1888|33|1.98|34.98|6|34.98
978|228|1892|15|0.9|15.9|6|15.9
979|228|1889|33|1.98|34.98|6|34.98
980|228|1894|138|8.28|146.28|6|146.28
981|228|1895|15|0.9|15.9|6|15.9
982|228|1893|400|24|424|6|424
983|228|2238|3|0|3|6|3
984|229|1896|50|3|53|6|53
985|229|1897|90|5.4|95.4|6|95.4
986|229|1899|15|0.9|15.9|6|15.9
987|229|1898|15|0.9|15.9|6|15.9
988|230|1081|200|12|212|6|212
989|230|1083|23|1.38|24.38|6|24.38
990|230|1082|27|1.62|28.62|6|28.62
991|230|1084|150|0|150|6|150
992|231|1676|50|0|50|6|50
993|232|1668|15|0.9|15.9|6|15.9
994|232|1667|15|0.9|15.9|6|15.9
995|232|1666|150|9|159|6|159
996|232|1652|24|1.44|25.44|6|25.44
997|232|1651|100|6|106|6|106
998|232|1653|24|1.44|25.44|6|25.44
999|232|1650|129.57|7.77|137.34|6|424
1000|233|1603|230|13.8|243.8|6|243.8
1001|233|1605|23|1.38|24.38|6|24.38
1002|233|1604|27|1.62|28.62|6|28.62
1003|233|1606|150|0|150|6|150
1004|234|1739|24|1.44|25.44|6|25.44
1005|234|1737|50|3|53|6|53
1006|234|1738|15|0.9|15.9|6|15.9
1007|235|1735|15|0.9|15.9|6|15.9
1008|235|1734|50|3|53|6|53
1009|235|1736|24|1.44|25.44|6|25.44
1010|236|1731|50|3|53|6|53
1011|236|1732|15|0.9|15.9|6|15.9
1012|236|1733|24|1.44|25.44|6|25.44
1013|237|1854|100|6|106|6|106
1014|237|1855|15|0.9|15.9|6|15.9
1015|237|1856|15|0.9|15.9|6|15.9
1016|238|1814|180|10.8|190.8|6|190.8
1017|238|1815|90|5.4|95.4|6|95.4
1018|238|1816|35|2.1|37.1|6|37.1
1019|238|1817|15|0.9|15.9|6|15.9
1020|239|1821|15|0.9|15.9|6|15.9
1021|239|1820|15|0.9|15.9|6|15.9
1022|239|1818|80|4.8|84.8|6|84.8
1023|239|1819|50|3|53|6|53
1024|240|1654|25|1.5|26.5|6|26.5
1025|241|541|200|12|212|6|212
1026|241|543|23|1.38|24.38|6|24.38
1027|241|544|150|0|150|6|150
1028|241|542|27|1.62|28.62|6|28.62
1029|242|158|840|50.4|890.4|6|890.4
1030|243|125|840|50.4|890.4|6|890.4
1031|244|2226|48|2.88|50.88|6|50.88
1032|244|2224|840|50.4|890.4|6|890.4
1033|244|2225|22|1.32|23.32|6|23.32
1034|244|2223|200|12|212|6|212
1035|245|772|140|8.4|148.4|6|148.4
1036|245|773|27|1.62|28.62|6|28.62
1037|245|774|21.68|1.3|22.98|6|22.98
1038|245|775|150|0|150|6|150
1039|246|1569|20|1.2|21.2|6|21.2
1040|246|1570|24|1.44|25.44|6|25.44
1041|247|808|42|2.52|44.52|6|44.52
1042|247|809|25.08|1.5|26.58|6|26.58
1043|248|1669|60|3.6|63.6|6|63.6
1044|248|1670|15|0.9|15.9|6|15.9
1045|248|1671|15|0.9|15.9|6|15.9
1046|249|906|110|6.6|116.6|6|116.6
1047|249|904|42|2.52|44.52|6|44.52
1048|249|905|18|1.08|19.08|6|19.08
1049|249|903|400|24|424|6|424
1050|250|352|840|50.4|890.4|6|890.4
1051|251|1375|27|1.62|28.62|6|28.62
1052|251|1376|23|1.38|24.38|6|24.38
1053|251|1377|150|0|150|6|150
1054|251|1374|200|12|212|6|212
1055|252|855|70|4.2|74.2|6|74.2
1056|252|856|70|4.2|74.2|6|74.2
1057|252|857|90|5.4|95.4|6|95.4
1058|252|858|80|4.8|84.8|6|84.8
1059|252|872|96|5.76|101.76|6|101.76
1060|252|860|40|2.4|42.4|6|42.4
1061|252|859|25|1.5|26.5|6|26.5
1062|252|861|25.23|1.51|26.74|6|26.74
1063|252|1871|25|1.5|26.5|6|26.5
1064|252|1873|30|0|30|6|30
1065|252|1872|23.02|1.38|24.4|6|24.4
1066|252|1870|200|12|212|6|212
1067|253|1058|50|3|53|6|53
1068|253|1059|200|0|200|6|200
1069|253|975|200|12|212|6|212
1070|253|976|27|1.62|28.62|6|28.62
1071|253|977|23|1.38|24.38|6|24.38
1072|253|978|150|0|150|6|150
1073|254|2205|250|15|265|6|265
1074|254|2206|50|3|53|6|53
1075|254|2207|25|1.5|26.5|6|26.5
1076|255|469|840|50.4|890.4|6|890.4
1077|255|1077|150|9|159|6|159
1078|255|1078|27|1.62|28.62|6|28.62
1079|255|1079|21.68|1.3|22.98|6|22.98
1080|255|1080|50|0|50|6|50
1081|255|1811|50|3|53|6|53
1082|256|1637|15|0.9|15.9|6|15.9
1083|256|1634|300|18|318|6|318
1084|256|1636|30|0|30|6|30
1085|256|1128|200|12|212|6|212
1086|256|1638|15|0.9|15.9|6|15.9
1087|256|1129|27|1.62|28.62|6|28.62
1088|256|1130|23|1.38|24.38|6|24.38
1089|256|1131|150|0|150|6|150
1090|256|1503|840|50.4|890.4|6|890.4
1091|257|1933|671.98|40.32|712.3|6|890.4
1092|258|2221|24|1.44|25.44|6|25.44
1093|258|2222|15|0.9|15.9|6|15.9
1094|258|2219|300|18|318|6|318
1095|258|2220|840|50.4|890.4|6|890.4
1096|259|1|50|3|53|6|53
1097|259|2|15|0.9|15.9|6|15.9
1098|259|3|15.8|0.95|16.75|6|16.75
1099|260|409|200|12|212|6|212
1100|260|410|27|1.62|28.62|6|28.62
1101|260|411|23|1.38|24.38|6|24.38
1102|260|412|150|0|150|6|150
1103|261|667|42|2.52|44.52|6|44.52
1104|261|673|24|1.44|25.44|6|25.44
1105|261|674|39|2.34|41.34|6|41.34
1106|261|2074|33|1.98|34.98|6|34.98
1107|261|2073|94|5.64|99.64|6|99.64
1108|262|1346|200|12|212|6|212
1109|262|1348|23|1.38|24.38|6|24.38
1110|262|1349|150|0|150|6|150
1111|262|1347|27|1.62|28.62|6|28.62
1112|262|1407|60|3.6|63.6|6|63.6
1113|263|1755|200|12|212|6|212
1114|263|1756|27|1.62|28.62|6|28.62
1115|263|1757|23|1.38|24.38|6|24.38
1116|263|1758|150|0|150|6|150
1117|264|1420|150|9|159|6|159
1118|264|1421|36|2.16|38.16|6|38.16
1119|264|1423|50|0|50|6|50
1120|264|1422|34|2.04|36.04|6|36.04
1121|264|1419|210|12.6|222.6|6|222.6
1122|264|1424|150|0|150|6|150
1123|265|1350|210|12.6|222.6|6|222.6
1124|265|1351|27|1.62|28.62|6|28.62
1125|265|1352|23|1.38|24.38|6|24.38
1126|265|1353|150|0|150|6|150
1127|265|1418|50|0|50|6|50
1128|266|1291|27|1.62|28.62|6|28.62
1129|266|1290|15|0.9|15.9|6|15.9
1130|266|1292|21.68|1.3|22.98|6|22.98
1131|266|1293|50|0|50|6|50
1132|266|1294|210|12.6|222.6|6|222.6
1133|266|1295|27|1.62|28.62|6|28.62
1134|266|1296|23|1.38|24.38|6|24.38
1135|266|1297|150|0|150|6|150
1136|266|-2|143.1|0|143.1|0|0
1137|267|1633|140|8.4|148.4|6|148.4
1138|267|1343|27|1.62|28.62|6|28.62
1139|267|1344|23|1.38|24.38|6|24.38
1140|267|1635|50|0|50|6|50
1141|267|1345|150|0|150|6|150
1142|267|1342|210|12.6|222.6|6|222.6
1143|268|1024|38.4|2.3|40.7|6|40.7
1144|268|1012|200|12|212|6|212
1145|268|1015|850|51|901|6|901
1146|268|1013|150|0|150|6|150
1147|268|1014|100|0|100|6|100
1148|268|1016|100|0|100|6|100
1149|268|1017|110.33|0|110.33|6|200
1150|269|2239|850|51|901|6|901
1151|269|2242|100|0|100|6|100
1152|269|2252|15|0.9|15.9|6|15.9
1153|269|2241|40|2.4|42.4|6|42.4
1154|269|2240|38.4|2.3|40.7|6|40.7
1155|270|2338|40|2.4|42.4|6|42.4
1156|270|2328|200|12|212|6|212
1157|270|2329|140|8.4|148.4|6|148.4
1158|270|2333|90|5.4|95.4|6|95.4
1159|270|2335|150|0|150|6|150
1160|270|2336|50|0|50|6|50
1161|270|2337|50|3|53|6|53
1162|271|2104|20|1.2|21.2|6|21.2
1163|271|2105|24|1.44|25.44|6|25.44
1164|272|2627|1500|90|1590|6|1590
1165|273|2628|4800|288|5088|6|5088
1166|273|2527|45|2.7|47.7|6|47.7
1167|274|926|150|0|150|6|150
1168|274|2629|4800|288|5088|6|5088
1169|275|2234|50|3|53|6|53
1170|275|2235|27|1.62|28.62|6|28.62
1171|275|2237|50|0|50|6|50
1172|275|2236|26|1.56|27.56|6|27.56
1173|275|2233|140|8.4|148.4|6|148.4
1174|275|2290|34|2.04|36.04|6|36.04
1175|275|2291|15|0.9|15.9|6|15.9
1176|276|1315|50|3|53|6|53
1177|276|1316|95|5.7|100.7|6|100.7
1178|276|630|457.36|27.44|484.8|6|890.4
1179|277|2272|840|50.4|890.4|6|890.4
1180|277|2275|170|10.2|180.2|6|180.2
1181|277|2274|50|3|53|6|53
1182|277|2273|30|1.8|31.8|6|31.8
1183|277|2276|25|1.5|26.5|6|26.5
1184|277|2277|15|0.9|15.9|6|15.9
1185|277|2271|200|12|212|6|212
1186|278|2436|260|15.6|275.6|6|275.6
1187|278|2437|35|2.1|37.1|6|37.1
1188|278|2438|20|1.2|21.2|6|21.2
1189|279|2425|48|2.88|50.88|6|50.88
1190|279|2426|15|0.9|15.9|6|15.9
1191|280|2419|52|3.12|55.12|6|55.12
1192|280|2420|25|1.5|26.5|6|26.5
1193|281|1858|140|8.4|148.4|6|148.4
1194|281|1859|27|1.62|28.62|6|28.62
1195|281|1860|21.68|1.3|22.98|6|22.98
1196|281|1861|50|0|50|6|50
1197|281|2092|200|12|212|6|212
1198|281|2093|27|1.62|28.62|6|28.62
1199|281|2095|150|0|150|6|150
1200|281|2094|53|3.18|56.18|6|56.18
1201|282|2286|140|8.4|148.4|6|148.4
1202|282|2287|21.68|1.3|22.98|6|22.98
1203|282|2288|27|1.62|28.62|6|28.62
1204|282|2289|50|0|50|6|50
1205|283|2052|28|1.68|29.68|6|29.68
1206|283|2042|27|1.62|28.62|6|28.62
1207|283|2043|20|1.2|21.2|6|21.2
1208|283|2041|80|4.8|84.8|6|84.8
1209|284|1907|200|12|212|6|212
1210|284|1908|27|1.62|28.62|6|28.62
1211|284|1909|23|1.38|24.38|6|24.38
1212|284|1910|150|0|150|6|150
1213|285|1773|90|5.4|95.4|6|95.4
1214|285|1774|250|15|265|6|265
1215|285|1775|10|0|10|6|10
1216|285|1776|6|0|6|6|6
1217|285|1589|50|0|50|6|50
1218|285|1587|35|2.1|37.1|6|37.1
1219|285|1588|25|1.5|26.5|6|26.5
1220|285|1586|140|8.4|148.4|6|148.4
1221|286|844|210|12.6|222.6|6|222.6
1222|287|1679|20|1.2|21.2|6|21.2
1223|287|1677|18|1.08|19.08|6|19.08
1224|287|1678|80|4.8|84.8|6|84.8
1225|287|1680|17.38|1.04|18.42|6|18.42
1226|287|1681|25|1.5|26.5|6|26.5
1227|288|1009|100|6|106|6|106
1228|288|1010|24|1.44|25.44|6|25.44
1229|288|1011|15|0.9|15.9|6|15.9
1230|289|1502|150|0|150|6|150
1231|289|1499|200|12|212|6|212
1232|289|1500|27|1.62|28.62|6|28.62
1233|289|1501|23|1.38|24.38|6|24.38
1234|290|2523|840|50.4|890.4|6|890.4
1235|291|1531|23|1.38|24.38|6|24.38
1236|291|1532|150|0|150|6|150
1237|291|1529|200|12|212|6|212
1238|291|1530|27|1.62|28.62|6|28.62
1239|292|2674|2500|150|2650|6|2650
1240|292|2675|100|6|106|6|106
1241|292|2676|33|1.98|34.98|6|34.98
1242|292|2678|200|0|200|6|200
1243|292|2680|30|0|30|6|30
1244|292|2677|32|1.92|33.92|6|33.92
1245|292|2679|30|1.8|31.8|6|31.8
1246|292|2681|15|0.9|15.9|6|15.9
1247|293|1086|140|8.4|148.4|6|148.4
1248|293|1087|27|1.62|28.62|6|28.62
1249|293|1088|21.68|1.3|22.98|6|22.98
1250|293|1089|50|0|50|6|50
1251|294|2454|50|3|53|6|53
1252|294|2455|17|1.02|18.02|6|18.02
1253|294|2456|24|1.44|25.44|6|25.44
1254|295|2061|90|5.4|95.4|6|95.4
1255|295|2080|25|1.5|26.5|6|26.5
1256|295|2091|24|1.44|25.44|6|25.44
1257|295|2079|22|1.32|23.32|6|23.32
1258|296|2318|130|7.8|137.8|6|137.8
1259|296|2319|22.2|1.33|23.53|6|23.53
1260|296|2320|24|1.44|25.44|6|25.44
1261|297|2340|24|1.44|25.44|6|25.44
1262|297|2339|22.2|1.33|23.53|6|23.53
1263|297|2306|90|5.4|95.4|6|95.4
1264|298|2363|130|7.8|137.8|6|137.8
1265|298|2365|24|1.44|25.44|6|25.44
1266|298|2364|22.2|1.33|23.53|6|23.53
1267|299|2343|90|5.4|95.4|6|95.4
1268|299|2345|24|1.44|25.44|6|25.44
1269|299|2344|22.2|1.33|23.53|6|23.53
1270|300|2297|22.2|1.33|23.53|6|23.53
1271|300|2298|42|2.52|44.52|6|44.52
1272|300|2296|130|7.8|137.8|6|137.8
1273|301|2312|130|7.8|137.8|6|137.8
1274|301|2313|22.2|1.33|23.53|6|23.53
1275|301|2314|24|1.44|25.44|6|25.44
1276|302|2357|130|7.8|137.8|6|137.8
1277|302|2358|22.2|1.33|23.53|6|23.53
1278|302|2359|24|1.44|25.44|6|25.44
1279|303|2315|130|7.8|137.8|6|137.8
1280|303|2316|22.2|1.33|23.53|6|23.53
1281|303|2317|24|1.44|25.44|6|25.44
1282|304|836|20|1.2|21.2|6|21.2
1283|305|1160|150|0|150|6|150
1284|305|1159|23|1.38|24.38|6|24.38
1285|305|1210|350|21|371|6|371
1286|305|1211|21.68|1.3|22.98|6|22.98
1287|305|1212|27|1.62|28.62|6|28.62
1288|305|1157|240|14.4|254.4|6|254.4
1289|305|1213|30|0|30|6|30
1290|305|1158|27|1.62|28.62|6|28.62
1291|306|2354|130|7.8|137.8|6|137.8
1292|306|2356|24|1.44|25.44|6|25.44
1293|306|2355|22.2|1.33|23.53|6|23.53
1294|307|2321|130|7.8|137.8|6|137.8
1295|307|2324|24|1.44|25.44|6|25.44
1296|307|2322|22.2|1.33|23.53|6|23.53
1297|308|737|200|12|212|6|212
1298|308|725|150|0|150|6|150
1299|308|723|50|3|53|6|212
1300|309|1632|150|0|150|6|150
1301|309|1630|23|1.38|24.38|6|24.38
1302|309|1626|200|12|212|6|212
1303|309|1627|27|1.62|28.62|6|28.62
1304|310|1717|23|1.38|24.38|6|24.38
1305|310|1718|150|0|150|6|150
1306|310|1716|27|1.62|28.62|6|28.62
1307|310|1715|200|12|212|6|212
1308|311|1112|200|12|212|6|212
1309|311|1113|27|1.62|28.62|6|28.62
1310|311|1114|23|1.38|24.38|6|24.38
1311|311|1115|150|0|150|6|150
1312|312|1824|50|3|53|6|53
1313|312|1823|400|24|424|6|424
1314|312|1825|21.7|1.3|23|6|23
1315|313|2075|840|50.4|890.4|6|890.4
1316|314|2135|840|50.4|890.4|6|890.4
1317|315|1386|220|13.2|233.2|6|233.2
1318|315|1387|27|1.62|28.62|6|28.62
1319|315|1388|23|1.38|24.38|6|24.38
1320|315|1389|150|0|150|6|150
1321|316|2971|59.53|3.57|63.1|6|63.1
1322|316|2969|330|19.8|349.8|6|349.8
1323|316|2970|35|2.1|37.1|6|37.1
1324|316|2972|50|0|50|6|50
1325|317|767|80|4.8|84.8|6|84.8
1326|317|768|15|0.9|15.9|6|15.9
1327|317|769|15|0.9|15.9|6|15.9
1328|317|2531|50|0|50|6|50
1329|317|1804|15|0.9|15.9|6|15.9
1330|317|1805|15|0.9|15.9|6|15.9
1331|317|1803|80|4.8|84.8|6|84.8
1332|317|1878|200|12|212|6|212
1333|317|1880|27|1.62|28.62|6|28.62
1334|317|1881|23|1.38|24.38|6|24.38
1335|317|1882|150|0|150|6|150
1336|317|2537|50|3|53|6|53
1337|317|2538|1200|72|1272|6|1272
1338|318|2479|50|3|53|6|53
1339|318|2480|33|1.98|34.98|6|34.98
1340|318|2481|15|0.9|15.9|6|15.9
1341|319|193|200|12|212|6|212
1342|319|194|27|1.62|28.62|6|28.62
1343|319|196|150|0|150|6|150
1344|319|195|23|1.38|24.38|6|24.38
1345|319|1754|50|0|50|6|50
1346|320|766|840|50.4|890.4|6|890.4
1347|320|1580|200|12|212|6|212
1348|320|1582|27|1.62|28.62|6|28.62
1349|320|1583|23|1.38|24.38|6|24.38
1350|320|1584|150|0|150|6|150
1351|321|862|90|5.4|95.4|6|95.4
1352|321|863|80|4.8|84.8|6|84.8
1353|321|871|66|3.96|69.96|6|69.96
1354|321|865|20|1.2|21.2|6|21.2
1355|321|864|25|1.5|26.5|6|26.5
1356|321|866|15.23|0.91|16.14|6|16.14
1357|321|1806|300|18|318|6|318
1358|321|1807|40|2.4|42.4|6|42.4
1359|321|1808|30|1.8|31.8|6|31.8
1360|321|2215|216|0|216|6|216
1361|321|2216|216|0|216|6|216
1362|321|2217|40|0|40|6|40
1363|321|2218|30|1.8|31.8|6|31.8
1364|322|2415|840|50.4|890.4|6|890.4
1365|323|1526|10|0|10|6|10
1366|323|2182|350|21|371|6|371
1367|323|2183|90|5.4|95.4|6|95.4
1368|323|2186|50|3|53|6|53
1369|323|2187|200|12|212|6|212
1370|323|2191|52|3.12|55.12|6|55.12
1371|323|2193|30|0|30|6|30
1372|323|2194|150|0|150|6|150
1373|323|2192|33|1.98|34.98|6|34.98
1374|323|2184|250|15|265|6|265
1375|323|2418|56|3.36|59.36|6|59.36
1376|323|2421|15|0.9|15.9|6|15.9
1377|324|2623|200|12|212|6|212
1378|324|2624|27|1.62|28.62|6|28.62
1379|324|2625|23|1.38|24.38|6|24.38
1380|324|2626|150|0|150|6|150
1381|325|1439|28|1.68|29.68|6|29.68
1382|325|1440|20.02|1.2|21.22|6|21.22
1383|326|2687|840|50.4|890.4|6|890.4
1384|327|2683|840|50.4|890.4|6|890.4
1385|328|2926|100|6|106|6|106
1386|328|2927|15|0.9|15.9|6|15.9
1387|328|2928|15|0.9|15.9|6|15.9
1388|329|2939|50|0|50|6|50
1389|330|2392|840|50.4|890.4|6|890.4
1390|331|1973|840|50.4|890.4|6|890.4
1391|332|3056|330|19.8|349.8|6|349.8
1392|332|3061|35|2.1|37.1|6|37.1
1393|332|3063|59.53|3.57|63.1|6|63.1
1394|332|3066|50|0|50|6|50
1395|333|2593|44|2.64|46.64|6|46.64
1396|333|2594|24|1.44|25.44|6|25.44
1397|334|1866|100|6|106|6|106
1398|334|1867|24|1.44|25.44|6|25.44
1399|334|1868|16|0.96|16.96|6|16.96
1400|334|1869|15|0.9|15.9|6|15.9
1401|335|2708|70|4.2|74.2|6|74.2
1402|335|2720|25|1.5|26.5|6|26.5
1403|335|2722|15|0.9|15.9|6|15.9
1404|336|2598|15|0.9|15.9|6|15.9
1405|336|2596|50|3|53|6|53
1406|336|2597|20|1.2|21.2|6|21.2
1407|337|2394|27|1.62|28.62|6|28.62
1408|337|2395|23|1.38|24.38|6|24.38
1409|337|2396|150|0|150|6|150
1410|337|2393|200|12|212|6|212
1411|337|1947|800.59|48.04|848.63|6|890.4
1412|338|230|840|50.4|890.4|6|890.4
1413|338|2712|400|24|424|6|424
1414|338|2713|140|8.4|148.4|6|148.4
1415|338|2714|50|0|50|6|50
1416|338|2715|30|0|30|6|30
1417|338|2716|30|1.8|31.8|6|31.8
1418|338|2717|25|1.5|26.5|6|26.5
1419|339|325|34|2.04|36.04|6|36.04
1420|339|1646|150|9|159|6|159
1421|339|1647|80|4.8|84.8|6|84.8
1422|339|1648|27|1.62|28.62|6|28.62
1423|339|1765|15|0.9|15.9|6|15.9
1424|339|1764|261|15.66|276.66|6|276.66
1425|339|1649|15|0.9|15.9|6|15.9
1426|340|2383|50|3|53|6|53
1427|340|2384|100|0|100|6|100
1428|340|2267|200|12|212|6|212
1429|340|2268|27|1.62|28.62|6|28.62
1430|340|2269|23|1.38|24.38|6|24.38
1431|340|2270|150|0|150|6|150
1432|341|2834|15|0.9|15.9|6|15.9
1433|341|2833|20|1.2|21.2|6|21.2
1434|341|2444|15|0.9|15.9|6|15.9
1435|341|2445|15|0.9|15.9|6|15.9
1436|341|2443|50|3|53|6|53
1437|342|2582|200|12|212|6|212
1438|342|2583|27|1.62|28.62|6|28.62
1439|342|2584|23|1.38|24.38|6|24.38
1440|342|2585|150|0|150|6|150
1441|343|2639|150|0|150|6|150
1442|343|2682|18|1.08|19.08|6|19.08
1443|343|2635|200|12|212|6|212
1444|343|2636|27|1.62|28.62|6|28.62
1445|343|2638|23|1.38|24.38|6|24.38
1446|344|2136|840|50.4|890.4|6|890.4
1447|345|2253|140|8.4|148.4|6|148.4
1448|345|2254|50|0|50|6|50
1449|345|2120|36|2.16|38.16|6|38.16
1450|345|2121|34|2.04|36.04|6|36.04
1451|345|2119|200|12|212|6|212
1452|345|2122|150|0|150|6|150
1453|346|2199|150|0|150|6|150
1454|346|2197|27|1.62|28.62|6|28.62
1455|346|2198|21.68|1.3|22.98|6|22.98
1456|346|2196|200|12|212|6|212
1457|346|2201|140|8.4|148.4|6|148.4
1458|346|2200|50|0|50|6|50
1459|347|2387|840|50.4|890.4|6|890.4
1460|348|2891|50|3|53|6|53
1461|348|2894|50|0|50|6|50
1462|348|2893|15|0.9|15.9|6|15.9
1463|348|2892|15.19|0.91|16.1|6|16.1
1464|349|2850|170|10.2|180.2|6|180.2
1465|349|2851|27|1.62|28.62|6|28.62
1466|349|2852|21.68|1.3|22.98|6|22.98
1467|349|2853|50|0|50|6|50
1468|350|2162|200|12|212|6|212
1469|350|2163|27|1.62|28.62|6|28.62
1470|350|2164|23|1.38|24.38|6|24.38
1471|350|2165|150|0|150|6|150
1472|351|2057|200|12|212|6|212
1473|351|2058|27|1.62|28.62|6|28.62
1474|351|2059|150|0|150|6|150
1475|351|2060|23|1.38|24.38|6|24.38
1476|352|3133|160|9.6|169.6|6|169.6
1477|352|3135|89.62|5.38|95|6|95
1478|352|3134|150|9|159|6|159
1479|352|3136|1000|0|1000|6|1000
1480|352|3137|10|0.6|10.6|6|10.6
1481|352|3140|50|0|50|6|50
1482|352|3138|25|1.5|26.5|6|26.5
1483|352|3139|15|0.9|15.9|6|15.9
1484|352|3132|1390|83.4|1473.4|6|1473.4
1485|353|2694|840|50.4|890.4|6|890.4
1486|353|3113|50|3|53|6|53
1487|353|3115|24|1.44|25.44|6|25.44
1488|353|3114|17.4|1.04|18.44|6|18.44
1489|354|3009|840|50.4|890.4|6|890.4
1490|355|2643|150|0|150|6|150
1491|355|2640|200|12|212|6|212
1492|355|2641|27|1.62|28.62|6|28.62
1493|355|2642|23|1.38|24.38|6|24.38
1494|355|2646|50|3|53|6|53
1495|355|2662|18.02|1.08|19.1|6|19.1
1496|356|2997|840|50.4|890.4|6|890.4
1497|357|3151|15|0.9|15.9|6|15.9
1498|357|3152|15|0.9|15.9|6|15.9
1499|357|3150|50|3|53|6|53
1500|357|3017|50|3|53|6|53
1501|357|3018|15|0.9|15.9|6|15.9
1502|357|3019|15|0.9|15.9|6|15.9
1503|358|3014|50|3|53|6|53
1504|358|3015|15|0.9|15.9|6|15.9
1505|358|3016|15|0.9|15.9|6|15.9
1506|359|2860|150|0|150|6|150
1507|359|2858|27|1.62|28.62|6|28.62
1508|359|2859|23|1.38|24.38|6|24.38
1509|359|2857|260|15.6|275.6|6|275.6
1510|359|2689|840|50.4|890.4|6|890.4
1511|360|3002|840|50.4|890.4|6|890.4
1512|361|3119|80|4.8|84.8|6|84.8
1513|361|3120|15|0.9|15.9|6|15.9
1514|361|3020|15|0.9|15.9|6|15.9
1515|362|2604|200|12|212|6|212
1516|362|2605|63.77|3.83|67.6|6|67.6
1517|362|2606|84.34|5.06|89.4|6|89.4
1518|362|2615|1000|0|1000|6|1000
1519|362|2616|10|0.6|10.6|6|10.6
1520|362|2617|25|1.5|26.5|6|26.5
1521|362|2618|15|0.9|15.9|6|15.9
1522|362|2619|150|0|150|6|150
1523|362|2637|1520|91.2|1611.2|6|1611.2
1524|362|-2|0.8|0|0.8|0|0
1525|363|2554|50|3|53|6|53
1526|363|2574|50|3|53|6|53
1527|363|2575|100|0|100|6|100
1528|363|2473|150|0|150|6|150
1529|363|2470|200|12|212|6|212
1530|363|2471|27|1.62|28.62|6|28.62
1531|363|2472|23|1.38|24.38|6|24.38
1532|364|2607|140|8.4|148.4|6|148.4
1533|364|2608|27|1.62|28.62|6|28.62
1534|364|2609|21.68|1.3|22.98|6|22.98
1535|364|2610|50|0|50|6|50
1536|365|2974|200|12|212|6|212
1537|365|2975|27|1.62|28.62|6|28.62
1538|365|2976|23|1.38|24.38|6|24.38
1539|365|2977|150|0|150|6|150
1540|366|3154|45|2.7|47.7|6|47.7
1541|366|3156|30|0|30|6|30
1542|366|3157|100|6|106|6|106
1543|366|3158|15|0.9|15.9|6|15.9
1544|366|3159|45|2.7|47.7|6|47.7
1545|366|3155|30|1.8|31.8|6|31.8
1546|366|3153|200|12|212|6|212
1547|367|1829|43|2.58|45.58|6|45.58
1548|367|1826|280|16.8|296.8|6|296.8
1549|367|1830|33|1.98|34.98|6|34.98
1550|367|1828|840|50.4|890.4|6|890.4
1551|368|2741|150|9|159|6|159
1552|368|2742|27|1.62|28.62|6|28.62
1553|368|2743|15|0.9|15.9|6|15.9
1554|369|2718|150|9|159|6|159
1555|369|2719|27|1.62|28.62|6|28.62
1556|369|2721|15|0.9|15.9|6|15.9
1557|370|2737|150|9|159|6|159
1558|370|2738|27|1.62|28.62|6|28.62
1559|370|2739|15|0.9|15.9|6|15.9
1560|371|2734|150|9|159|6|159
1561|371|2736|15|0.9|15.9|6|15.9
1562|371|2735|27|1.62|28.62|6|28.62
1563|372|2951|70|4.2|74.2|6|74.2
1564|372|2952|25|1.5|26.5|6|26.5
1565|372|2953|20|1.2|21.2|6|21.2
1566|373|1745|10|0.6|10.6|6|10.6
1567|373|1746|24|1.44|25.44|6|25.44
1568|374|1747|10|0.6|10.6|6|10.6
1569|375|1763|214|12.84|226.84|6|226.84
1570|376|1938|22|1.32|23.32|6|23.32
1571|376|1939|15|0.9|15.9|6|15.9
1572|377|1535|23|1.38|24.38|6|24.38
1573|377|1536|150|0|150|6|150
1574|377|1533|200|12|212|6|212
1575|377|1534|27|1.62|28.62|6|28.62
1576|378|2084|140|8.4|148.4|6|148.4
1577|378|2086|27|1.62|28.62|6|28.62
1578|378|2090|50|0|50|6|50
1579|378|2089|21.68|1.3|22.98|6|22.98
1580|379|3006|840|50.4|890.4|6|890.4
1581|380|2483|200|12|212|6|212
1582|380|2486|27|1.62|28.62|6|28.62
1583|380|2505|23|1.38|24.38|6|24.38
1584|380|2506|150|0|150|6|150
1585|381|2686|840|50.4|890.4|6|890.4
1586|381|2507|200|12|212|6|212
1587|381|2508|27|1.62|28.62|6|28.62
1588|381|2509|23|1.38|24.38|6|24.38
1589|381|2510|150|0|150|6|150
1590|382|2515|200|12|212|6|212
1591|382|2516|27|1.62|28.62|6|28.62
1592|382|2517|23|1.38|24.38|6|24.38
1593|382|2518|150|0|150|6|150
1594|382|2390|840|50.4|890.4|6|890.4
1595|383|97|15|0.9|15.9|6|15.9
1596|383|95|50|3|53|6|53
1597|383|2551|23|1.38|24.38|6|24.38
1598|383|119|24.01|1.44|25.45|6|25.45
1599|383|96|15.8|0.95|16.75|6|16.75
1600|383|2550|27|1.62|28.62|6|28.62
1601|383|2552|150|0|150|6|150
1602|383|2549|280|16.8|296.8|6|296.8
1603|384|2526|300|18|318|6|318
1604|384|2528|27|1.62|28.62|6|28.62
1605|384|2529|23|1.38|24.38|6|24.38
1606|384|2530|150|0|150|6|150
1607|385|2243|70|4.2|74.2|6|74.2
1608|385|2250|30|1.8|31.8|6|31.8
1609|385|2244|90|5.4|95.4|6|95.4
1610|385|2249|45|2.7|47.7|6|47.7
1611|385|2245|200|12|212|6|212
1612|385|2246|140|8.4|148.4|6|148.4
1613|385|2247|30|0|30|6|30
1614|385|2248|50|0|50|6|50
1615|385|2571|80|4.8|84.8|6|84.8
1616|386|2546|30|1.8|31.8|6|31.8
1617|386|2548|24|1.44|25.44|6|25.44
1618|387|2744|850|51|901|6|901
1619|387|2745|38.4|2.3|40.7|6|40.7
1620|387|2746|40|2.4|42.4|6|42.4
1621|387|2747|100|0|100|6|100
1622|387|2748|15|0.9|15.9|6|15.9
1623|388|2957|50|3|53|6|53
1624|388|2960|50|0|50|6|50
1625|388|2958|56|3.36|59.36|6|59.36
1626|388|2959|140|8.4|148.4|6|148.4
1627|388|2961|35|2.1|37.1|6|37.1
1628|388|2962|25.04|1.5|26.54|6|26.54
1629|389|2840|170|10.2|180.2|6|180.2
1630|389|2841|25|1.5|26.5|6|26.5
1631|389|2842|15|0.9|15.9|6|15.9
1632|390|2590|90|5.4|95.4|6|95.4
1633|390|2591|21|1.26|22.26|6|22.26
1634|390|2592|24|1.44|25.44|6|25.44
1635|391|795|100|6|106|6|106
1636|391|796|15|0.9|15.9|6|15.9
1637|391|797|15|0.9|15.9|6|15.9
1638|391|826|50|3|53|6|53
1639|391|833|34|2.04|36.04|6|36.04
1640|391|881|15|0.9|15.9|6|15.9
1641|391|1490|40|2.4|42.4|6|42.4
1642|391|1487|120|7.2|127.2|6|127.2
1643|391|1489|15|0.9|15.9|6|15.9
1644|391|1488|24|1.44|25.44|6|25.44
1645|391|1722|150|0|150|6|150
1646|391|1720|27|1.62|28.62|6|28.62
1647|391|1719|410|24.6|434.6|6|434.6
1648|391|1721|22.43|1.35|23.78|6|24.38
1649|392|1072|850|51|901|6|901
1650|392|1073|100|0|100|6|100
1651|392|1074|15|0.9|15.9|6|15.9
1652|392|1075|40|2.4|42.4|6|42.4
1653|392|1076|38.4|2.3|40.7|6|40.7
1654|393|2822|850|51|901|6|901
1655|393|2825|100|0|100|6|100
1656|393|2823|38.4|2.3|40.7|6|40.7
1657|393|2824|40|2.4|42.4|6|42.4
1658|393|2830|15|0.9|15.9|6|15.9
1659|394|1494|15|0.9|15.9|6|15.9
1660|394|1492|50|3|53|6|53
1661|394|1493|35|2.1|37.1|6|37.1
1662|395|2572|50|3|53|6|53
1663|395|2573|100|0|100|6|100
1664|395|2532|200|12|212|6|212
1665|395|2533|27|1.62|28.62|6|28.62
1666|395|2534|23|1.38|24.38|6|24.38
1667|395|2535|150|0|150|6|150
1668|395|2266|10|0|10|6|10
1669|395|3224|840|50.4|890.4|6|890.4
1670|395|2474|3|0|3|6|3
1671|396|2377|400|24|424|6|424
1672|396|2378|30|0|30|6|30
1673|396|1929|140|8.4|148.4|6|148.4
1674|396|1932|50|0|50|6|50
1675|396|1931|20.38|1.22|21.6|6|21.6
1676|397|2381|400|24|424|6|424
1677|397|2382|30|0|30|6|30
1678|397|2031|20.38|1.22|21.6|6|21.6
1679|397|2032|50|0|50|6|50
1680|397|2029|140|8.4|148.4|6|180.2
1681|398|2376|30|0|30|6|30
1682|398|1950|140|8.4|148.4|6|148.4
1683|398|1951|50.38|3.02|53.4|6|53.4
1684|398|1952|50|0|50|6|50
1685|398|2375|400|24|424|6|424
1686|399|3315|19.5|1.17|20.67|6|20.67
1687|399|3316|33|1.98|34.98|6|34.98
1688|399|3314|280|16.8|296.8|6|296.8
1689|400|2380|30|0|30|6|30
1690|400|2037|150|9|159|6|159
1691|400|1923|210|12.6|222.6|6|222.6
1692|400|2038|50|0|50|6|50
1693|400|1924|36|2.16|38.16|6|38.16
1694|400|1925|34|2.04|36.04|6|36.04
1695|400|1926|150|0|150|6|150
1696|400|2379|390|23.4|413.4|6|424
1697|401|1935|840|50.4|890.4|6|890.4
1698|402|2600|27|1.62|28.62|6|28.62
1699|402|2602|150|0|150|6|150
1700|402|2599|200|12|212|6|212
1701|402|2601|23|1.38|24.38|6|24.38
1702|403|3391|27|1.62|28.62|6|28.62
1703|403|3392|23|1.38|24.38|6|24.38
1704|403|3390|200|12|212|6|212
1705|403|3393|150|0|150|6|150
1706|404|931|50|3|53|6|53
1707|404|932|25|1.5|26.5|6|26.5
1708|404|933|15|0.9|15.9|6|15.9
1709|404|1942|840|50.4|890.4|6|890.4
1710|404|2512|27|1.62|28.62|6|28.62
1711|404|2513|23|1.38|24.38|6|24.38
1712|404|2514|150|0|150|6|150
1713|404|2511|210|12.6|222.6|6|222.6
1714|405|2631|140|8.4|148.4|6|148.4
1715|405|2632|27|1.62|28.62|6|28.62
1716|405|2633|21.68|1.3|22.98|6|22.98
1717|405|2634|50|0|50|6|50
1718|406|873|310|18.6|328.6|6|328.6
1719|406|874|20.4|1.22|21.62|6|21.62
1720|406|875|51|3.06|54.06|6|54.06
1721|407|2699|22|1.32|23.32|6|23.32
1722|407|2701|840|50.4|890.4|6|890.4
1723|407|2698|200|12|212|6|212
1724|407|2700|48|2.88|50.88|6|50.88
1725|408|3452|25|1.5|26.5|6|26.5
1726|408|3451|70|4.2|74.2|6|74.2
1727|408|3453|15|0.9|15.9|6|15.9
1728|409|2723|150|9|159|6|159
1729|409|2724|27|1.62|28.62|6|28.62
1730|409|2725|15|0.9|15.9|6|15.9
1731|410|2729|150|9|159|6|159
1732|410|2733|15|0.9|15.9|6|15.9
1733|410|2732|27|1.62|28.62|6|28.62
1734|411|2078|27|1.62|28.62|6|28.62
1735|411|2076|140|8.4|148.4|6|148.4
1736|411|2077|21.68|1.3|22.98|6|22.98
1737|411|2586|220|13.2|233.2|6|233.2
1738|411|2587|27|1.62|28.62|6|28.62
1739|411|2588|23|1.38|24.38|6|24.38
1740|411|2589|150|0|150|6|150
1741|412|2944|140|8.4|148.4|6|148.4
1742|412|2945|27|1.62|28.62|6|28.62
1743|412|2946|21.68|1.3|22.98|6|22.98
1744|412|2947|50|0|50|6|50
1745|413|2446|50|3|53|6|53
1746|413|2447|140|8.4|148.4|6|148.4
1747|413|2448|250|15|265|6|265
1748|413|2449|100|6|106|6|106
1749|413|2450|50|3|53|6|53
1750|413|2451|40|2.4|42.4|6|42.4
1751|413|2452|15|0.9|15.9|6|15.9
1752|413|2453|400|0|400|6|400
1753|414|2173|250|15|265|6|265
1754|414|2174|33|1.98|34.98|6|34.98
1755|414|2178|440|26.4|466.4|6|466.4
1756|414|2177|33|1.98|34.98|6|34.98
1757|414|2149|300|18|318|6|318
1758|414|2150|33|1.98|34.98|6|34.98
1759|414|2153|24.6|1.48|26.08|6|26.08
1760|414|2155|30|0|30|6|30
1761|415|2146|80|4.8|84.8|6|84.8
1762|415|2147|33|1.98|34.98|6|34.98
1763|415|2148|15|0.9|15.9|6|15.9
1764|416|2806|110|6.6|116.6|6|116.6
1765|416|2807|270|16.2|286.2|6|286.2
1766|416|2809|30|0|30|6|30
1767|416|2810|10|0|10|6|10
1768|416|2811|50|0|50|6|50
1769|416|2812|55|3.3|58.3|6|58.3
1770|416|2804|400|24|424|6|424
1771|416|2813|35|2.1|37.1|6|37.1
1772|416|2805|90|5.4|95.4|6|95.4
1773|416|2808|140|8.4|148.4|6|148.4
1774|417|3457|50|3|53|6|53
1775|417|3461|16|0.96|16.96|6|16.96
1776|417|3462|25|1.5|26.5|6|26.5
1777|417|3463|20.04|1.2|21.24|6|21.24
1778|418|3527|350|21|371|6|371
1779|418|3238|550|33|583|6|583
1780|418|3239|25|1.5|26.5|6|26.5
1781|418|3240|30|1.8|31.8|6|31.8
1782|419|2112|100|6|106|6|106
1783|419|2113|90|5.4|95.4|6|95.4
1784|419|2114|250|15|265|6|265
1785|419|2126|3|0|3|6|3
1786|419|2127|30|1.8|31.8|6|31.8
1787|419|2128|25|1.5|26.5|6|26.5
1788|420|3449|50|3|53|6|53
1789|420|3450|45|2.7|47.7|6|47.7
1790|421|3245|150|0|150|6|150
1791|421|3242|200|12|212|6|212
1792|421|3243|27|1.62|28.62|6|28.62
1793|421|3244|23|1.38|24.38|6|24.38
1794|422|2937|15|0.9|15.9|6|15.9
1795|422|2935|10|0.6|10.6|6|10.6
1796|422|2929|550|33|583|6|583
1797|422|2936|25|1.5|26.5|6|26.5
1798|422|2932|150|9|159|6|159
1799|422|2938|1000|0|1000|6|1000
1800|422|2930|840|50.4|890.4|6|890.4
1801|422|2931|160|9.6|169.6|6|169.6
1802|422|2933|89.62|5.38|95|6|95
1803|422|2963|50|0|50|6|50
1804|423|2973|200|12|212|6|212
1805|423|2978|27|1.62|28.62|6|28.62
1806|423|2979|23|1.38|24.38|6|24.38
1807|423|2980|150|0|150|6|150
1808|424|3027|220|13.2|233.2|6|233.2
1809|424|2914|90|5.4|95.4|6|95.4
1810|424|2915|20|1.2|21.2|6|21.2
1811|424|2916|24|1.44|25.44|6|25.44
1812|424|3028|27|1.62|28.62|6|28.62
1813|424|3029|23|1.38|24.38|6|24.38
1814|424|3030|150|0|150|6|150
1815|425|2895|90|5.4|95.4|6|95.4
1816|425|2896|20|1.2|21.2|6|21.2
1817|425|2897|24|1.44|25.44|6|25.44
1818|426|2870|90|5.4|95.4|6|95.4
1819|426|2871|20|1.2|21.2|6|21.2
1820|426|2872|24|1.44|25.44|6|25.44
1821|427|2901|90|5.4|95.4|6|95.4
1822|427|2902|24|1.44|25.44|6|25.44
1823|427|2903|20|1.2|21.2|6|21.2
1824|428|2908|20|1.2|21.2|6|21.2
1825|428|2907|90|5.4|95.4|6|95.4
1826|428|2909|24|1.44|25.44|6|25.44
1827|429|2898|20|1.2|21.2|6|21.2
1828|429|2899|90|5.4|95.4|6|95.4
1829|429|2459|840|50.4|890.4|6|890.4
1830|429|2900|24|1.44|25.44|6|25.44
1831|430|2885|90|5.4|95.4|6|95.4
1832|430|2886|20|1.2|21.2|6|21.2
1833|430|2887|24|1.44|25.44|6|25.44
1834|430|3047|27|1.62|28.62|6|28.62
1835|430|3048|23|1.38|24.38|6|24.38
1836|430|3050|150|0|150|6|150
1837|430|3046|300|18|318|6|318
1838|431|2956|20|1.2|21.2|6|21.2
1839|431|2954|90|5.4|95.4|6|95.4
1840|431|3214|840|50.4|890.4|6|890.4
1841|431|2955|24|1.44|25.44|6|25.44
1842|432|2877|90|5.4|95.4|6|95.4
1843|432|2878|20|1.2|21.2|6|21.2
1844|432|2879|24|1.44|25.44|6|25.44
1845|433|2918|20|1.2|21.2|6|21.2
1846|433|2919|35|2.1|37.1|6|37.1
1847|433|2917|90|5.4|95.4|6|95.4
1848|433|2759|60|3.6|63.6|6|63.6
1849|434|2904|90|5.4|95.4|6|95.4
1850|434|2906|24|1.44|25.44|6|25.44
1851|434|2905|20|1.2|21.2|6|21.2
1852|435|2889|90|5.4|95.4|6|95.4
1853|435|2888|20|1.2|21.2|6|21.2
1854|435|2890|24|1.44|25.44|6|25.44
1855|436|2911|90|5.4|95.4|6|95.4
1856|436|2912|20|1.2|21.2|6|21.2
1857|436|2913|24|1.44|25.44|6|25.44
1858|437|2855|20|1.2|21.2|6|21.2
1859|437|2854|90|5.4|95.4|6|95.4
1860|437|2856|24|1.44|25.44|6|25.44
1861|438|2843|90|5.4|95.4|6|95.4
1862|438|2845|20|1.2|21.2|6|21.2
1863|438|2844|24|1.44|25.44|6|25.44
1864|439|2645|100|0|100|6|100
1865|439|2651|300|18|318|6|318
1866|439|2653|30|0|30|6|30
1867|439|2654|350|21|371|6|371
1868|439|2644|350|21|371|6|371
1869|439|2647|50|0|50|6|50
1870|439|2652|400|24|424|6|424
1871|439|2655|33|1.98|34.98|6|34.98
1872|439|2656|33|1.98|34.98|6|34.98
1873|440|3059|220|13.2|233.2|6|233.2
1874|440|3076|840|50.4|890.4|6|890.4
1875|440|3068|160|9.6|169.6|6|169.6
1876|440|3069|115|6.9|121.9|6|121.9
1877|440|3071|30.09|1.81|31.9|6|31.9
1878|440|3072|1000|0|1000|6|1000
1879|440|3073|10|0.6|10.6|6|10.6
1880|440|3074|25|1.5|26.5|6|26.5
1881|440|3075|15|0.9|15.9|6|15.9
1882|441|3128|250|15|265|6|265
1883|441|3129|42|2.52|44.52|6|44.52
1884|441|3130|18|1.08|19.08|6|19.08
1885|441|3131|2031|0|2031|6|2031
1886|442|2024|200|12|212|6|212
1887|442|2025|27|1.62|28.62|6|28.62
1888|442|2026|23|1.38|24.38|6|24.38
1889|442|2027|150|0|150|6|150
1890|443|2304|23|1.38|24.38|6|24.38
1891|443|2302|200|12|212|6|212
1892|443|2303|27|1.62|28.62|6|28.62
1893|443|2305|150|0|150|6|150
1894|443|2409|840|50.4|890.4|6|890.4
1895|444|553|43|2.58|45.58|6|45.58
1896|444|552|250|15|265|6|265
1897|444|554|30|1.8|31.8|6|31.8
1898|444|2648|78|4.68|82.68|6|82.68
1899|444|1768|33|1.98|34.98|6|34.98
1900|444|2650|15|0.9|15.9|6|15.9
1901|444|1766|50|3|53|6|53
1902|444|1767|15|0.9|15.9|6|15.9
1903|444|2649|15|0.9|15.9|6|15.9
1904|444|2015|200|12|212|6|212
1905|444|2018|25|1.5|26.5|6|26.5
1906|444|2019|50|3|53|6|53
1907|444|2017|20.7|1.24|21.94|6|21.94
1908|444|2020|50|3|53|6|53
1909|444|2044|30|0|30|6|30
1910|444|2023|30|1.8|31.8|6|31.8
1911|444|2367|20|1.2|21.2|6|21.2
1912|444|2016|15|0.9|15.9|6|15.9
1913|444|2022|30|1.8|31.8|6|31.8
1914|444|2021|44|2.64|46.64|6|46.64
1915|444|2368|15|0.9|15.9|6|15.9
1916|444|2110|23.1|1.39|24.49|6|24.49
1917|444|2111|15|0.9|15.9|6|15.9
1918|444|2109|18|1.08|19.08|6|19.08
1919|445|2611|200|12|212|6|212
1920|445|2612|27|1.62|28.62|6|28.62
1921|445|2614|150|0|150|6|150
1922|445|2613|23|1.38|24.38|6|24.38
1923|446|3539|80|4.8|84.8|6|84.8
1924|446|3540|15|0.9|15.9|6|15.9
1925|446|3541|15|0.9|15.9|6|15.9
1926|447|2985|160|9.6|169.6|6|169.6
1927|447|2984|1030.84|61.85|1092.69|6|1092.69
1928|447|2986|80|4.8|84.8|6|84.8
1929|447|2987|94.25|5.66|99.91|6|99.91
1930|447|3010|1000|0|1000|6|1000
1931|447|3011|10|0.6|10.6|6|10.6
1932|447|3012|15|0.9|15.9|6|15.9
1933|447|3013|25|1.5|26.5|6|26.5
1934|448|3484|50|3|53|6|53
1935|448|3485|25|1.5|26.5|6|26.5
1936|448|3486|15|0.9|15.9|6|15.9
1937|449|3322|300|18|318|6|318
1938|449|3324|15|0.9|15.9|6|15.9
1939|449|3325|840|50.4|890.4|6|890.4
1940|449|3323|24|1.44|25.44|6|25.44
1941|450|2965|160|9.6|169.6|6|169.6
1942|450|2968|50|0|50|6|50
1943|450|2966|26|1.56|27.56|6|27.56
1944|450|2967|24|1.44|25.44|6|25.44
1945|450|2964|90|5.4|95.4|6|95.4
1946|451|3166|23|1.38|24.38|6|24.38
1947|451|3167|150|0|150|6|150
1948|451|3165|27|1.62|28.62|6|28.62
1949|451|3163|270|16.2|286.2|6|286.2
1950|452|2100|200|12|212|6|212
1951|452|2102|23|1.38|24.38|6|24.38
1952|452|2101|27|1.62|28.62|6|28.62
1953|452|2103|150|0|150|6|150
1954|452|2136|840|50.4|890.4|6|890.4
1955|453|1971|651.32|39.08|690.4|6|890.4
1956|454|2256|27|1.62|28.62|6|28.62
1957|454|2257|23|1.38|24.38|6|24.38
1958|454|2258|150|0|150|6|150
1959|454|2123|260|15.6|275.6|6|275.6
1960|454|2994|840|50.4|890.4|6|890.4
1961|455|2557|23|1.38|24.38|6|24.38
1962|455|2555|200|12|212|6|212
1963|455|2556|27|1.62|28.62|6|28.62
1964|455|2558|150|0|150|6|150
1965|456|209|300|18|318|6|318
1966|456|210|27|1.62|28.62|6|28.62
1967|456|211|20.6|1.24|21.84|6|21.84
1968|456|1358|56|3.36|59.36|6|59.36
1969|456|1359|15|0.9|15.9|6|15.9
1970|456|1874|50|3|53|6|53
1971|456|1875|80|4.8|84.8|6|84.8
1972|456|1876|15|0.9|15.9|6|15.9
1973|456|1877|15|0.9|15.9|6|15.9
1974|456|3339|23|1.38|24.38|6|24.38
1975|456|3341|150|0|150|6|150
1976|456|3295|840|50.4|890.4|6|890.4
1977|456|3335|200|12|212|6|212
1978|456|3337|27|1.62|28.62|6|28.62
1979|457|3182|12|0.72|12.72|6|12.72
1980|457|3183|15|0.9|15.9|6|15.9
1981|458|2873|200|12|212|6|212
1982|458|2874|27|1.62|28.62|6|28.62
1983|458|2875|23|1.38|24.38|6|24.38
1984|458|2876|150|0|150|6|150
1985|459|2948|150|9|159|6|159
1986|459|2949|15|0.9|15.9|6|15.9
1987|459|2950|15|0.9|15.9|6|15.9
1988|459|3468|300|18|318|6|318
1989|459|3528|840|50.4|890.4|6|890.4
1990|459|3469|27|1.62|28.62|6|28.62
1991|459|3470|23|1.38|24.38|6|24.38
1992|459|3471|150|0|150|6|150
1993|460|3387|350|21|371|6|371
1994|460|3388|36|2.16|38.16|6|38.16
1995|460|3389|30.04|1.8|31.84|6|31.84
1996|461|3748|15|0.9|15.9|6|15.9
1997|462|2256|27|1.62|28.62|6|28.62
1998|462|2257|23|1.38|24.38|6|24.38
1999|462|2258|150|0|150|6|150
2000|462|2123|260|15.6|275.6|6|275.6
2001|462|2994|840|50.4|890.4|6|890.4
2002|463|2035|23|1.38|24.38|6|24.38
2003|463|2036|150|0|150|6|150
2004|463|2034|27|1.62|28.62|6|28.62
2005|463|2033|200|12|212|6|212
2006|464|3249|50|0|50|6|50
2007|464|3247|27|1.62|28.62|6|28.62
2008|464|3248|15|0.9|15.9|6|15.9
2009|464|3246|140|8.4|148.4|6|148.4
2010|464|1960|840|50.4|890.4|6|890.4
2011|465|3226|64|3.84|67.84|6|67.84
2012|466|3204|54|3.24|57.24|6|57.24
2013|466|3205|15|0.9|15.9|6|15.9
2014|467|2787|140|8.4|148.4|6|148.4
2015|467|2788|27|1.62|28.62|6|28.62
2016|467|2789|21.68|1.3|22.98|6|22.98
2017|467|2790|50|0|50|6|50
2018|468|517|24|1.44|25.44|6|25.44
2019|468|516|42|2.52|44.52|6|44.52
2020|468|515|52|3.12|55.12|6|55.12
2021|468|318|4|0.24|4.24|6|4.24
2022|468|2754|15|0.9|15.9|6|15.9
2023|468|2752|50|3|53|6|53
2024|468|2753|20|1.2|21.2|6|21.2
2025|468|2139|12|0.72|12.72|6|12.72
2026|468|2140|20.4|1.22|21.62|6|21.62
2027|468|2157|15|0.9|15.9|6|15.9
2028|468|3184|12|0.72|12.72|6|12.72
2029|468|3185|15|0.9|15.9|6|15.9
2030|468|3032|200|12|212|6|212
2031|468|3035|30|0|30|6|30
2032|468|3033|42|2.52|44.52|6|44.52
2033|468|3034|30|1.8|31.8|6|31.8
2034|469|3116|108|6.48|114.48|6|114.48
2035|469|3118|15.9|0|15.9|6|15.9
2036|469|3117|15|0.9|15.9|6|15.9
2037|469|3262|60|3.6|63.6|6|63.6
2038|469|3263|24|1.44|25.44|6|25.44
2039|469|3266|30|0|30|6|30
2040|469|3265|15|0.9|15.9|6|15.9
2041|469|3267|7.5|0.45|7.95|6|7.95
2042|469|3264|16.14|0.97|17.11|6|17.11
2043|470|2208|300|18|318|6|318
2044|470|2210|15|0.9|15.9|6|15.9
2045|470|2209|24|1.44|25.44|6|25.44
2046|471|2106|300|18|318|6|318
2047|471|2107|24|1.44|25.44|6|25.44
2048|471|2108|15|0.9|15.9|6|15.9
2049|472|2595|100|0|100|6|100
2050|472|2566|100|0|100|6|100
2051|472|2561|100|6|106|6|106
2052|472|2559|380|22.8|402.8|6|402.8
2053|472|2560|100|6|106|6|106
2054|472|2562|280|16.8|296.8|6|296.8
2055|472|2563|57|3.42|60.42|6|60.42
2056|472|2567|100|0|100|6|100
2057|472|2564|31.02|1.86|32.88|6|32.88
2058|472|2565|100|0|100|6|100
2059|473|2397|840|50.4|890.4|6|890.4
2060|474|1911|200|12|212|6|212
2061|474|1912|27|1.62|28.62|6|28.62
2062|474|1913|23|1.38|24.38|6|24.38
2063|474|1914|150|0|150|6|150
2064|474|2460|840|50.4|890.4|6|890.4
2065|475|3258|200|12|212|6|212
2066|475|3259|27|1.62|28.62|6|28.62
2067|475|3260|23|1.38|24.38|6|24.38
2068|475|3261|150|0|150|6|150
2069|476|3220|840|50.4|890.4|6|890.4
2070|477|3253|26.98|1.62|28.6|6|28.62
2071|477|3254|23|1.38|24.38|6|24.38
2072|477|3255|150|0|150|6|150
2073|477|3252|200|12|212|6|212
2074|478|3670|420|25.2|445.2|6|445.2
2075|479|3003|840|50.4|890.4|6|890.4
2076|480|2402|150|0|150|6|150
2077|480|2399|200|12|212|6|212
2078|480|2400|27|1.62|28.62|6|28.62
2079|480|2401|23|1.38|24.38|6|24.38
2080|480|3003|840|50.4|890.4|6|890.4
2081|481|3483|840|50.4|890.4|6|890.4
2082|482|3707|59.53|3.57|63.1|6|63.1
2083|482|3705|330|19.8|349.8|6|349.8
2084|482|3706|35|2.1|37.1|6|37.1
2085|482|3708|50|0|50|6|50
2086|483|3713|330|19.8|349.8|6|349.8
2087|483|3714|59.53|3.57|63.1|6|63.1
2088|483|3715|35|2.1|37.1|6|37.1
2089|483|3716|50|0|50|6|50
2090|484|3724|10|0.6|10.6|6|10.6
2091|484|3725|25|1.5|26.5|6|26.5
2092|484|3726|15|0.9|15.9|6|15.9
2093|484|3727|50|0|50|6|50
2094|484|3717|1060|63.6|1123.6|6|1123.6
2095|484|3720|160|9.6|169.6|6|169.6
2096|484|3721|115|6.9|121.9|6|121.9
2097|484|3722|30.09|1.81|31.9|6|31.9
2098|484|3723|1000|0|1000|6|1000
2099|485|2279|27|1.62|28.62|6|28.62
2100|485|2281|150|0|150|6|150
2101|485|2278|200|12|212|6|212
2102|485|2280|23|1.38|24.38|6|24.38
2103|486|2519|200|12|212|6|212
2104|486|2520|27|1.62|28.62|6|28.62
2105|486|2521|23|1.38|24.38|6|24.38
2106|486|2522|150|0|150|6|150
2107|487|3433|72|4.32|76.32|6|76.32
2108|487|3434|24|1.44|25.44|6|25.44
2109|488|3302|5|0.3|5.3|6|5.3
2110|488|3303|156|9.36|165.36|6|165.36
2111|489|3413|230|13.8|243.8|6|243.8
2112|489|3415|27|1.62|28.62|6|28.62
2113|489|3416|23|1.38|24.38|6|24.38
2114|490|3321|150|0|150|6|150
2115|490|3319|27|1.62|28.62|6|28.62
2116|490|3320|23|1.38|24.38|6|24.38
2117|490|3318|200|12|212|6|212
2118|491|3345|27|1.62|28.62|6|28.62
2119|491|3344|200|12|212|6|212
2120|491|3346|23|1.38|24.38|6|24.38
2121|491|3347|150|0|150|6|150
2122|492|2542|200|12|212|6|212
2123|492|2543|27|1.62|28.62|6|28.62
2124|492|2544|23|1.38|24.38|6|24.38
2125|492|2545|150|0|150|6|150
2126|493|3823|400|24|424|6|424
2127|493|3824|71.7|4.3|76|6|76
2128|493|3825|16450|0|16450|6|16450
2129|493|3826|10|0|10|6|10
2130|493|3827|3.02|0.18|3.2|6|3.2
2131|494|3170|50|3|53|6|53
2132|494|3169|2000|120|2120|6|2120
2133|494|3171|21.7|1.3|23|6|23
2134|494|3172|500|30|530|6|530
2135|494|3421|28.3|1.7|30|6|30
2136|494|3422|6860|0|6860|6|6860
2137|495|814|90|5.4|95.4|6|95.4
2138|495|815|140|8.4|148.4|6|148.4
2139|495|816|27|1.62|28.62|6|28.62
2140|495|817|21.68|1.3|22.98|6|22.98
2141|495|818|50|0|50|6|50
2142|496|3229|45|2.7|47.7|6|47.7
2143|496|3230|25|1.5|26.5|6|26.5
2144|496|3231|50|0|50|6|50
2145|496|3232|50|0|50|6|50
2146|496|3228|200|12|212|6|212
2147|497|3828|50|3|53|6|53
2148|497|3829|15.9|0|15.9|6|15.9
2149|498|3816|160|9.6|169.6|6|169.6
2150|498|3818|30.09|1.81|31.9|6|31.9
2151|498|3820|10|0.6|10.6|6|10.6
2152|498|3821|25|1.5|26.5|6|26.5
2153|498|3822|15|0.9|15.9|6|15.9
2154|498|3815|1060|63.6|1123.6|6|1123.6
2155|498|3817|115|6.9|121.9|6|121.9
2156|498|3819|1000|0|1000|6|1000
2157|499|2282|50|3|53|6|53
2158|499|2283|33|1.98|34.98|6|34.98
2159|499|2284|15|0.9|15.9|6|15.9
2160|499|1955|840|50.4|890.4|6|890.4
2161|499|3709|36|2.16|38.16|6|38.16
2162|499|3710|24|1.44|25.44|6|25.44
2163|500|3225|840|50.4|890.4|6|890.4
2164|501|2347|27|1.62|28.62|6|28.62
2165|501|2348|21.68|1.3|22.98|6|22.98
2166|501|2346|140|8.4|148.4|6|148.4
2167|501|2349|50|0|50|6|50
2168|502|3642|27|1.62|28.62|6|28.62
2169|502|3643|23|1.38|24.38|6|24.38
2170|502|3644|150|0|150|6|150
2171|502|3641|210|12.6|222.6|6|222.6
2172|503|564|35|2.1|37.1|6|37.1
2173|503|565|23.08|1.38|24.46|6|24.46
2174|503|549|24|1.44|25.44|6|25.44
2175|503|563|80|4.8|84.8|6|84.8
2176|503|3658|21.68|1.3|22.98|6|22.98
2177|503|3656|140|8.4|148.4|6|148.4
2178|503|3657|27|1.62|28.62|6|28.62
2179|503|3659|50|0|50|6|50
2180|504|835|20|1.2|21.2|6|21.2
2181|504|837|24|1.44|25.44|6|25.44
2182|505|3384|840|50.4|890.4|6|890.4
2183|506|3651|140|8.4|148.4|6|148.4
2184|506|3652|27|1.62|28.62|6|28.62
2185|506|3653|21.68|1.3|22.98|6|22.98
2186|506|3654|50|0|50|6|50
2187|507|3174|50|3|53|6|53
2188|507|3175|150|9|159|6|159
2189|507|3177|15|0.9|15.9|6|15.9
2190|507|3176|15|0.9|15.9|6|15.9
2191|508|2864|150|0|150|6|150
2192|508|2861|340|20.4|360.4|6|360.4
2193|508|2863|23|1.38|24.38|6|24.38
2194|508|2862|27|1.62|28.62|6|28.62
2195|508|2818|200|12|212|6|212
2196|508|2819|15|0.9|15.9|6|15.9
2197|508|2820|15|0.9|15.9|6|15.9
2198|508|3004|840|50.4|890.4|6|890.4
2199|508|3312|120|7.2|127.2|6|127.2
2200|508|3313|15|0.9|15.9|6|15.9
2201|508|3628|50|3|53|6|53
2202|508|3629|15|0.9|15.9|6|15.9
2203|509|3630|140|8.4|148.4|6|148.4
2204|509|3631|27|1.62|28.62|6|28.62
2205|509|3632|21.68|1.3|22.98|6|22.98
2206|509|3633|50|0|50|6|50
2207|510|3211|840|50.4|890.4|6|890.4
2208|511|2784|130|7.8|137.8|6|137.8
2209|511|2785|27|1.62|28.62|6|28.62
2210|511|2786|23|1.38|24.38|6|24.38
2211|512|2982|25|1.5|26.5|6|26.5
2212|512|2983|15|0.9|15.9|6|15.9
2213|512|2981|140|8.4|148.4|6|148.4
2214|512|3349|25|1.5|26.5|6|26.5
2215|512|3348|50|3|53|6|53
2216|512|3350|75|4.5|79.5|6|79.5
2217|513|3728|150|9|159|6|159
2218|513|3729|15|0.9|15.9|6|15.9
2219|513|3730|15|0.9|15.9|6|15.9
2220|514|3811|140|8.4|148.4|6|148.4
2221|514|3812|27|1.62|28.62|6|28.62
2222|514|3813|21.68|1.3|22.98|6|22.98
2223|514|3814|50|0|50|6|50
2224|515|1928|24|1.44|25.44|6|25.44
2225|515|1927|80|4.8|84.8|6|84.8
2226|515|3399|140|8.4|148.4|6|148.4
2227|515|3401|21.68|1.3|22.98|6|22.98
2228|515|3400|27|1.62|28.62|6|28.62
2229|515|3402|50|0|50|6|50
2230|516|3516|60|3.6|63.6|6|63.6
2231|516|3518|25|1.5|26.5|6|26.5
2232|516|3515|100|6|106|6|106
2233|516|3517|35|2.1|37.1|6|37.1
2234|517|2388|840|50.4|890.4|6|890.4
2235|517|3549|200|12|212|6|212
2236|517|3550|27|1.62|28.62|6|28.62
2237|517|3551|23|1.38|24.38|6|24.38
2238|517|3552|150|0|150|6|150
2239|518|3530|27|1.62|28.62|6|28.62
2240|518|3531|23|1.38|24.38|6|24.38
2241|518|3529|200|12|212|6|212
2242|518|3532|150|0|150|6|150
2243|519|3789|840|50.4|890.4|6|890.4
2244|520|3489|240|14.4|254.4|6|254.4
2245|520|3490|27|1.62|28.62|6|28.62
2246|520|3491|23|1.38|24.38|6|24.38
2247|520|3492|150|0|150|6|150
2248|521|3667|840|50.4|890.4|6|890.4
2249|522|3481|24|1.44|25.44|6|25.44
2250|523|3893|500|0|500|6|500
2251|524|3884|35|2.1|37.1|6|37.1
2252|524|3910|30|0|30|6|30
2253|524|3886|30|1.8|31.8|6|31.8
2254|524|3883|330|19.8|349.8|6|349.8
2255|524|3902|300|18|318|6|318
2256|524|3891|15|0.9|15.9|6|15.9
2257|524|3892|195|11.7|206.7|6|206.7
2258|524|3890|50|3|53|6|53
2259|525|4082|400|24|424|6|424
2260|525|4084|50|3|53|6|53
2261|525|4085|21.7|1.3|23|6|23
2262|526|4062|1342.26|80.54|1422.8|6|1422.8
2263|526|4055|50|0|50|6|50
2264|526|4056|400|0|400|6|400
2265|526|4057|70|4.2|74.2|6|74.2
2266|526|4058|50|3|53|6|53
2267|527|4098|200|12|212|6|212
2268|527|4099|50|3|53|6|53
2269|527|4100|708.35|42.5|750.85|6|750.85
2270|527|4101|30|1.8|31.8|6|31.8
2271|528|3222|840|50.4|890.4|6|890.4
2272|528|3590|200|12|212|6|212
2273|528|3591|27|1.62|28.62|6|28.62
2274|528|3592|23|1.38|24.38|6|24.38
2275|528|3593|150|0|150|6|150
2276|529|707|25|1.5|26.5|6|26.5
2277|529|708|20|1.2|21.2|6|21.2
2278|529|706|110|6.6|116.6|6|116.6
2279|529|810|130|7.8|137.8|6|137.8
2280|529|811|27|1.62|28.62|6|28.62
2281|529|812|21.68|1.3|22.98|6|22.98
2282|530|3972|50|0|50|6|50
2283|531|3186|200|12|212|6|212
2284|531|3187|30|1.8|31.8|6|31.8
2285|531|3188|20|1.2|21.2|6|21.2
2286|532|2988|950|57|1007|6|1007
2287|532|2989|32.74|1.96|34.7|6|34.7
2288|532|2991|100|0|100|6|100
2289|532|2992|15|0.9|15.9|6|15.9
2290|532|2990|40|2.4|42.4|6|42.4
2291|533|2791|140|8.4|148.4|6|148.4
2292|533|2794|50|0|50|6|50
2293|533|2792|21.68|1.3|22.98|6|22.98
2294|533|2793|27|1.62|28.62|6|28.62
2295|534|4110|840|50.4|890.4|6|890.4
2296|535|3732|270|16.2|286.2|6|286.2
2297|535|3734|50|3|53|6|53
2298|535|3731|110|6.6|116.6|6|169.6
2299|536|3735|80|4.8|84.8|6|84.8
2300|536|3736|50|0|50|6|50
2301|536|3737|100|0|100|6|100
2302|536|3738|25|1.5|26.5|6|26.5
2303|536|3733|250|15|265|6|265
2304|536|3731|50|3|53|6|53
2305|536|4348|84|0|84|6|84
2306|537|3411|200|12|212|6|212
2307|537|3412|27|1.62|28.62|6|28.62
2308|537|3414|23|1.38|24.38|6|24.38
2309|537|3417|150|0|150|6|150
2310|537|3464|840|50.4|890.4|6|890.4
2311|538|3931|60|3.6|63.6|6|63.6
2312|538|3932|46|2.76|48.76|6|48.76
2313|538|3933|30|1.8|31.8|6|31.8
2314|538|3934|25.04|1.5|26.54|6|26.54
2315|539|3582|36|2.16|38.16|6|38.16
2316|539|3581|200|12|212|6|212
2317|539|3588|140|8.4|148.4|6|148.4
2318|539|3584|150|0|150|6|150
2319|539|3589|50|0|50|6|50
2320|539|3583|34|2.04|36.04|6|36.04
2321|540|3141|600|36|636|6|636
2322|540|3142|27|1.62|28.62|6|28.62
2323|540|3143|21|1.26|22.26|6|22.26
2324|541|3669|840|50.4|890.4|6|890.4
2325|542|3668|840|50.4|890.4|6|890.4
2326|543|3674|50|3|53|6|53
2327|543|3675|15|0.9|15.9|6|15.9
2328|544|3570|200|12|212|6|212
2329|544|3571|27|1.62|28.62|6|28.62
2330|544|3572|23|1.38|24.38|6|24.38
2331|544|3573|150|0|150|6|150
2332|544|3964|50|3|53|6|53
2333|544|3965|30.19|1.81|32|6|34.98
2334|545|3435|200|12|212|6|212
2335|545|3436|27|1.62|28.62|6|28.62
2336|545|3437|23|1.38|24.38|6|24.38
2337|545|3438|150|0|150|6|150
2338|546|3921|27|1.62|28.62|6|28.62
2339|546|3920|200|12|212|6|212
2340|546|3922|23|1.38|24.38|6|24.38
2341|546|3923|150|0|150|6|150
2342|547|1708|200|12|212|6|212
2343|547|1709|27|1.62|28.62|6|28.62
2344|547|1710|23|1.38|24.38|6|24.38
2345|547|1711|150|0|150|6|150
2346|548|3444|140|8.4|148.4|6|148.4
2347|548|3445|27|1.62|28.62|6|28.62
2348|548|3446|21.68|1.3|22.98|6|22.98
2349|549|3223|840|50.4|890.4|6|890.4
2350|550|1601|20|1.2|21.2|6|21.2
2351|550|1602|15|0.9|15.9|6|15.9
2352|550|3979|200|12|212|6|212
2353|550|3981|23|1.38|24.38|6|24.38
2354|550|3982|150|0|150|6|150
2355|550|3980|27|1.62|28.62|6|28.62
2356|550|4111|840|50.4|890.4|6|890.4
2357|551|3542|200|12|212|6|212
2358|551|3543|27|1.62|28.62|6|28.62
2359|551|3544|23|1.38|24.38|6|24.38
2360|551|3545|150|0|150|6|150
2361|552|4379|1110|0|1110|6|1110
2362|552|4380|309|0|309|6|309
2363|552|4381|18.87|1.13|20|6|20
